# ProBuilder 5.2.4
# https://unity3d.com/unity/features/worldbuilding/probuilder
# 23/11/2568 15:32:42

mtllib ./Vert.005.mtl
o Vert.005

g Vert.005
v -1.093157 0.6937429 0.03929153
v -1.092654 0.6911551 0.04520331
v -1.108888 0.6971111 0.0471739
v -1.117256 0.7013831 0.04520331
v -1.092151 0.6885673 0.05111509
v -1.116753 0.6987953 0.05111508
v -1.141356 0.7090234 0.05111507
v -1.125636 0.7055662 0.04323274
v -1.117776 0.7038376 0.03929156
v -1.141876 0.7114778 0.04520333
v -1.142395 0.7139323 0.03929159
v -0.9292706 0.1260717 0.03929159
v -0.9301673 0.1276031 0.04520333
v -0.9048761 0.1289628 0.04717392
v -0.891782 0.128877 0.04520334
v -0.9310641 0.1291344 0.05111507
v -0.8926788 0.1304084 0.05111508
v -0.8542935 0.1316823 0.05111509
v -0.8786184 0.1288455 0.04323274
v -0.8907809 0.1274272 0.03929156
v -0.8532923 0.1302325 0.04520331
v -0.8522912 0.1287826 0.03929153
v -0.08157203 -0.7505859 0.04544849
v -0.07109489 -0.7662432 0.04742501
v -0.06962749 -0.774873 0.04624718
v -0.07413235 -0.7713591 0.04467002
v -0.06061775 -0.7819005 0.04940153
v -0.06365521 -0.7870164 0.04664654
v -0.06669266 -0.7921323 0.04389154
v -0.1046755 -0.3821069 0.05111509
v -0.09466762 -0.4018556 0.05354935
v -0.09382556 -0.4103096 0.05273792
v -0.09840847 -0.4046623 0.05111508
v -0.08465973 -0.4216042 0.0559836
v -0.08840057 -0.4244109 0.05354933
v -0.09214142 -0.4272175 0.05111507
v 0.6810789 -0.8185895 0.05110035
v 0.7023654 -0.8119298 0.05356943
v 0.7111642 -0.8126065 0.05276972
v 0.7049203 -0.8162746 0.05113533
v 0.7236519 -0.8052701 0.05603851
v 0.7262068 -0.8096149 0.05360441
v 0.7287617 -0.8139597 0.05117031
v -1.038926 0.1314419 0.05111507
v -1.016485 0.1358258 0.05354933
v -1.007796 0.1344081 0.05273792
v -1.014672 0.1315073 0.05111508
v -0.9940445 0.1402098 0.05598358
v -0.9922308 0.1358913 0.05354933
v -0.990417 0.1315727 0.05111509
v -1.150057 0.1148862 0.05111507
v -1.121228 0.1232142 0.05354933
v -1.110574 0.1230506 0.05273792
v -1.119661 0.1188047 0.05111508
v -1.0924 0.1315423 0.05598358
v -1.090832 0.1271328 0.05354933
v -1.089265 0.1227232 0.05111509
v -1.200343 0.7232819 0.05111509
v -1.227596 0.7197213 0.05354935
v -1.237518 0.7221105 0.05273792
v -1.228852 0.7250853 0.05111508
v -1.254848 0.7161607 0.0559836
v -1.256105 0.7215247 0.05354933
v -1.257362 0.7268887 0.05111507
v -1.169478 0.7107867 0.05354933
v -1.179766 0.7149518 0.05273792
v -1.170849 0.7161527 0.05111508
v -1.1976 0.7125501 0.05598358
v -1.198971 0.717916 0.05354933
v -1.1154 0.693276 0.05354935
v -1.124052 0.6985251 0.05273792
v -1.13865 0.6979848 0.0559836
v -1.140003 0.7035041 0.05354933
v -1.043852 0.673551 0.05111507
v -1.066652 0.6753184 0.05354933
v -1.075151 0.6797347 0.05273792
v -1.068001 0.6810591 0.05111508
v -1.089451 0.6770858 0.05598358
v -1.090801 0.6828265 0.05354933
v -0.9841467 0.6740797 0.05111509
v -1.0126 0.6679068 0.05354935
v -1.023017 0.6697882 0.05273792
v -1.013999 0.6738153 0.05111508
v -1.041053 0.6617339 0.0559836
v -1.042452 0.6676425 0.05354933
v -0.177103 0.7682744 0.05111509
v -0.2082109 0.7730101 0.05354933
v -0.2181496 0.7779564 0.05273791
v -0.2075651 0.7780616 0.05111508
v -0.2393187 0.7777457 0.05598358
v -0.2386729 0.7827973 0.05354933
v -0.2380271 0.7878489 0.05111507
v 0.4164095 0.8277375 0.05111507
v 0.3926352 0.8311785 0.05354933
v 0.3848669 0.8353199 0.05273792
v 0.39287 0.83567 0.05111508
v 0.3688608 0.8346195 0.05598358
v 0.3690956 0.839111 0.05354933
v 0.3693304 0.8436025 0.05111509
v -0.1779008 0.7578161 0.05598358
v -0.1784085 0.7508005 0.05633134
v -0.1992767 0.7552592 0.05644726
v -0.2094568 0.7609963 0.05633134
v -0.1789162 0.7437848 0.0566791
v -0.2099645 0.7539808 0.0566791
v -0.2410128 0.7641767 0.0566791
v 0.4154569 0.8188108 0.0559836
v 0.4148123 0.8127708 0.05633135
v 0.3992835 0.8160024 0.05644726
v 0.3918414 0.8206381 0.05633134
v 0.4141678 0.806731 0.0566791
v 0.3911968 0.8145982 0.05667908
v 0.3682258 0.8224654 0.05667908
v 0.9251952 0.2370808 0.05483868
v 0.9190696 0.2793538 0.05492724
v 0.9194158 0.2965849 0.05469798
v 0.9226516 0.2840639 0.05453906
v 0.912944 0.3216268 0.05501581
v 0.9165261 0.3263369 0.05462763
v 0.9201081 0.3310471 0.05423944
v 0.9215521 0.2334 0.0552138
v 0.9186828 0.262809 0.05514781
v 0.9179091 0.2297193 0.05558893
v 0.9154266 0.2756731 0.05530237
v 0.9273257 0.1535088 0.05523176
v 0.9226174 0.191614 0.05541035
v 0.9234767 0.2067696 0.05521979
v 0.9262605 0.1952948 0.05503522
v 0.9231787 0.1505354 0.0555984
v 0.9214222 0.17693 0.05559525
v 0.9190317 0.147562 0.05596504
v 0.9184704 0.1886407 0.05577698
v 0.676707 -0.8099368 0.0559857
v 0.6737515 -0.8042316 0.05633733
v 0.6880883 -0.8007894 0.05646972
v 0.6967344 -0.8019208 0.0563601
v 0.670796 -0.7985265 0.05668898
v 0.6937789 -0.7962156 0.05671174
v 0.7167618 -0.7939047 0.0567345
v -0.07495598 -0.7400224 0.05095245
v -0.07047092 -0.7331197 0.05153762
v -0.06443916 -0.7449509 0.0512031
v -0.06366581 -0.7543178 0.05074325
v -0.06598587 -0.726217 0.05212278
v -0.05918075 -0.7474151 0.05132842
v -0.05237564 -0.768613 0.05053405
v -0.09681106 -0.3773648 0.05598358
v -0.09149295 -0.374135 0.05633133
v -0.08584266 -0.3874099 0.05644725
v -0.08567657 -0.3956623 0.05633134
v -0.08617485 -0.3709051 0.05667908
v -0.08035846 -0.3924325 0.05667908
v -0.07454208 -0.4139598 0.0566791
v -1.04223 0.1402438 0.0559836
v -1.044447 0.1462836 0.05633135
v -1.029266 0.1482202 0.05644726
v -1.020568 0.1461686 0.05633134
v -1.046664 0.1523235 0.0566791
v -1.022785 0.1522085 0.05667908
v -0.9989054 0.1520935 0.05667908
v -1.152852 0.1237057 0.0559836
v -1.15473 0.1297441 0.05633135
v -1.135358 0.1343727 0.05644726
v -1.124732 0.1336679 0.05633134
v -1.156609 0.1357824 0.0566791
v -1.126611 0.1397062 0.05667908
v -1.096613 0.14363 0.05667908
v -1.382977 0.2443325 0.0566791
v -1.381721 0.2655612 0.05667908
v -1.378931 0.2472743 0.05667909
v -1.378165 0.2275165 0.0566791
v -1.380464 0.2867899 0.05667908
v -1.376908 0.2487452 0.05667908
v -1.373353 0.2107006 0.0566791
v -1.385671 0.2709925 0.0566791
v -1.383935 0.2762583 0.05667909
v -1.388365 0.2976525 0.0566791
v -1.384414 0.2922212 0.05667908
v -1.303717 0.2749688 0.0566791
v -1.319227 0.2222559 0.05667908
v -1.327306 0.2404193 0.05667907
v -1.323591 0.2758574 0.05667907
v -1.334737 0.1695429 0.05667908
v -1.3391 0.2231445 0.05667906
v -1.343464 0.2767461 0.05667904
v -1.414901 0.5249208 0.0566791
v -1.411108 0.476506 0.0566791
v -1.413042 0.4789416 0.0566791
v -1.415906 0.5043669 0.0566791
v -1.407315 0.4280912 0.0566791
v -1.412113 0.455952 0.0566791
v -1.416911 0.4838129 0.0566791
v -1.40818 0.4850048 0.05667908
v -1.407892 0.4660336 0.05667909
v -1.401458 0.4450887 0.05667908
v -1.404387 0.43659 0.05667908
v -1.195728 0.7053798 0.05633133
v -1.214292 0.7041869 0.05644725
v -1.22451 0.7071756 0.05633134
v -1.193856 0.6982095 0.05667908
v -1.222638 0.7000053 0.05667908
v -1.25142 0.7018012 0.0566791
v -1.211007 0.6263428 0.05667908
v -1.224478 0.6514956 0.05667909
v -1.228157 0.5544762 0.0566791
v -1.239789 0.6281387 0.0566791
v -1.24559 0.2720588 0.05667904
v -1.236958 0.2057025 0.05667906
v -1.255805 0.1878627 0.05667907
v -1.269545 0.212121 0.05667907
v -1.228325 0.1393462 0.05667908
v -1.260912 0.1457647 0.05667908
v -1.2935 0.1521831 0.0566791
v -1.136797 0.6906267 0.05633135
v -1.155817 0.6931543 0.05644726
v -1.166253 0.6980971 0.05633134
v -1.134944 0.6832687 0.0566791
v -1.1644 0.690739 0.05667908
v -1.170303 0.552879 0.05667904
v -1.187479 0.4816026 0.05667906
v -1.201038 0.5058938 0.05667907
v -1.19923 0.5536776 0.05667907
v -1.204654 0.4103262 0.05667908
v -1.216406 0.4824012 0.05667908
v -1.087594 0.6694533 0.05633133
v -1.103377 0.6740584 0.05644725
v -1.112198 0.6801772 0.05633134
v -1.085736 0.6618208 0.05667908
v -1.11034 0.6725447 0.05667908
v -1.039119 0.6538961 0.05633135
v -1.054658 0.6565377 0.05644726
v -1.063395 0.6617774 0.05633134
v -1.037185 0.6460583 0.0566791
v -1.061461 0.6539395 0.05667908
v -1.092798 0.4058789 0.05667908
v -1.107239 0.3407341 0.05667906
v -1.120272 0.3642213 0.05667906
v -1.119567 0.4085372 0.05667908
v -1.121681 0.2755894 0.05667904
v -1.134009 0.3433924 0.05667906
v -1.146336 0.4111955 0.05667908
v -0.9812067 0.6622266 0.05598358
v -0.9791735 0.6543741 0.05633133
v -0.9985107 0.6516021 0.05644725
v -1.009196 0.6541424 0.05633134
v -0.9771405 0.6465215 0.05667908
v -1.007163 0.6462899 0.05667908
v -1.026711 0.5773152 0.0566791
v -1.039899 0.5594723 0.05667908
v -1.05173 0.5849224 0.05667907
v -1.016237 0.5085722 0.0566791
v -1.041255 0.5161794 0.05667907
v -1.066274 0.5237866 0.05667904
v -1.022859 0.2689229 0.05667904
v -1.034761 0.2106232 0.05667907
v -1.046543 0.2327043 0.05667908
v -1.046482 0.2728948 0.05667907
v -1.058384 0.2145951 0.0566791
v -1.070105 0.2768667 0.0566791
v -0.9679834 0.2600734 0.0566791
v -0.9543307 0.204567 0.0566791
v -0.9691889 0.1870759 0.05667909
v -0.9834444 0.2060834 0.05667908
v -0.9406781 0.1490607 0.0566791
v -0.9697917 0.1505771 0.05667908
v -0.9530157 0.5074476 0.05667904
v -0.9398854 0.4420523 0.05667906
v -0.9577753 0.4208035 0.05667906
v -0.9732853 0.4428769 0.05667906
v -0.9267551 0.3766569 0.05667908
v -0.960155 0.3774815 0.05667908
v -0.9935549 0.3783061 0.05667908
v -0.911845 0.3181642 0.05667906
v -0.9305578 0.2988006 0.05667907
v -0.9473693 0.3183652 0.05667908
v -0.8969349 0.2596715 0.05667904
v -0.9324592 0.2598724 0.05667907
v 0.3888548 0.7510298 0.0566791
v 0.3819785 0.7748417 0.05667909
v 0.3635419 0.6953287 0.0566791
v 0.3658838 0.7588971 0.05667908
v 0.5060245 0.7598368 0.05667847
v 0.5026366 0.7032911 0.05667723
v 0.4909359 0.6868013 0.05667785
v 0.4867795 0.7068292 0.05667878
v 0.4992487 0.6467454 0.05667599
v 0.4833916 0.6502835 0.05667754
v 0.4675345 0.6538216 0.0566791
v -0.05902996 -0.3562181 0.05667908
v -0.04778478 -0.3642302 0.05667909
v -0.05573463 -0.3755797 0.05667908
v -0.03188507 -0.3415311 0.0566791
v -0.02858974 -0.3608927 0.0566791
v -0.02529442 -0.3802543 0.0566791
v 0.7249713 0.6945491 0.05615692
v 0.6867954 0.6553498 0.05629408
v 0.6810406 0.6799594 0.05636192
v 0.6972512 0.7118639 0.05632725
v 0.6486195 0.6161504 0.05643125
v 0.6590753 0.6726645 0.05646442
v 0.6695311 0.7291785 0.05649759
v -0.0330838 -0.706955 0.05280067
v -0.03951441 -0.7275077 0.05204514
v -0.0001817322 -0.6876929 0.05347857
v -0.02627869 -0.728153 0.05200631
v 0.8649211 -0.04940254 0.05660307
v 0.8321506 -0.0543626 0.05662373
v 0.8277792 -0.03949961 0.05659769
v 0.8419785 -0.02958809 0.05657432
v 0.7993802 -0.05932266 0.0566444
v 0.8092082 -0.03454815 0.05659499
v 0.8190361 -0.009773635 0.05654558
v 0.2988275 -0.7828113 0.05501343
v 0.3015524 -0.7447889 0.05541249
v 0.3080687 -0.7340742 0.05554783
v 0.3099644 -0.747728 0.05541595
v 0.3042772 -0.7067665 0.05581156
v 0.3126893 -0.7097057 0.05581502
v 0.3211014 -0.7126448 0.05581848
v 0.3345929 -0.8059734 0.0551123
v 0.345619 -0.7667707 0.05553567
v 0.3495362 -0.7824429 0.05545595
v 0.3459816 -0.8098803 0.05520441
v 0.3566452 -0.727568 0.05595903
v 0.3570078 -0.7706776 0.05562777
v 0.3573704 -0.8137872 0.05529651
v 0.670601 -0.754866 0.05669847
v 0.6859879 -0.7678789 0.05671048
v 0.670406 -0.7112056 0.05670797
v 0.6935839 -0.7525551 0.05672124
v 0.5332184 -0.7353526 0.0566791
v 0.5211737 -0.6994249 0.0566791
v 0.524992 -0.6912084 0.05667907
v 0.5329235 -0.7050639 0.05667906
v 0.509129 -0.6634971 0.0566791
v 0.5208787 -0.6691362 0.05667906
v 0.5326285 -0.6747753 0.05667902
v 0.6302145 -0.7140098 0.05668424
v 0.6199619 -0.6589565 0.05668631
v 0.6367766 -0.6763729 0.05669354
v 0.6503103 -0.7126077 0.05669611
v 0.6097093 -0.6039034 0.05668838
v 0.6400577 -0.6575545 0.05669818
v 0.4931571 -0.6139532 0.05667913
v 0.4949523 -0.6011926 0.05667914
v 0.5038358 -0.6195842 0.05667911
v 0.4771853 -0.5644093 0.05667917
v 0.487864 -0.5700402 0.05667915
v 0.4985426 -0.5756712 0.05667913
v 0.5752751 -0.6015109 0.05668083
v 0.5613093 -0.6004899 0.05667974
v 0.539019 -0.5593385 0.05667942
v 0.5348567 -0.5392733 0.0566798
v 0.5473436 -0.5994689 0.05667866
v 0.5208909 -0.5382523 0.05667871
v 0.4944382 -0.4770357 0.05667877
v 0.5191166 -0.5833828 0.05667885
v 0.5067774 -0.5302093 0.05667881
v 0.5202995 -0.5532959 0.05667876
v 0.5332301 -0.5914259 0.05667875
v 0.5088297 -0.579527 0.05667899
v 0.4920562 -0.5399572 0.05667895
v 0.4888129 -0.5221001 0.05667887
v 0.4785259 -0.5182443 0.05667901
v 0.4585092 -0.4608173 0.05667888
v 0.5217031 -0.5060805 0.05667953
v 0.5353355 -0.5206029 0.0566799
v 0.4949171 -0.4583653 0.05667888
v 0.495396 -0.4396949 0.05667898
v 0.4009517 -0.5971357 0.05659208
v 0.400773 -0.5341067 0.05663138
v 0.4069117 -0.5527438 0.05663277
v 0.4100704 -0.5935768 0.05661381
v 0.4005942 -0.4710777 0.05667068
v 0.4098917 -0.5305478 0.05665311
v 0.4191891 -0.590018 0.05663553
v 0.3918785 -0.5175952 0.05662997
v 0.3947837 -0.5020894 0.05664354
v 0.3828053 -0.4380546 0.05666786
v 0.3916998 -0.4545661 0.05666927
v 0.3760827 -0.7260517 0.05609443
v 0.3808163 -0.6685101 0.05631822
v 0.3852329 -0.6852833 0.05629567
v 0.3850743 -0.7224406 0.05617251
v 0.3855499 -0.6109686 0.05654201
v 0.3898079 -0.664899 0.05639629
v 0.3940659 -0.7188295 0.05625057
v 0.7090309 -0.4596027 0.05672297
v 0.7076885 -0.4801778 0.05673413
v 0.675028 -0.4552607 0.05671984
v 0.6593689 -0.4325146 0.05670711
v 0.706346 -0.5007529 0.0567453
v 0.6580265 -0.4530898 0.05671828
v 0.6097069 -0.4054266 0.05669126
v 0.3560066 -0.6720117 0.05620386
v 0.3607635 -0.6518284 0.05629992
v 0.3634613 -0.6695148 0.05622555
v 0.355368 -0.6164554 0.05644869
v 0.3628227 -0.6139585 0.05647037
v 0.3702774 -0.6114616 0.05649206
v 0.3376875 -0.7214778 0.05586307
v 0.3465278 -0.6689667 0.05615588
v 0.3499002 -0.6885004 0.05609027
v 0.3471664 -0.7245229 0.05591105
v 0.3392089 -0.6648915 0.05614055
v 0.3445953 -0.6487462 0.05624326
v 0.3407303 -0.6083053 0.05641802
v 0.3480491 -0.6123804 0.05643335
v 0.3309158 -0.660475 0.05611825
v 0.333173 -0.6808093 0.05603319
v 0.3293945 -0.7170613 0.05584078
v 0.6612245 -0.4029013 0.05670298
v 0.6778321 -0.40873 0.05670238
v 0.710039 -0.439995 0.05671208
v 0.613418 -0.3461999 0.05668299
v 0.6622326 -0.3832936 0.05669209
v 0.7110472 -0.4203873 0.05670118
v 0.7008795 -0.3720741 0.05668615
v 0.7059634 -0.3962307 0.05669367
v 0.675115 -0.3795538 0.05669011
v 0.6571487 -0.359137 0.05668457
v 0.6526827 -0.3252953 0.05668262
v 0.6673758 -0.3256238 0.05668178
v 0.6988207 -0.3491773 0.05668313
v 0.6044859 -0.2785166 0.0566791
v 0.6506239 -0.3023986 0.0566796
v 0.6967619 -0.3262805 0.05668011
v 0.3082741 -0.6536209 0.05610655
v 0.3144172 -0.638337 0.05620561
v 0.3154903 -0.6572678 0.05610764
v 0.312271 -0.6004753 0.05640154
v 0.3194873 -0.6041222 0.05640263
v 0.3267035 -0.6077691 0.05640373
v 0.6883115 -0.2780254 0.05667984
v 0.6925367 -0.3021529 0.05667997
v 0.6631865 -0.2942742 0.05667968
v 0.6463987 -0.278271 0.05667946
v 0.2756212 -0.6092747 0.05642164
v 0.2920988 -0.5470222 0.05652472
v 0.2929678 -0.5672842 0.05648538
v 0.2851635 -0.6085415 0.05641416
v 0.3085763 -0.4847696 0.05662779
v 0.301641 -0.5462889 0.05651724
v 0.2947057 -0.6078082 0.05640669
v 0.6443431 -0.2458413 0.05668001
v 0.6601452 -0.2427387 0.05668044
v 0.6900303 -0.2572794 0.05668058
v 0.6003748 -0.2136572 0.05668018
v 0.6460619 -0.2250953 0.05668075
v 0.6917491 -0.2365334 0.05668131
v 0.6914375 -0.198647 0.05668388
v 0.6915933 -0.2175902 0.05668259
v 0.6611871 -0.2162792 0.05668179
v 0.6459062 -0.2061521 0.05668204
v 0.2882925 -0.5275453 0.0565341
v 0.2950538 -0.5132868 0.05656533
v 0.3009639 -0.4458159 0.05664656
v 0.3047701 -0.4652928 0.05663717
v 0.6206919 -0.1979867 0.05668176
v 0.6308504 -0.1901514 0.05668255
v 0.585319 -0.1976565 0.0566807
v 0.5702633 -0.1816558 0.05668121
v 0.234057 -0.6185712 0.05644621
v 0.2566389 -0.5553973 0.05654051
v 0.2555352 -0.5768896 0.05650839
v 0.2436923 -0.6192228 0.05644518
v 0.2792209 -0.4922233 0.05663481
v 0.2662743 -0.5560488 0.05653948
v 0.2533276 -0.6198744 0.05644415
v 0.254695 -0.5350059 0.05654791
v 0.2628703 -0.520745 0.05657688
v 0.2753329 -0.4514407 0.05664961
v 0.2772769 -0.471832 0.0566422
v 0.7853459 -0.1351036 0.05669498
v 0.7419169 -0.1364308 0.05669285
v 0.7300501 -0.1268306 0.056692
v 0.7458311 -0.1213669 0.05669264
v 0.6984878 -0.1377579 0.05669071
v 0.7024021 -0.122694 0.05669051
v 0.7063164 -0.1076301 0.05669031
v 0.7111182 -0.074636 0.05667374
v 0.7087172 -0.09113306 0.05668202
v 0.6758668 -0.09996699 0.05668415
v 0.660642 -0.09613542 0.05668107
v 0.6582411 -0.1126325 0.05668936
v 0.6101658 -0.1176348 0.0566884
v 0.6691489 -0.06924228 0.05666707
v 0.6893082 -0.05760994 0.05665414
v 0.7203726 -0.05449062 0.056651
v 0.6271796 -0.06384857 0.0566604
v 0.6784033 -0.0490969 0.05664434
v 0.7296269 -0.03434524 0.05662826
v 0.7443883 0.009990616 0.05654117
v 0.7370076 -0.01217731 0.05658472
v 0.7003983 -0.02940107 0.05660995
v 0.6857839 -0.02692898 0.05660079
v 0.7002449 0.008578567 0.05652928
v 0.7222883 0.0267716 0.05648824
v 0.7553817 0.03657414 0.05647365
v 0.6561015 0.007166519 0.05651739
v 0.7112383 0.03516209 0.05646176
v 0.7663751 0.06315766 0.05640613
v 0.7739844 0.1172858 0.05623842
v 0.7701797 0.09022171 0.05632228
v 0.7321537 0.06253665 0.05638732
v 0.7150429 0.06222614 0.0563779
v 0.04452694 -0.6458475 0.05450657
v 0.03967969 -0.6674955 0.05403851
v 0.01490173 -0.6992422 0.05329047
v 0.08923561 -0.6040021 0.05553457
v 0.0596104 -0.6573968 0.05431847
v 0.0299852 -0.7107915 0.05310238
v 0.721625 0.1040588 0.05627176
v 0.7412375 0.1292381 0.05619565
v 0.7772235 0.1484413 0.05614093
v 0.6692656 0.09083176 0.0563051
v 0.724864 0.1352143 0.05617427
v 0.7804625 0.1795969 0.05604343
v 0.7683302 0.2312112 0.05585741
v 0.7743964 0.205404 0.05595042
v 0.7393528 0.1672133 0.05606865
v 0.7187979 0.1610215 0.05608126
v 0.0691333 -0.580177 0.05565496
v 0.1011987 -0.5123495 0.05609574
v 0.1237298 -0.4835064 0.05624739
v 0.1189627 -0.5029986 0.05610283
v 0.1332641 -0.4445221 0.05653652
v 0.1510281 -0.4351711 0.05654361
v 0.1687921 -0.4258201 0.05655069
v 0.06157936 -0.5674002 0.05578737
v 0.08547427 -0.5264409 0.05603709
v 0.05402542 -0.5546235 0.05591978
v 0.09364475 -0.4995728 0.05622815
v 0.052985 -0.5187407 0.05622547
v 0.09312454 -0.4816314 0.05638099
v 0.0800915 -0.5059621 0.05622726
v 0.05350521 -0.5366821 0.05607263
v 0.7107551 0.1971169 0.05598393
v 0.7264268 0.2246214 0.05588335
v 0.7630503 0.2554208 0.05576979
v 0.6531801 0.1630225 0.05611046
v 0.7054752 0.2213265 0.05589632
v 0.7577704 0.2796305 0.05568218
v 0.7368886 0.3082959 0.05557756
v 0.7473295 0.2939632 0.05562987
v 0.7159464 0.2503163 0.05579007
v 0.6950343 0.2356592 0.05584401
v 0.05121147 -0.5075254 0.05634543
v 0.07703882 -0.4729993 0.05644322
v 0.09083927 -0.4613438 0.05643213
v 0.04943794 -0.4963101 0.05646539
v 0.08906574 -0.4501286 0.05655209
v 0.1286935 -0.403947 0.05663879
v 0.6840401 0.2573274 0.05579002
v 0.6983181 0.283852 0.05570553
v 0.7318813 0.3225985 0.05555705
v 0.6311917 0.2063589 0.05600248
v 0.6790329 0.27163 0.05576951
v 0.7268741 0.3369012 0.05553653
v -0.01735596 -0.5431244 0.05647239
v 0.01727936 -0.5074213 0.0565427
v 0.02799889 -0.5037175 0.05651694
v 0.01604099 -0.5197172 0.0564689
v 0.05191467 -0.4717182 0.05661301
v 0.05067631 -0.4840142 0.0565392
v 0.09030411 -0.4378326 0.0566259
v 0.07668205 -0.4573251 0.0565724
v -0.0222258 -0.520589 0.05665318
v 0.01484444 -0.4961536 0.05663309
v 0.004110973 -0.5118105 0.05657953
v -0.01979088 -0.5318567 0.05656279
v 0.712821 0.349984 0.05556755
v 0.7198476 0.3434426 0.05555204
v 0.6902956 0.297748 0.05570219
v 0.6720064 0.2781714 0.05578502
v 0.04903927 -0.4636322 0.05664191
v 0.07493667 -0.4339548 0.05665373
v 0.08932308 -0.423159 0.05664518
v 0.04616386 -0.4555463 0.05667082
v 0.08644767 -0.415073 0.05667409
v 0.1267315 -0.3745998 0.05667736
v -0.02755112 -0.5019643 0.05667908
v 0.008869744 -0.4687834 0.05667911
v 0.02130112 -0.4643711 0.05667635
v 0.009306374 -0.4787553 0.05667495
v 0.0452906 -0.4356025 0.05667915
v 0.04572723 -0.4455744 0.05667499
v -0.03234367 -0.4869241 0.0566791
v 0.006473465 -0.4612633 0.05667912
v -0.004868062 -0.4748303 0.05667911
v -0.0299474 -0.4944442 0.05667908
v 0.6447103 0.2435598 0.05588648
v 0.6514696 0.2621602 0.05582848
v 0.6106549 0.1903476 0.05604595
v 0.5901181 0.1743364 0.05608942
v 0.6983529 0.3819979 0.05569111
v 0.7037205 0.3764673 0.05564841
v 0.675258 0.3283587 0.05576488
v 0.658343 0.3070698 0.05584447
v 0.709088 0.3709367 0.05560572
v 0.6637105 0.3015392 0.05580177
v 0.618333 0.2321416 0.05599783
v 0.08362533 -0.3932098 0.05667902
v 0.106447 -0.3737981 0.05667888
v 0.09869045 -0.3852886 0.05667888
v 0.1219601 -0.3508171 0.05667888
v 0.1370252 -0.3428958 0.05667874
v 0.1520903 -0.3349746 0.0566786
v 0.04214741 -0.4301555 0.05667915
v 0.06875163 -0.4037094 0.05667906
v 0.03900421 -0.4247085 0.05667915
v 0.08048214 -0.3877628 0.05667902
v 0.6322829 0.2699866 0.05593245
v 0.6392577 0.2889091 0.05589976
v 0.5992477 0.213981 0.05605312
v 0.5801625 0.1958203 0.05610842
v -0.03427162 -0.4722865 0.0566791
v 0.003008576 -0.4410834 0.05667913
v 0.01500712 -0.4356251 0.05667914
v 0.002366295 -0.4484975 0.05667912
v 0.04028877 -0.4098803 0.05667917
v 0.03964649 -0.4172944 0.05667916
v -0.03453003 -0.4574029 0.0566791
v 0.002879372 -0.4336416 0.05667913
v -0.009504292 -0.4465232 0.05667912
v -0.03440082 -0.4648447 0.0566791
v 0.6711325 0.4217256 0.05598194
v 0.68161 0.4138223 0.05589145
v 0.6560818 0.3619964 0.05595104
v 0.6380789 0.3400351 0.05602608
v 0.6920874 0.405919 0.05580097
v 0.6485564 0.3321317 0.05593559
v 0.6050253 0.2583445 0.05607021
v 0.08037972 -0.3708674 0.05667904
v 0.1032808 -0.3530297 0.05667892
v 0.09468586 -0.3636172 0.05667893
v 0.1204707 -0.3318546 0.0566789
v 0.1347768 -0.3246044 0.0566788
v 0.1490829 -0.3173542 0.05667869
v 0.03867355 -0.4047393 0.05667916
v 0.06593926 -0.3804444 0.05667908
v 0.03705833 -0.3995983 0.05667915
v 0.0787645 -0.3657264 0.05667903
v 0.04155701 -0.3812979 0.05667915
v 0.08101383 -0.3565763 0.05667903
v 0.066362 -0.3709169 0.05667907
v 0.03930767 -0.3904481 0.05667915
v 0.6124485 0.3006119 0.05609514
v 0.61616 0.3217455 0.0561076
v 0.5831064 0.240055 0.05615173
v 0.5611876 0.2217654 0.05623325
v 0.7320102 0.5572982 0.05581154
v 0.6888837 0.5041294 0.05600449
v 0.6916777 0.5325 0.05605306
v 0.714638 0.5732697 0.05598087
v 0.6457571 0.4509605 0.05619743
v 0.6715114 0.5201008 0.05617382
v 0.6972657 0.5892411 0.05615021
v 0.04113491 -0.3721498 0.05667915
v 0.06815682 -0.3497098 0.05667906
v 0.08187881 -0.343064 0.05667902
v 0.04071281 -0.3630016 0.05667915
v 0.08145672 -0.3339158 0.05667902
v 0.1222006 -0.30483 0.05667888
v 0.0446936 -0.3345848 0.05667917
v 0.08344711 -0.3197074 0.05667903
v 0.06920235 -0.3341388 0.05667907
v 0.04270321 -0.3487932 0.05667916
v 0.04208115 -0.3192759 0.05667916
v 0.06878736 -0.299935 0.05667907
v 0.0834467 -0.297919 0.05667903
v 0.03946869 -0.303967 0.05667915
v 0.08083423 -0.2826101 0.05667902
v 0.1221998 -0.2612531 0.05667888
v -0.03922966 -0.2947079 0.0566791
v -0.0003635008 -0.2796952 0.05667913
v 0.0129139 -0.2877858 0.05667914
v 0.0001195148 -0.2993374 0.05667912
v 0.03850266 -0.2646826 0.05667917
v 0.03898567 -0.2843248 0.05667916
v 0.08035122 -0.2629679 0.05667903
v 0.06672371 -0.2766342 0.05667907
v 0.03472359 -0.2442117 0.05667916
v 0.06186788 -0.2305314 0.05667907
v 0.07732956 -0.2339267 0.05667903
v 0.03094452 -0.2237409 0.05667915
v 0.07355049 -0.2134559 0.05667902
v 0.1161565 -0.2031708 0.05667888
v 0.4585047 0.5757976 0.05667913
v 0.4466738 0.5549672 0.05667914
v 0.4452732 0.583564 0.05667912
v 0.4494749 0.4977735 0.05667917
v 0.4362434 0.50554 0.05667916
v 0.4230118 0.5133064 0.05667915
v 0.02798805 -0.1804824 0.05667917
v 0.07207225 -0.1918266 0.05667903
v 0.05836301 -0.2024647 0.05667907
v 0.02946629 -0.2021117 0.05667916
v 0.02184654 -0.1600865 0.05667916
v 0.04917926 -0.1535886 0.05667907
v 0.06591637 -0.1605375 0.05667903
v 0.01570503 -0.1396906 0.05667915
v 0.05977486 -0.1401416 0.05667902
v 0.1038447 -0.1405926 0.05667888
v 0.008286743 -0.0982938 0.05667917
v 0.05606571 -0.1194432 0.05667903
v 0.04261215 -0.1261923 0.05667907
v 0.01199589 -0.1189922 0.05667916
v 0.4049668 0.6820118 0.0566791
v 0.3820222 0.6074575 0.05667912
v 0.3758621 0.636748 0.05667911
v 0.3842543 0.6886703 0.0566791
v 0.3590776 0.5329033 0.05667915
v 0.3613097 0.614116 0.05667912
v 0.001194039 -0.07573305 0.05667916
v 0.0306116 -0.07620174 0.05667907
v 0.04886673 -0.08771646 0.05667903
v -0.005898666 -0.0531723 0.05667915
v 0.04177402 -0.06515571 0.05667902
v 0.08944672 -0.07713912 0.05667888
v -0.01040764 -0.01296928 0.05667917
v 0.03951954 -0.0450542 0.05667903
v 0.02438014 -0.04776024 0.05667907
v -0.008153153 -0.03307079 0.05667916
v -0.01406357 0.004229278 0.05667916
v 0.01767415 -0.004887365 0.05667907
v 0.03537098 -0.01804497 0.05667903
v -0.0177195 0.02142784 0.05667915
v 0.03171505 -0.0008464055 0.05667902
v 0.08114959 -0.02312065 0.05667888
v -0.0148378 0.0453923 0.05667917
v 0.0331559 0.01113582 0.05667903
v 0.01619743 0.0145665 0.05667907
v -0.01627865 0.03341007 0.05667916
v 0.1127164 0.480564 0.05667917
v 0.1380762 0.4964803 0.05667916
v 0.162464 0.4414912 0.05667907
v 0.161978 0.4060384 0.05667903
v 0.1634359 0.5123966 0.05667915
v 0.1873378 0.4219548 0.05667902
v 0.2112396 0.3315129 0.05667888
v -0.01651672 0.05796771 0.05667916
v 0.01587252 0.04355026 0.05667907
v 0.03290661 0.03005382 0.05667903
v -0.01819565 0.07054313 0.05667915
v 0.03122768 0.04262924 0.05667902
v 0.08065102 0.01471535 0.05667888
v 0.1728645 0.3552017 0.05667888
v 0.153677 0.3670461 0.05667888
v 0.2029386 0.2925206 0.05667874
v 0.1946375 0.2535283 0.0566786
v -0.0126606 0.09493599 0.05667917
v 0.03399521 0.05482567 0.05667903
v 0.01659826 0.06006482 0.05667907
v -0.01542812 0.08273956 0.05667916
v 0.03017189 0.4014055 0.05667915
v 0.0466452 0.4267709 0.05667915
v 0.07735403 0.3794231 0.05667906
v 0.08447178 0.3430666 0.05667902
v 0.06311851 0.4521362 0.05667915
v 0.1009451 0.3684319 0.05667902
v 0.1387717 0.2847276 0.05667888
v -0.0125267 0.1141533 0.05667916
v 0.01953985 0.09545863 0.05667907
v 0.03550617 0.07650261 0.05667903
v -0.01239281 0.1333707 0.05667915
v 0.03564007 0.09571995 0.05667902
v 0.08367294 0.05806923 0.05667888
v -0.005627823 0.175751 0.05667917
v 0.03902256 0.1169101 0.05667903
v 0.0218841 0.1223969 0.05667907
v -0.009010315 0.1545608 0.05667916
v 0.06345497 0.3063382 0.05667903
v 0.04383382 0.3212577 0.05667907
v 0.01738171 0.3762511 0.05667915
v 0.09673805 0.2112709 0.0566789
v 0.05066479 0.2811838 0.05667903
v 0.004591522 0.3510967 0.05667915
v -0.002184296 0.2863841 0.05667915
v 0.001203613 0.3187404 0.05667915
v 0.03304843 0.2829173 0.05667907
v 0.04727688 0.2488275 0.05667903
v -0.007065658 0.2038973 0.05667916
v 0.02386406 0.1781348 0.05667908
v 0.04004784 0.1511803 0.05667904
v -0.008503494 0.2320437 0.05667915
v 0.03861 0.1793267 0.05667903
v 0.0857235 0.1266097 0.0566789
v 0.0417696 0.2064969 0.05667903
v 0.0250119 0.2150125 0.05667907
v -0.005343894 0.2592139 0.05667915
v -0.1127415 0.7687093 -0.1142041
v -0.1120212 0.770045 -0.1829537
v -0.07865143 0.778907 -0.1829537
v -0.0792905 0.7777219 -0.1142041
v -0.111301 0.7713807 -0.2517033
v -0.07801235 0.7800921 -0.2517033
v -0.04472374 0.7888036 -0.2517033
v -0.04528164 0.787769 -0.1829537
v -0.04583954 0.7867344 -0.1142041
v -0.1141819 0.7660379 0.023295
v -0.1134617 0.7673736 -0.04545457
v -0.07992958 0.7765366 -0.04545458
v -0.08056866 0.7753514 0.02329499
v -0.04639748 0.7856996 -0.04545458
v -0.04695541 0.7846648 0.02329498
v -0.009809552 0.8021677 -0.1829537
v -0.01025143 0.8013482 -0.1142041
v -0.009367676 0.802987 -0.2517033
v 0.02598839 0.8171704 -0.2517033
v 0.02566254 0.8165662 -0.1829537
v 0.02533668 0.815962 -0.1142041
v -0.01069332 0.8005286 -0.04545458
v -0.01113522 0.7997091 0.02329499
v 0.02501083 0.8153577 -0.04545457
v 0.02468498 0.8147535 0.023295
v 0.0625482 0.8277271 -0.1829537
v 0.06231106 0.8272875 -0.1142041
v 0.06278534 0.8281668 -0.2517033
v 0.09958229 0.8391632 -0.2517033
v 0.09943386 0.8388882 -0.1829537
v 0.09928543 0.838613 -0.1142041
v 0.06207398 0.8268478 -0.04545458
v 0.06183689 0.826408 0.02329499
v 0.09913711 0.8383378 -0.04545458
v 0.0989888 0.8380626 0.02329498
v 0.1364568 0.8456727 -0.1829537
v 0.1363599 0.8454931 -0.1142041
v 0.1365536 0.8458523 -0.2517033
v 0.173525 0.8525413 -0.2517033
v 0.1734796 0.8524573 -0.1829537
v 0.1734343 0.8523732 -0.1142041
v 0.136263 0.8453135 -0.04545458
v 0.1361662 0.8451339 0.02329499
v 0.173389 0.8522892 -0.04545457
v 0.1733437 0.8522051 0.023295
v 0.2092315 0.8554787 -0.1829537
v 0.209206 0.8554315 -0.1142041
v 0.2092571 0.855526 -0.2517033
v 0.2449892 0.8585107 -0.2517033
v 0.2449834 0.8585002 -0.1829537
v 0.2449777 0.8584898 -0.1142041
v 0.2091805 0.8553842 -0.04545458
v 0.2091551 0.8553369 0.02329499
v 0.2449721 0.8584793 -0.04545458
v 0.2449664 0.8584687 0.02329498
v 0.2781178 0.8577442 -0.1829537
v 0.2781149 0.857739 -0.1142041
v 0.2781207 0.8577494 -0.2517033
v 0.3112522 0.8569881 -0.2517033
v 0.3112522 0.8569881 -0.1829537
v 0.3112521 0.8569881 -0.1142041
v 0.2781121 0.8577337 -0.04545458
v 0.2781093 0.8577285 0.02329499
v 0.3112522 0.8569882 -0.04545457
v 0.3112522 0.8569883 0.023295
v 0.3404003 0.8524011 -0.1829537
v 0.3404007 0.8524034 -0.1142041
v 0.3403999 0.8523988 -0.2517033
v 0.3695476 0.8478094 -0.2517033
v 0.3695485 0.847814 -0.1829537
v 0.3695493 0.8478187 -0.1142041
v 0.3404012 0.8524058 -0.04545458
v 0.3404016 0.8524083 0.02329499
v 0.3695502 0.8478236 -0.04545458
v 0.369551 0.8478284 0.02329498
v 0.3931919 0.8398125 -0.1829537
v 0.3931957 0.839834 -0.1142041
v 0.3931881 0.8397911 -0.2517033
v 0.4168285 0.8317728 -0.2517033
v 0.4168352 0.8318111 -0.1829537
v 0.416842 0.8318494 -0.1142041
v 0.3931995 0.8398558 -0.04545458
v 0.3932033 0.8398775 0.02329499
v 0.4168488 0.831888 -0.04545457
v 0.4168556 0.8319265 0.023295
v 0.4342853 0.8215261 -0.1829537
v 0.4342999 0.8216076 -0.1142041
v 0.4342706 0.8214446 -0.2517033
v 0.4517127 0.8111164 -0.2517033
v 0.4517353 0.811241 -0.1829537
v 0.4517578 0.8113657 -0.1142041
v 0.4343146 0.8216892 -0.04545458
v 0.4343292 0.821771 0.02329499
v 0.4517803 0.8114907 -0.04545458
v 0.4518028 0.8116155 0.02329498
v 0.4657734 0.8021886 -0.1829537
v 0.4658103 0.8023849 -0.1142041
v 0.4657365 0.8019924 -0.2517033
v 0.4797603 0.7928684 -0.2517033
v 0.4798115 0.7931362 -0.1829537
v 0.4798628 0.793404 -0.1142041
v 0.4658472 0.8025814 -0.04545458
v 0.4658841 0.8027779 0.02329499
v 0.4799141 0.7936722 -0.04545457
v 0.4799654 0.7939404 0.023295
v 0.4943908 0.7881863 -0.1829562
v 0.4944704 0.7885588 -0.1142059
v 0.4943112 0.7878137 -0.2517065
v 0.5088621 0.782759 -0.2517098
v 0.50897 0.7832364 -0.1829587
v 0.5090779 0.7837138 -0.1142076
v 0.49455 0.7889317 -0.04545557
v 0.4946296 0.7893046 0.02329475
v 0.5091859 0.7841913 -0.04545657
v 0.5092938 0.7846688 0.0232945
v 0.5292585 0.7802856 -0.1829763
v 0.5294405 0.7809263 -0.1142199
v 0.5290765 0.7796449 -0.2517327
v 0.5492909 0.7765308 -0.2517556
v 0.549547 0.7773348 -0.1829939
v 0.5498031 0.7781388 -0.1142322
v 0.5296226 0.781567 -0.04546352
v 0.5298046 0.7822078 0.02329287
v 0.5500593 0.7789428 -0.04547047
v 0.5503154 0.7797468 0.02329122
v 0.5787764 0.7727863 -0.1830692
v 0.5791633 0.7738415 -0.1142874
v 0.5783895 0.7717311 -0.2518509
v 0.6074881 0.7669315 -0.2519462
v 0.6080058 0.7682378 -0.1831445
v 0.6085235 0.7695441 -0.1143427
v 0.5795503 0.7748967 -0.04550567
v 0.5799373 0.7759519 0.02327607
v 0.6090413 0.7708505 -0.04554088
v 0.6095592 0.772157 0.02326092
v 0.6404467 0.757494 -0.1834306
v 0.641055 0.7591632 -0.1145612
v 0.6398384 0.7558248 -0.2523
v 0.6721887 0.7447181 -0.2526538
v 0.6728876 0.7467502 -0.1837167
v 0.6735865 0.7487823 -0.1147797
v 0.6416634 0.7608325 -0.04569173
v 0.6422719 0.7625018 0.02317771
v 0.6742855 0.7508144 -0.04584258
v 0.6749846 0.7528466 0.0230945
v 0.7013947 0.7273449 -0.1843242
v 0.702058 0.729846 -0.1152504
v 0.7007313 0.7248436 -0.253398
v 0.7292738 0.7049692 -0.2541423
v 0.7299017 0.7079395 -0.1849317
v 0.7305295 0.7109098 -0.1157211
v 0.7027216 0.7323472 -0.04617651
v 0.7033851 0.7348484 0.02289735
v 0.7311576 0.7138799 -0.04651043
v 0.7317857 0.7168502 0.02270019
v 0.750628 0.6869329 -0.1856901
v 0.7511599 0.6903609 -0.1163198
v 0.7500961 0.6835049 -0.2550604
v 0.7709184 0.6620406 -0.2559785
v 0.7713544 0.6659263 -0.1864485
v 0.7717903 0.6698121 -0.1169186
v 0.7516921 0.6937889 -0.04694954
v 0.7522242 0.6972167 0.02242075
v 0.7722265 0.6736977 -0.04738865
v 0.7726626 0.6775834 0.0221413
v 0.782631 0.65053 -0.1871548
v 0.7829964 0.6547496 -0.1174938
v 0.7822655 0.6463104 -0.2568158
v 0.7936127 0.6305802 -0.257653
v 0.7939076 0.6351337 -0.187861
v 0.7942026 0.6396872 -0.1180691
v 0.783362 0.6589693 -0.04783285
v 0.7837276 0.6631888 0.02182812
v 0.7944976 0.6442407 -0.04827706
v 0.7947926 0.6487943 0.02151493
v 0.7994814 0.6236359 -0.1884617
v 0.7997459 0.6284205 -0.1185722
v 0.7992169 0.6188514 -0.2583512
v 0.8048211 0.6071227 -0.2590493
v 0.8050552 0.6121382 -0.1890623
v 0.8052893 0.6171537 -0.1190754
v 0.8000106 0.633205 -0.0486827
v 0.8002752 0.6379895 0.0212068
v 0.8055235 0.6221692 -0.04908834
v 0.8057578 0.6271847 0.02089867
v 0.8094769 0.6012579 -0.1895491
v 0.8097172 0.6064516 -0.119491
v 0.8092365 0.5960642 -0.2596071
v 0.8136519 0.5850057 -0.2601649
v 0.8138984 0.5903776 -0.1900357
v 0.814145 0.5957496 -0.1199066
v 0.8099576 0.6116453 -0.04943293
v 0.8101981 0.616839 0.02062512
v 0.8143917 0.6011214 -0.04977753
v 0.8146385 0.6064933 0.02035158
v 0.8195183 0.5794778 -0.1904304
v 0.8198035 0.5850101 -0.1202486
v 0.8192332 0.5739456 -0.2606122
v 0.8248144 0.5628856 -0.2610595
v 0.8251382 0.5685781 -0.190825
v 0.8254619 0.5742705 -0.1205906
v 0.8200888 0.5905422 -0.05006683
v 0.8203742 0.5960745 0.02011497
v 0.8257859 0.5799631 -0.05035612
v 0.8261099 0.5856556 0.01987835
v 0.8334229 0.5571443 -0.1911206
v 0.8338304 0.5629917 -0.1208506
v 0.8330155 0.5512968 -0.2613906
v 0.8412166 0.539708 -0.2617216
v 0.8417077 0.5457104 -0.1914162
v 0.8421988 0.5517129 -0.1211107
v 0.8342379 0.5688392 -0.05058067
v 0.8346455 0.5746866 0.0196893
v 0.84269 0.5577153 -0.05080521
v 0.8431811 0.5637177 0.01950026
v 0.8527883 0.531072 -0.1914596
v 0.8534903 0.5371623 -0.121163
v 0.8520864 0.5249818 -0.2617562
v 0.8629562 0.5102556 -0.2617907
v 0.863869 0.5164336 -0.191503
v 0.8647818 0.5226117 -0.1212153
v 0.8541923 0.5432525 -0.05086644
v 0.8548943 0.5493428 0.01943012
v 0.8656946 0.5287898 -0.05092768
v 0.8666074 0.5349678 0.01935999
v 0.8769618 0.4952817 -0.1911502
v 0.878198 0.5014032 -0.1209415
v 0.8757255 0.4891602 -0.261359
v 0.8884948 0.4680648 -0.2609273
v 0.8900545 0.4741298 -0.1907974
v 0.8916142 0.4801948 -0.1206676
v 0.8794342 0.5075247 -0.05073271
v 0.8806704 0.5136462 0.01947605
v 0.8931739 0.4862597 -0.05053774
v 0.8947335 0.4923246 0.01959211
v 0.9020517 0.4427587 -0.1900862
v 0.9035763 0.4485573 -0.1200957
v 0.9005272 0.4369602 -0.2600766
v 0.9125595 0.4058555 -0.2592259
v 0.9140489 0.4113877 -0.1893749
v 0.9155383 0.4169199 -0.1195239
v 0.9051008 0.4543559 -0.05010531
v 0.9066253 0.4601544 0.01988511
v 0.9170277 0.4224521 -0.04967289
v 0.9185171 0.4279843 0.02017811
v 0.9218434 0.3684112 -0.1884335
v 0.9226918 0.3734517 -0.1187568
v 0.9209949 0.3633707 -0.2581101
v 0.9294304 0.3208858 -0.2569944
v 0.9296378 0.3254347 -0.187492
v 0.9298453 0.3299836 -0.1179897
v 0.9235402 0.3784923 -0.04908015
v 0.9243886 0.3835328 0.0205965
v 0.9300527 0.3345325 -0.04848741
v 0.9302601 0.3390813 0.0210149
v 0.9324481 0.2791404 -0.1866294
v 0.9325128 0.2831444 -0.1172813
v 0.9323834 0.2751364 -0.2559776
v 0.9353364 0.229387 -0.2549609
v 0.9352584 0.2328461 -0.1857668
v 0.9351804 0.2363052 -0.1165728
v 0.9325775 0.2871484 -0.04793312
v 0.9326422 0.2911524 0.02141504
v 0.9351023 0.2397643 -0.04737882
v 0.9350244 0.2432234 0.02181518
v 0.9329112 0.1916879 -0.1852442
v 0.9341008 0.1947192 -0.1161384
v 0.9317214 0.1886566 -0.25435
v 0.9281065 0.1479261 -0.2537391
v 0.9305639 0.1505297 -0.1847216
v 0.9330212 0.1531333 -0.115704
v 0.9352905 0.1977505 -0.04703259
v 0.9364802 0.2007819 0.02207321
v 0.9354787 0.1557368 -0.04668637
v 0.9379361 0.1583403 0.02233124
v 0.9229932 0.113951 -0.184428
v 0.9269209 0.1162203 -0.1154537
v 0.9190655 0.1116816 -0.2534023
v 0.9100244 0.07543717 -0.2530654
v 0.9154225 0.07737221 -0.1841344
v 0.9208206 0.07930725 -0.1152034
v 0.9308486 0.1184895 -0.04647934
v 0.9347763 0.1207587 0.02249497
v 0.9262185 0.08124222 -0.04627232
v 0.9316165 0.08317719 0.02265871
v 0.9037131 0.04351307 -0.1839039
v 0.9094689 0.04514927 -0.115003
v 0.8979573 0.04187687 -0.2528049
v 0.8858902 0.008316574 -0.2525445
v 0.8920037 0.009653931 -0.1836735
v 0.8981172 0.01099129 -0.1148026
v 0.9152246 0.04678541 -0.04610195
v 0.9209803 0.04842155 0.02279906
v 0.9042307 0.01232861 -0.04593157
v 0.9103442 0.01366592 0.02293941
v 0.8817376 -0.01954798 -0.1834924
v 0.8874712 -0.01847584 -0.1146456
v 0.8760039 -0.02062012 -0.2523393
v 0.8661175 -0.04955681 -0.2521341
v 0.8714714 -0.04874989 -0.1833114
v 0.8768252 -0.04794296 -0.1144887
v 0.893205 -0.01740368 -0.04579876
v 0.8989388 -0.01633152 0.02304808
v 0.8821793 -0.04713596 -0.04566596
v 0.8875334 -0.04632896 0.02315676
v 0.8674344 -0.07149946 -0.1831969
v 0.8723367 -0.07091428 -0.1143932
v 0.8625321 -0.07208464 -0.2520005
v 0.8589467 -0.09461246 -0.251867
v 0.8633975 -0.09424904 -0.1830824
v 0.8678483 -0.09388561 -0.1142977
v 0.8772392 -0.07032906 -0.04558954
v 0.8821417 -0.06974384 0.02321413
v 0.8722992 -0.09352216 -0.04551312
v 0.87675 -0.09315872 0.0232715
v 0.8626958 -0.1131189 -0.1830238
v 0.8667601 -0.1129342 -0.114252
v 0.8586314 -0.1133036 -0.2517957
v 0.858316 -0.1319947 -0.2517244
v 0.8619939 -0.1319887 -0.1829653
v 0.8656718 -0.1319827 -0.1142062
v 0.8708246 -0.1127494 -0.04548012
v 0.874889 -0.1125647 0.02329173
v 0.8693498 -0.1319767 -0.04544713
v 0.8730279 -0.1319707 0.02331196
v 0.8605125 -0.1505442 -0.1829451
v 0.8638632 -0.1506814 -0.1141917
v 0.8571618 -0.1504069 -0.2516985
v 0.8560075 -0.1688192 -0.2516727
v 0.8590311 -0.1690996 -0.1829249
v 0.8620546 -0.1693801 -0.1141772
v 0.867214 -0.1508186 -0.04543827
v 0.8705648 -0.1509558 0.02331514
v 0.8650781 -0.1696605 -0.04542942
v 0.8681017 -0.169941 0.02331833
v 0.8554516 -0.1905092 -0.1829253
v 0.8581586 -0.1909238 -0.1141786
v 0.8527447 -0.1900946 -0.2516719
v 0.8494819 -0.2113702 -0.2516711
v 0.8518722 -0.2119189 -0.1829256
v 0.8542625 -0.2124676 -0.1141801
v 0.8608655 -0.1913384 -0.045432
v 0.8635725 -0.1917529 0.02331464
v 0.856653 -0.2130162 -0.04543458
v 0.8590434 -0.2135649 0.02331095
v 0.8466626 -0.2387089 -0.1829257
v 0.848709 -0.2393816 -0.1141815
v 0.8446164 -0.2380363 -0.2516699
v 0.8397508 -0.2647024 -0.2516688
v 0.8414532 -0.265499 -0.1829259
v 0.8431555 -0.2662956 -0.114183
v 0.8507555 -0.2400542 -0.04543732
v 0.8528018 -0.2407268 0.0233069
v 0.8448578 -0.2670922 -0.04544006
v 0.8465602 -0.2678887 0.02330286
v 0.8394276 -0.2980235 -0.1828932
v 0.840806 -0.2988044 -0.1141621
v 0.8380491 -0.2972426 -0.2516243
v 0.8363473 -0.3297827 -0.2515798
v 0.837402 -0.3305479 -0.1828605
v 0.8384566 -0.3313131 -0.1141412
v 0.8421847 -0.2995853 -0.04543094
v 0.8435633 -0.3003661 0.02330017
v 0.8395115 -0.3320783 -0.04542184
v 0.8405664 -0.3328435 0.02329748
v 0.8426241 -0.3681974 -0.1827486
v 0.8434224 -0.3686453 -0.1140644
v 0.8418257 -0.3677494 -0.2514328
v 0.847304 -0.4057162 -0.2512859
v 0.8478462 -0.4058468 -0.1826368
v 0.8483882 -0.4059775 -0.1139877
v 0.8442208 -0.3690932 -0.0453802
v 0.8450192 -0.3695412 0.02330401
v 0.8489301 -0.4061081 -0.04533856
v 0.849472 -0.4062388 0.02331055
v 0.8570305 -0.4463311 -0.1823564
v 0.8573433 -0.4456794 -0.113783
v 0.8567176 -0.4469828 -0.2509298
v 0.8661311 -0.4882495 -0.2505738
v 0.8662148 -0.4868154 -0.1820761
v 0.8662985 -0.4853813 -0.1135784
v 0.8576562 -0.4450276 -0.04520967
v 0.857969 -0.4443759 0.02336371
v 0.8663822 -0.4839472 -0.04508078
v 0.866466 -0.482513 0.02341688
v 0.8744349 -0.527095 -0.1815839
v 0.8742746 -0.5243783 -0.1132082
v 0.8745954 -0.5298117 -0.2499595
v 0.8830597 -0.5713739 -0.2493453
v 0.8826551 -0.5673746 -0.1810917
v 0.8822507 -0.5633753 -0.1128381
v 0.8741142 -0.5216615 -0.04483262
v 0.8739538 -0.5189449 0.023543
v 0.8818462 -0.559376 -0.04458447
v 0.8814417 -0.5553766 0.02366913
v 0.8857706 -0.6030936 -0.1805709
v 0.885143 -0.5977916 -0.1124403
v 0.8863981 -0.6083955 -0.2487016
v 0.8897365 -0.6454171 -0.2480579
v 0.888886 -0.6388125 -0.1800502
v 0.8880354 -0.6322079 -0.1120426
v 0.8845155 -0.5924897 -0.0443097
v 0.8838881 -0.5871877 0.02382092
v 0.887185 -0.6256033 -0.04403493
v 0.8863345 -0.6189988 0.02397272
v 0.8839398 -0.6669096 -0.1797192
v 0.8829399 -0.6594679 -0.1117843
v 0.8849397 -0.6743513 -0.247654
v 0.8801428 -0.7032855 -0.2472502
v 0.8789936 -0.6950066 -0.1793881
v 0.8778445 -0.6867278 -0.111526
v 0.8819402 -0.6520261 -0.04384946
v 0.8809406 -0.6445844 0.02408539
v 0.8766955 -0.678449 -0.043664
v 0.8755466 -0.6701701 0.02419806
v 0.866982 -0.7189161 -0.1793773
v 0.8657958 -0.7102573 -0.1115147
v 0.8681682 -0.7275749 -0.2472399
v 0.8561935 -0.7518644 -0.2472298
v 0.8549703 -0.7428256 -0.1793665
v 0.8537471 -0.7337868 -0.1115033
v 0.8646098 -0.7015985 -0.04365204
v 0.8634238 -0.6929396 0.02421061
v 0.852524 -0.724748 -0.04364008
v 0.851301 -0.7157091 0.02422316
v 0.8377806 -0.7658207 -0.1797224
v 0.8366488 -0.7567385 -0.1117806
v 0.8389124 -0.7749028 -0.2476643
v 0.8216311 -0.7979412 -0.2480988
v 0.8205908 -0.7888158 -0.1800783
v 0.8195505 -0.7796904 -0.1120579
v 0.8355172 -0.7476565 -0.04383877
v 0.8343855 -0.7385743 0.02410306
v 0.8185103 -0.7705649 -0.04403747
v 0.8174701 -0.7614395 0.02398296
v 0.7997239 -0.8070293 -0.1805981
v 0.7988443 -0.7981226 -0.1124627
v 0.8006033 -0.815936 -0.2487334
v 0.7795753 -0.8339309 -0.2493681
v 0.7788568 -0.8252429 -0.1811178
v 0.7781383 -0.8165548 -0.1128675
v 0.7979649 -0.7892159 -0.04432736
v 0.7970855 -0.7803092 0.02380799
v 0.7774197 -0.8078669 -0.04461725
v 0.776701 -0.7991789 0.02363302
v 0.7557064 -0.8342804 -0.1815722
v 0.7551321 -0.8260072 -0.113217
v 0.7562808 -0.8425536 -0.2499275
v 0.7329863 -0.8511763 -0.2504869
v 0.732556 -0.843318 -0.1820267
v 0.7321258 -0.8354596 -0.1135664
v 0.7545576 -0.8177341 -0.0448617
v 0.7539832 -0.809461 0.02349357
v 0.7316956 -0.8276014 -0.04510615
v 0.7312654 -0.8197431 0.02335411
v 0.708475 -0.8438157 -0.1823309
v 0.708053 -0.8364921 -0.1137937
v 0.708897 -0.8511393 -0.2508681
v 0.6848077 -0.8511024 -0.2512494
v 0.6843939 -0.8443135 -0.1826351
v 0.6839801 -0.8375245 -0.1140209
v 0.707631 -0.8291684 -0.0452564
v 0.7072091 -0.8218448 0.02328086
v 0.6835665 -0.8307356 -0.04540664
v 0.6831527 -0.8239466 0.02320761
v 0.6611502 -0.8382068 -0.1827644
v 0.6605151 -0.8319819 -0.1141079
v 0.6617852 -0.8444316 -0.2514209
v 0.6387628 -0.8377609 -0.2515925
v 0.6379064 -0.8321002 -0.1828938
v 0.63705 -0.8264393 -0.114195
v 0.65988 -0.825757 -0.04545143
v 0.6592449 -0.8195322 0.02320509
v 0.6361935 -0.8207785 -0.04549621
v 0.6353371 -0.8151178 0.02320257
v 0.6189712 -0.8214899 -0.18292
v 0.6177049 -0.8162864 -0.1142034
v 0.6202375 -0.8266933 -0.2516365
v 0.6017122 -0.8156256 -0.2516806
v 0.600036 -0.8108796 -0.1829462
v 0.5983598 -0.8061336 -0.1142118
v 0.6164387 -0.8110831 -0.04548682
v 0.6151725 -0.8058797 0.02322975
v 0.5966839 -0.8013876 -0.04547743
v 0.5950079 -0.7966416 0.02325693
v 0.5876962 -0.7989519 -0.1829502
v 0.5854633 -0.7943931 -0.1142099
v 0.589929 -0.8035106 -0.2516905
v 0.5781459 -0.7913956 -0.2517004
v 0.5753564 -0.787024 -0.1829542
v 0.5725668 -0.7826525 -0.114208
v 0.5832307 -0.7898343 -0.04546962
v 0.5809981 -0.7852755 0.02327067
v 0.5697775 -0.778281 -0.0454618
v 0.5669882 -0.7739094 0.02328441
v 0.5654582 -0.7811396 -0.1829568
v 0.561873 -0.7764582 -0.1142118
v 0.5690435 -0.7858211 -0.2517019
v 0.5599411 -0.7802465 -0.2517033
v 0.5555601 -0.7752552 -0.1829594
v 0.5511791 -0.7702639 -0.1142156
v 0.5582878 -0.7717767 -0.04546675
v 0.5547026 -0.7670953 0.02327829
v 0.5467981 -0.7652726 -0.04547169
v 0.5424171 -0.7602813 0.02327217
v 0.5435676 -0.7810563 -0.1829674
v 0.5381291 -0.7751392 -0.1142314
v 0.549006 -0.7869734 -0.2517033
v 0.538071 -0.7937003 -0.2517033
v 0.5315751 -0.7868575 -0.1829753
v 0.5250792 -0.7800146 -0.1142473
v 0.5326907 -0.7692221 -0.0454955
v 0.5272523 -0.7633051 0.02324042
v 0.5185833 -0.7731717 -0.04551931
v 0.5120874 -0.7663289 0.02320867
v 0.5178635 -0.7989362 -0.1829996
v 0.5104377 -0.7909292 -0.1142958
v 0.5252894 -0.8069434 -0.2517033
v 0.5125078 -0.8201864 -0.2517033
v 0.504152 -0.8110151 -0.1830238
v 0.4957962 -0.8018438 -0.1143443
v 0.5030119 -0.7829221 -0.04559208
v 0.4955862 -0.774915 0.02311166
v 0.4874406 -0.7926724 -0.04566485
v 0.4790849 -0.7835011 0.02301464
v 0.4902007 -0.8225797 -0.1830715
v 0.4814426 -0.8124483 -0.1144398
v 0.4989588 -0.8327112 -0.2517033
v 0.4854098 -0.8452359 -0.2517033
v 0.4762495 -0.8341443 -0.1831193
v 0.4670891 -0.8230527 -0.1145353
v 0.4726846 -0.8023168 -0.04580808
v 0.4639266 -0.7921853 0.02282366
v 0.4579287 -0.8119611 -0.04595131
v 0.4487684 -0.8008695 0.02263268
v 0.4630421 -0.8439161 -0.1831782
v 0.4540383 -0.8322755 -0.1146531
v 0.4720458 -0.8555567 -0.2517033
v 0.4586819 -0.8658775 -0.2517033
v 0.4498346 -0.8536879 -0.1832371
v 0.4409875 -0.8414983 -0.1147708
v 0.4450345 -0.8206349 -0.04612795
v 0.4360308 -0.8089943 0.02239716
v 0.4321404 -0.8293087 -0.04630458
v 0.4232932 -0.8171191 0.02216166
v 0.4376691 -0.8614655 -0.1832929
v 0.4294484 -0.849221 -0.1148826
v 0.4458898 -0.8737099 -0.2517033
v 0.4330977 -0.8815422 -0.2517033
v 0.4255036 -0.869243 -0.1833488
v 0.4179094 -0.8569437 -0.1149943
v 0.4212278 -0.8369766 -0.0464722
v 0.4130072 -0.8247322 0.02193816
v 0.4103153 -0.8446445 -0.04663983
v 0.4027212 -0.8323452 0.02171467
v 0.4124292 -0.8736197 -0.1834
v 0.4057302 -0.8615824 -0.1150967
v 0.4191281 -0.885657 -0.2517033
v 0.4051585 -0.8897718 -0.2517033
v 0.3993548 -0.8779964 -0.1834511
v 0.393551 -0.8662211 -0.115199
v 0.3990313 -0.8495451 -0.04679332
v 0.3923324 -0.8375078 0.02151002
v 0.3877474 -0.8544457 -0.04694681
v 0.3819437 -0.8426703 0.02130537
v 0.3839335 -0.8775882 -0.1834976
v 0.379085 -0.8661844 -0.1152919
v 0.3887819 -0.888992 -0.2517033
v 0.3724052 -0.8882121 -0.2517033
v 0.3685122 -0.8771799 -0.183544
v 0.364619 -0.8661477 -0.1153848
v 0.3742368 -0.8547806 -0.04708615
v 0.3693885 -0.8433768 0.02111956
v 0.3607261 -0.8551155 -0.0472255
v 0.3568332 -0.8440833 0.02093376
v 0.3536042 -0.8718965 -0.1835803
v 0.3506013 -0.86128 -0.1154573
v 0.3566071 -0.8825129 -0.2517033
v 0.3408089 -0.8768137 -0.2517033
v 0.3386963 -0.866613 -0.1836165
v 0.3365836 -0.8564124 -0.1155298
v 0.3475986 -0.8506636 -0.04733426
v 0.3445958 -0.8400471 0.02078876
v 0.334471 -0.8462116 -0.04744301
v 0.3323585 -0.8360109 0.02064375
v 0.3269913 -0.8578993 -0.1836368
v 0.3256254 -0.8481413 -0.1155703
v 0.3283572 -0.8676573 -0.2517033
v 0.3159054 -0.858501 -0.2517033
v 0.3152863 -0.8491856 -0.1836571
v 0.3146672 -0.8398702 -0.1156109
v 0.3242595 -0.8383831 -0.04750383
v 0.3228936 -0.8286251 0.02056267
v 0.314048 -0.8305547 -0.04756464
v 0.3134288 -0.8212393 0.02048159
v 0.3044928 -0.843332 -0.1836599
v 0.3045036 -0.8345203 -0.1156164
v 0.3044822 -0.8521436 -0.2517033
v 0.2930589 -0.8457863 -0.2517033
v 0.2936994 -0.8374784 -0.1836626
v 0.2943399 -0.8291705 -0.1156219
v 0.3045141 -0.8257086 -0.04757294
v 0.3045247 -0.816897 0.0204705
v 0.2949803 -0.8208626 -0.04758125
v 0.2956207 -0.8125547 0.02045942
v 0.2807764 -0.8397133 -0.1836509
v 0.2819462 -0.8319722 -0.1155984
v 0.2796065 -0.8474543 -0.2517033
v 0.266154 -0.8491223 -0.2517033
v 0.2678533 -0.8419482 -0.1836391
v 0.2695525 -0.8347739 -0.1155749
v 0.2831161 -0.8242311 -0.04754598
v 0.2842859 -0.8164901 0.02050646
v 0.2712518 -0.8275998 -0.04751071
v 0.2729511 -0.8204256 0.02055349
v 0.2517405 -0.8484049 -0.1836295
v 0.2537408 -0.8416826 -0.1155556
v 0.2497401 -0.8551272 -0.2517033
v 0.2333263 -0.8611321 -0.2517033
v 0.2356277 -0.8548617 -0.1836198
v 0.2379291 -0.8485913 -0.1155364
v 0.2557411 -0.8349603 -0.04748179
v 0.2577415 -0.8282381 0.02059205
v 0.2402305 -0.8423209 -0.04745288
v 0.2425319 -0.8360506 0.02063061
v 0.2168664 -0.8601217 -0.1836307
v 0.2191412 -0.8540305 -0.1155582
v 0.2145916 -0.866213 -0.2517033
v 0.1958569 -0.8712938 -0.2517033
v 0.1981051 -0.8653817 -0.1836416
v 0.2003533 -0.8594697 -0.11558
v 0.221416 -0.8479393 -0.04748561
v 0.2236907 -0.8418481 0.02058696
v 0.2026015 -0.8535577 -0.04751835
v 0.2048496 -0.8476456 0.02054331
v 0.1816613 -0.8669127 -0.1836849
v 0.183715 -0.8610104 -0.1156666
v 0.1796076 -0.8728149 -0.2517033
v 0.1633583 -0.8743361 -0.2517033
v 0.1652175 -0.8684436 -0.1837282
v 0.1670766 -0.8625511 -0.1157531
v 0.1857686 -0.8551081 -0.0476482
v 0.1878223 -0.8492059 0.02037018
v 0.1689358 -0.8566586 -0.04777804
v 0.170795 -0.8507661 0.02019705
v 0.1552214 -0.8655924 -0.1838113
v 0.1568983 -0.8596858 -0.1159193
v 0.1535445 -0.8714992 -0.2517033
v 0.1437307 -0.8686622 -0.2517033
v 0.1452253 -0.8627414 -0.1838944
v 0.1467199 -0.8568204 -0.1160854
v 0.1585751 -0.8537791 -0.04802725
v 0.160252 -0.8478724 0.01986476
v 0.1482145 -0.8508996 -0.04827647
v 0.1497091 -0.8449787 0.01953247
v 0.1380408 -0.8594867 -0.1840136
v 0.1393672 -0.8535804 -0.1163239
v 0.1367144 -0.865393 -0.2517033
v 0.129698 -0.8621238 -0.2517033
v 0.1308563 -0.8562321 -0.1841328
v 0.1320145 -0.8503404 -0.1165624
v 0.1406937 -0.8476741 -0.04863419
v 0.1420202 -0.8417678 0.01905552
v 0.1331729 -0.8444487 -0.0489919
v 0.1343312 -0.838557 0.01857857
v 0.1218569 -0.8562596 -0.1842831
v 0.1228284 -0.8504273 -0.116863
v 0.1208854 -0.8620919 -0.2517033
v 0.1120728 -0.86206 -0.2517033
v 0.1128576 -0.856287 -0.1844334
v 0.1136423 -0.8505141 -0.1171636
v 0.1238001 -0.8445949 -0.04944283
v 0.1247717 -0.8387625 0.01797733
v 0.1144272 -0.8447411 -0.04989375
v 0.1152121 -0.8389681 0.0173761
v 0.1012221 -0.857479 -0.1846148
v 0.1018087 -0.8517715 -0.1175264
v 0.1006355 -0.8631865 -0.2517033
v 0.08919815 -0.864313 -0.2517033
v 0.08958664 -0.858671 -0.1847962
v 0.08997513 -0.853029 -0.1178892
v 0.1023955 -0.846064 -0.05043794
v 0.1029823 -0.8403565 0.01665051
v 0.09036377 -0.847387 -0.05098214
v 0.09075241 -0.841745 0.01592491
v 0.07501286 -0.8580738 -0.1849953
v 0.07521427 -0.8524629 -0.1182873
v 0.07481144 -0.8636847 -0.2517033
v 0.06042473 -0.8630563 -0.2517033
v 0.06043907 -0.8574766 -0.1851943
v 0.06045341 -0.8518968 -0.1186854
v 0.0754158 -0.8468521 -0.05157929
v 0.07561733 -0.8412411 0.0151287
v 0.06046783 -0.8463171 -0.05217645
v 0.06048225 -0.8407373 0.01433248
v 0.04089489 -0.854594 -0.1853387
v 0.04077713 -0.849018 -0.1189742
v 0.04101265 -0.86017 -0.2517033
v 0.02160057 -0.8572838 -0.2517033
v 0.02135071 -0.8517114 -0.1854831
v 0.02110085 -0.8461391 -0.1192629
v 0.04065946 -0.8434419 -0.05260959
v 0.0405418 -0.8378658 0.01375497
v 0.0208511 -0.8405667 -0.05304273
v 0.02060135 -0.8349943 0.01317745
v -0.003260994 -0.8459153 -0.1855024
v -0.003555298 -0.8403504 -0.1193014
v -0.00296669 -0.8514801 -0.2517033
v -0.02753395 -0.8456765 -0.2517033
v -0.0278727 -0.8401191 -0.1855216
v -0.02821144 -0.8345616 -0.1193399
v -0.003849545 -0.8347855 -0.05310048
v -0.004143791 -0.8292207 0.01310046
v -0.02855019 -0.8290043 -0.05315822
v -0.02888893 -0.8234469 0.01302347
v -0.04818025 -0.8277943 -0.1854117
v -0.04851028 -0.8223298 -0.1191201
v -0.04785023 -0.833259 -0.2517033
v -0.0681665 -0.8208416 -0.2517033
v -0.06848782 -0.8154697 -0.1853018
v -0.06880913 -0.8100978 -0.1189002
v -0.04884025 -0.8168651 -0.05282847
v -0.04917023 -0.8114005 0.01346314
v -0.06913032 -0.8047259 -0.05249871
v -0.06945152 -0.7993541 0.01390282
v -0.07612078 -0.7938704 -0.185082
v -0.07642296 -0.7887501 -0.1184606
v -0.0758186 -0.7989906 -0.2517033
v -0.08347069 -0.7771397 -0.2517033
v -0.08375373 -0.772271 -0.1848621
v -0.08403679 -0.7674024 -0.118021
v -0.0767251 -0.7836298 -0.05183927
v -0.07702725 -0.7785095 0.01478207
v -0.08431987 -0.7625337 -0.05117984
v -0.08460297 -0.757665 0.01566132
v -0.08381531 -0.7451128 -0.1845785
v -0.08407898 -0.7406462 -0.1174537
v -0.08355163 -0.7495793 -0.2517033
v -0.08363258 -0.7220189 -0.2517033
v -0.08387688 -0.7179545 -0.1842949
v -0.08412117 -0.7138901 -0.1168865
v -0.08434265 -0.7361797 -0.05032894
v -0.08460632 -0.7317132 0.01679584
v -0.08436543 -0.7098258 -0.04947804
v -0.08460968 -0.7057614 0.01793037
v -0.08355214 -0.690497 -0.184004
v -0.08377842 -0.6869406 -0.1163046
v -0.08332584 -0.6940536 -0.2517033
v -0.0830191 -0.6660883 -0.2517033
v -0.08322738 -0.6630396 -0.1837131
v -0.08343567 -0.6599909 -0.1157228
v -0.0840047 -0.6833839 -0.04860532
v -0.08423099 -0.6798275 0.01909401
v -0.08364399 -0.6569422 -0.04773259
v -0.08385231 -0.6538935 0.02025764
v -0.08455558 -0.6402576 -0.1834864
v -0.08474854 -0.6377127 -0.1152695
v -0.08436264 -0.6428025 -0.2517033
v -0.08570617 -0.6195167 -0.2517033
v -0.08588379 -0.6174756 -0.1832597
v -0.0860614 -0.6154345 -0.1148161
v -0.08494148 -0.6351678 -0.04705254
v -0.08513443 -0.632623 0.02116438
v -0.08623898 -0.6133934 -0.04637249
v -0.08641655 -0.6113524 0.02207111
v -0.08918937 -0.6027027 -0.1831496
v -0.08935505 -0.6010573 -0.1145959
v -0.0890237 -0.6043481 -0.2517033
v -0.09234123 -0.5891794 -0.2517033
v -0.09249496 -0.5879297 -0.1830395
v -0.09264869 -0.58668 -0.1143756
v -0.08952068 -0.5994118 -0.04604214
v -0.08968632 -0.5977665 0.02251158
v -0.09280239 -0.5854303 -0.04571179
v -0.09295608 -0.5841805 0.02295204
v -0.09638891 -0.5782207 -0.1830066
v -0.09653362 -0.5772415 -0.1143099
v -0.0962442 -0.5791998 -0.2517033
v -0.1001472 -0.5692202 -0.2517033
v -0.1002829 -0.5685116 -0.1829737
v -0.1004185 -0.567803 -0.1142441
v -0.09667833 -0.5762623 -0.04561318
v -0.09682304 -0.5752832 0.02308352
v -0.1005543 -0.5670944 -0.04551457
v -0.10069 -0.5663858 0.02321501
v -0.1032215 -0.5600663 -0.182965
v -0.1033504 -0.5595136 -0.1142266
v -0.1030925 -0.5606191 -0.2517033
v -0.1060379 -0.552018 -0.2517033
v -0.10616 -0.5516211 -0.1829562
v -0.1062822 -0.5512241 -0.1142092
v -0.1034793 -0.5589608 -0.04548832
v -0.1036082 -0.558408 0.02325
v -0.1064043 -0.5508271 -0.04546208
v -0.1065264 -0.5504302 0.02328499
v -0.1076932 -0.5434971 -0.182955
v -0.1078106 -0.5431744 -0.1142066
v -0.1075759 -0.5438197 -0.2517033
v -0.1091139 -0.5356215 -0.2517033
v -0.1092264 -0.5353731 -0.1829537
v -0.1093389 -0.5351248 -0.1142041
v -0.1079278 -0.5428518 -0.04545833
v -0.1080451 -0.5425291 0.02329
v -0.1094514 -0.5348764 -0.04545457
v -0.1095638 -0.534628 0.023295
v -0.1091089 -0.5269881 -0.1829537
v -0.1092182 -0.5267685 -0.1142041
v -0.1089996 -0.5272077 -0.2517033
v -0.1088853 -0.518794 -0.2517033
v -0.1089914 -0.5186031 -0.1829537
v -0.1090975 -0.5184122 -0.1142041
v -0.1093275 -0.5265489 -0.04545458
v -0.1094368 -0.5263292 0.02329499
v -0.1092037 -0.5182213 -0.04545458
v -0.1093098 -0.5180304 0.02329498
v -0.1067029 -0.5079562 -0.1829537
v -0.1068064 -0.5077731 -0.1142041
v -0.1065995 -0.5081393 -0.2517033
v -0.1043137 -0.4974846 -0.2517033
v -0.1044144 -0.4973093 -0.1829537
v -0.1045152 -0.497134 -0.1142041
v -0.1069098 -0.50759 -0.04545458
v -0.1070133 -0.5074069 0.02329499
v -0.104616 -0.4969587 -0.04545457
v -0.1047167 -0.4967833 0.023295
v -0.09683754 -0.4672598 0.02329498
v -0.1007771 -0.4820216 0.02329499
v -0.1006797 -0.4821926 -0.04545458
v -0.09674339 -0.4674265 -0.04545458
v -0.1005822 -0.4823636 -0.1142041
v -0.09664924 -0.4675933 -0.1142041
v -0.1004848 -0.4825346 -0.1829537
v -0.09655514 -0.46776 -0.1829537
v -0.1003873 -0.4827057 -0.2517033
v -0.09646103 -0.4679267 -0.2517033
v -0.09568176 -0.4296429 0.023295
v -0.09625965 -0.4484513 0.02329499
v -0.09616961 -0.4486177 -0.04545458
v -0.09559582 -0.4298089 -0.04545457
v -0.09607956 -0.4487841 -0.1142041
v -0.09550987 -0.4299749 -0.1142041
v -0.09598955 -0.4489504 -0.1829537
v -0.09542397 -0.4301409 -0.1829537
v -0.09589954 -0.4491168 -0.2517033
v -0.09533805 -0.4303069 -0.2517033
v -0.1017898 -0.4074056 -0.1829537
v -0.1018725 -0.4072356 -0.1142041
v -0.1017071 -0.4075755 -0.2517033
v -0.1080762 -0.3848443 -0.2517033
v -0.1081557 -0.3846703 -0.1829537
v -0.1082352 -0.3844963 -0.1142041
v -0.1019552 -0.4070655 -0.04545458
v -0.1020379 -0.4068955 0.02329499
v -0.1083146 -0.3843223 -0.04545458
v -0.1083941 -0.3841482 0.02329498
v -0.1147937 -0.3562256 -0.1829537
v -0.1148787 -0.3560604 -0.1142041
v -0.1147088 -0.3563909 -0.2517033
v -0.1213415 -0.3279375 -0.2517033
v -0.1214318 -0.327781 -0.1829537
v -0.1215221 -0.3276244 -0.1142041
v -0.1149635 -0.355895 -0.04545458
v -0.1150484 -0.3557298 0.02329499
v -0.1216125 -0.3274679 -0.04545457
v -0.1217028 -0.3273113 0.023295
v -0.1219729 -0.2933656 -0.1829537
v -0.1220932 -0.2932622 -0.1142041
v -0.1218526 -0.2934689 -0.2517033
v -0.1223637 -0.2590002 -0.2517033
v -0.122514 -0.2589501 -0.1829537
v -0.1226643 -0.2589 -0.1142041
v -0.1222135 -0.2931589 -0.04545458
v -0.1223339 -0.2930555 0.02329499
v -0.1228146 -0.2588499 -0.04545458
v -0.1229649 -0.2587997 0.02329498
v -0.121976 -0.226285 -0.1829537
v -0.1222229 -0.2264055 -0.1142041
v -0.1217291 -0.2261645 -0.2517033
v -0.1210945 -0.1933288 -0.2517033
v -0.121438 -0.1936199 -0.1829537
v -0.1217815 -0.193911 -0.1142041
v -0.1224697 -0.226526 -0.04545458
v -0.1227166 -0.2266465 0.02329499
v -0.1221249 -0.1942021 -0.04545457
v -0.1224683 -0.1944932 0.023295
v -0.1259747 -0.1684888 -0.1829537
v -0.1265173 -0.1691345 -0.1142041
v -0.1254321 -0.1678431 -0.2517033
v -0.1297697 -0.1423574 -0.2517033
v -0.1305114 -0.1433577 -0.1829537
v -0.1312531 -0.1443579 -0.1142041
v -0.1270598 -0.1697801 -0.04545458
v -0.1276024 -0.1704257 0.02329499
v -0.1319948 -0.1453581 -0.04545458
v -0.1327365 -0.1463583 0.02329498
v -0.1394342 -0.1158129 -0.1829537
v -0.1404628 -0.1173515 -0.1142041
v -0.1384055 -0.1142742 -0.2517033
v -0.1470412 -0.08619095 -0.2517033
v -0.1483569 -0.08826807 -0.1829537
v -0.1496725 -0.09034519 -0.1142041
v -0.1414915 -0.1188902 -0.04545458
v -0.1425202 -0.1204288 0.02329499
v -0.1509882 -0.09242223 -0.04545457
v -0.1523038 -0.09449928 0.023295
v -0.1588381 -0.0496012 -0.1829537
v -0.1604933 -0.05236093 -0.1142041
v -0.1571829 -0.04684147 -0.2517033
v -0.1673246 -0.007491989 -0.2517033
v -0.1693193 -0.01093433 -0.1829537
v -0.171314 -0.01437668 -0.1142041
v -0.1621484 -0.05512063 -0.04545458
v -0.1638036 -0.05788033 0.02329499
v -0.1733087 -0.01781902 -0.04545458
v -0.1753033 -0.02126137 0.02329498
v -0.1768195 0.02687389 -0.1829537
v -0.1791385 0.02273651 -0.1142041
v -0.1745004 0.03101128 -0.2517033
v -0.1816761 0.06951454 -0.2517033
v -0.1843196 0.06468212 -0.1829537
v -0.186963 0.0598497 -0.1142041
v -0.1814575 0.0185992 -0.04545458
v -0.1837766 0.0144619 0.02329499
v -0.1896064 0.05501743 -0.04545457
v -0.1922498 0.05018516 0.023295
v -0.1856058 0.08885633 -0.1829537
v -0.1884991 0.08344249 -0.1142041
v -0.1827126 0.09427017 -0.2517033
v -0.183749 0.1190258 -0.2517033
v -0.1868921 0.1130305 -0.1829537
v -0.1900352 0.1070353 -0.1142041
v -0.1913923 0.07802875 -0.04545458
v -0.1942855 0.07261501 0.02329499
v -0.1931782 0.1010401 -0.04545458
v -0.1963212 0.09504486 0.02329498
v -0.1856712 0.1283052 -0.1829537
v -0.1889954 0.1218523 -0.1142041
v -0.1823469 0.1347581 -0.2517033
v -0.1809449 0.1504903 -0.2517033
v -0.1844503 0.1435799 -0.1829537
v -0.1879557 0.1366694 -0.1142041
v -0.1923196 0.1153995 -0.04545458
v -0.1956438 0.1089468 0.02329499
v -0.191461 0.129759 -0.04545457
v -0.1949664 0.1228487 0.023295
v -0.1845988 0.1580749 -0.1829537
v -0.1882364 0.1508126 -0.1142041
v -0.1809613 0.1653373 -0.2517033
v -0.1809776 0.1801843 -0.2517033
v -0.1847473 0.17257 -0.1829537
v -0.188517 0.1649558 -0.1142041
v -0.1918739 0.1435503 -0.04545458
v -0.1955114 0.136288 0.02329499
v -0.1922867 0.1573415 -0.04545458
v -0.1960564 0.1497272 0.02329498
v -0.1838822 0.1904373 -0.1829537
v -0.1877443 0.1825602 -0.1142041
v -0.1800201 0.1983145 -0.2517033
v -0.1790625 0.2164446 -0.2517033
v -0.183017 0.2083046 -0.1829537
v -0.1869715 0.2001646 -0.1142041
v -0.1916064 0.174683 -0.04545458
v -0.1954685 0.1668059 0.02329499
v -0.190926 0.1920246 -0.04545457
v -0.1948806 0.1838846 0.023295
v -0.1803139 0.2292048 -0.1829537
v -0.1843252 0.2208702 -0.1142041
v -0.1763026 0.2375394 -0.2517033
v -0.1735427 0.2586341 -0.2517033
v -0.1776108 0.2501049 -0.1829537
v -0.1816789 0.2415758 -0.1142041
v -0.1883365 0.2125356 -0.04545458
v -0.1923478 0.204201 0.02329499
v -0.185747 0.2330466 -0.04545458
v -0.1898151 0.2245174 0.02329498
v -0.1847406 0.2597017 -0.1829537
v -0.1888239 0.2510074 -0.1142041
v -0.1806573 0.268396 -0.2517033
v -0.187772 0.2781579 -0.2517033
v -0.1918704 0.2692986 -0.1829537
v -0.1959689 0.2604391 -0.1142041
v -0.1929072 0.2423132 -0.04545458
v -0.1969904 0.2336189 0.02329499
v -0.2000673 0.2515798 -0.04545457
v -0.2041657 0.2427204 0.023295
v -0.1446058 0.7711918 -0.04545458
v -0.1438948 0.7725105 -0.1142041
v -0.1453168 0.7698731 0.02329499
v -0.1764517 0.7737084 0.02329498
v -0.1757499 0.77501 -0.04545458
v -0.1750481 0.7763117 -0.1142041
v -0.1431837 0.7738292 -0.1829537
v -0.1424727 0.7751479 -0.2517033
v -0.1743463 0.7776134 -0.1829537
v -0.1736444 0.7789152 -0.2517033
v -0.2061945 0.7845339 -0.04545458
v -0.2055688 0.785695 -0.1142041
v -0.2068202 0.7833728 0.02329499
v -0.2371887 0.7930372 0.023295
v -0.2366391 0.7940577 -0.04545457
v -0.2360895 0.7950783 -0.1142041
v -0.204943 0.7868561 -0.1829537
v -0.2043173 0.7880173 -0.2517033
v -0.2355398 0.7960988 -0.1829537
v -0.2349901 0.7971194 -0.2517033
v -0.2691908 0.7999425 -0.04545458
v -0.2687393 0.8007913 -0.1142041
v -0.2696423 0.7990937 0.02329499
v -0.3020959 0.8051503 0.02329498
v -0.3017426 0.8058273 -0.04545458
v -0.3013892 0.8065042 -0.1142041
v -0.2682878 0.80164 -0.1829537
v -0.2678363 0.8024889 -0.2517033
v -0.3010358 0.8071813 -0.1829537
v -0.3006825 0.8078583 -0.2517033
v -0.3417754 0.8050445 -0.04545458
v -0.3414915 0.8056567 -0.1142041
v -0.3420593 0.8044325 0.02329499
v -0.3820228 0.8037146 0.023295
v -0.3818083 0.8042619 -0.04545457
v -0.3815938 0.8048092 -0.1142041
v -0.3412075 0.8062689 -0.1829537
v -0.3409236 0.8068812 -0.2517033
v -0.3813792 0.8053566 -0.1829537
v -0.3811647 0.805904 -0.2517033
v -0.4318474 0.7965317 -0.04545458
v -0.4316361 0.7972273 -0.1142041
v -0.4320587 0.7958362 0.02329499
v -0.4820946 0.7879577 0.02329498
v -0.4818865 0.7888016 -0.04545458
v -0.4816785 0.7896454 -0.1142041
v -0.4314248 0.797923 -0.1829537
v -0.4312135 0.7986187 -0.2517033
v -0.4814703 0.7904894 -0.1829537
v -0.4812623 0.7913334 -0.2517033
v -0.5304943 0.7785238 -0.04545458
v -0.5302448 0.779661 -0.1142041
v -0.530744 0.7773867 0.02329499
v -0.5793934 0.7668157 0.023295
v -0.5791022 0.7682462 -0.04545457
v -0.578811 0.7696766 -0.1142041
v -0.5299951 0.7807983 -0.1829537
v -0.5297455 0.7819355 -0.2517033
v -0.5785199 0.7711071 -0.1829537
v -0.5782288 0.7725376 -0.2517033
v -0.6163289 0.7596351 -0.04545458
v -0.615981 0.7614041 -0.1142041
v -0.6166768 0.757866 0.02329499
v -0.6539602 0.7489164 0.02329498
v -0.6535555 0.751024 -0.04545458
v -0.6531509 0.7531316 -0.1142041
v -0.6156331 0.7631732 -0.1829537
v -0.6152852 0.7649422 -0.2517033
v -0.6527462 0.7552392 -0.1829537
v -0.6523415 0.7573469 -0.2517033
v -0.6893646 0.7428709 -0.04545458
v -0.6888908 0.7453112 -0.1142041
v -0.6898384 0.7404307 0.02329499
v -0.7257166 0.7319449 0.023295
v -0.7251737 0.7347178 -0.04545457
v -0.7246308 0.7374908 -0.1142041
v -0.688417 0.7477514 -0.1829537
v -0.6879432 0.7501916 -0.2517033
v -0.7240878 0.7402636 -0.1829537
v -0.7235449 0.7430364 -0.2517033
v -0.7700222 0.7252805 -0.04545458
v -0.7694008 0.7283347 -0.1142041
v -0.7706436 0.7222263 0.02329499
v -0.8155706 0.7125077 0.02329498
v -0.8148707 0.7158432 -0.04545458
v -0.8141708 0.7191787 -0.1142041
v -0.7687794 0.7313889 -0.1829537
v -0.768158 0.7344431 -0.2517033
v -0.813471 0.7225142 -0.1829537
v -0.8127711 0.7258497 -0.2517033
v -0.861276 0.7066683 -0.04545458
v -0.8605185 0.710163 -0.1142041
v -0.8620335 0.7031736 0.02329499
v -0.9084964 0.6938395 0.023295
v -0.9076813 0.6974934 -0.04545457
v -0.9068661 0.7011474 -0.1142041
v -0.859761 0.7136577 -0.1829537
v -0.8590035 0.7171525 -0.2517033
v -0.906051 0.7048013 -0.1829537
v -0.9052359 0.7084553 -0.2517033
v -0.9459991 0.691102 -0.04545458
v -0.9451767 0.6947377 -0.1142041
v -0.9468216 0.6874664 0.02329499
v -0.9851468 0.6810932 0.02329498
v -0.984317 0.6847106 -0.04545458
v -0.9834872 0.688328 -0.1142041
v -0.9443543 0.6983734 -0.1829537
v -0.9435318 0.702009 -0.2517033
v -0.9826575 0.6919454 -0.1829537
v -0.9818277 0.6955628 -0.2517033
v -1.014196 0.6842323 -0.04545458
v -1.013409 0.6876853 -0.1142041
v -1.014983 0.6807793 0.02329499
v -1.04482 0.6804655 0.023295
v -1.044076 0.683754 -0.04545457
v -1.043331 0.6870425 -0.1142041
v -1.012622 0.6911382 -0.1829537
v -1.011835 0.6945911 -0.2517033
v -1.042586 0.690331 -0.1829537
v -1.041842 0.6936194 -0.2517033
v -1.068318 0.6908337 -0.04545458
v -1.067653 0.693867 -0.1142041
v -1.068984 0.6878003 0.02329499
v -1.093147 0.6951351 0.02329498
v -1.092561 0.6979133 -0.04545458
v -1.091974 0.7006916 -0.1142041
v -1.066987 0.6969005 -0.1829537
v -1.066322 0.6999339 -0.2517033
v -1.091388 0.70347 -0.1829537
v -1.090801 0.7062484 -0.2517033
v -1.117286 0.7076481 -0.04545458
v -1.116781 0.710147 -0.1142041
v -1.117791 0.7051492 0.02329499
v -1.142435 0.7151634 0.023295
v -1.142011 0.7173829 -0.04545457
v -1.141587 0.7196024 -0.1142041
v -1.116275 0.7126459 -0.1829537
v -1.11577 0.7151449 -0.2517033
v -1.141163 0.7218219 -0.1829537
v -1.140739 0.7240413 -0.2517033
v -1.17159 0.7241148 -0.04545458
v -1.171217 0.7260951 -0.1142041
v -1.171962 0.7221344 0.02329499
v -1.201489 0.7291054 0.02329498
v -1.201168 0.7308466 -0.04545458
v -1.200847 0.7325878 -0.1142041
v -1.170844 0.7280755 -0.1829537
v -1.170472 0.7300558 -0.2517033
v -1.200526 0.7343291 -0.1829537
v -1.200205 0.7360703 -0.2517033
v -1.229658 0.7324466 -0.04545458
v -1.22936 0.734036 -0.1142041
v -1.229957 0.730857 0.02329499
v -1.258424 0.7326086 0.023295
v -1.258148 0.7340464 -0.04545457
v -1.257872 0.7354842 -0.1142041
v -1.229061 0.7356256 -0.1829537
v -1.228762 0.7372152 -0.2517033
v -1.257596 0.7369221 -0.1829537
v -1.25732 0.73836 -0.2517033
v -1.279438 0.7290358 -0.04545458
v -1.279164 0.730444 -0.1142041
v -1.279713 0.7276275 0.02329499
v -1.301002 0.7226465 0.02329498
v -1.300729 0.7240251 -0.04545458
v -1.300455 0.7254038 -0.1142041
v -1.278889 0.7318524 -0.1829537
v -1.278615 0.7332609 -0.2517033
v -1.300182 0.7267827 -0.1829537
v -1.299909 0.7281617 -0.2517033
v -1.318345 0.7099981 -0.04545458
v -1.318055 0.7114716 -0.1142041
v -1.318635 0.7085248 0.02329499
v -1.336267 0.694403 0.023295
v -1.335961 0.6959713 -0.04545457
v -1.335655 0.6975394 -0.1142041
v -1.317765 0.7129452 -0.1829537
v -1.317476 0.7144189 -0.2517033
v -1.335349 0.6991078 -0.1829537
v -1.335043 0.700676 -0.2517033
v -1.354163 0.6719349 -0.04545458
v -1.353825 0.6737083 -0.1142041
v -1.3545 0.6701614 0.02329499
v -1.372732 0.6459197 0.02329498
v -1.372364 0.6478984 -0.04545458
v -1.371996 0.6498773 -0.1142041
v -1.353488 0.6754819 -0.1829537
v -1.353151 0.6772554 -0.2517033
v -1.371628 0.651856 -0.1829537
v -1.371259 0.6538348 -0.2517033
v -1.388707 0.6194391 -0.04545458
v -1.388299 0.6216886 -0.1142041
v -1.389115 0.6171896 0.02329499
v -1.405497 0.5884596 0.023295
v -1.40505 0.5909798 -0.04545457
v -1.404603 0.5935 -0.1142041
v -1.387892 0.6239381 -0.1829537
v -1.387484 0.6261876 -0.2517033
v -1.404156 0.5960202 -0.1829537
v -1.403709 0.5985404 -0.2517033
v -1.415874 0.5635929 -0.04545458
v -1.415382 0.5664132 -0.1142041
v -1.416366 0.5607728 0.02329499
v -1.427235 0.5330859 0.02329498
v -1.426698 0.5362061 -0.04545458
v -1.426161 0.5393263 -0.1142041
v -1.41489 0.5692333 -0.1829537
v -1.414398 0.5720534 -0.2517033
v -1.425625 0.5424464 -0.1829537
v -1.425088 0.5455665 -0.2517033
v -1.430181 0.5084462 -0.04545458
v -1.429579 0.5119253 -0.1142041
v -1.430782 0.504967 0.02329499
v -1.43433 0.4768481 0.023295
v -1.433663 0.4806861 -0.04545457
v -1.432997 0.4845242 -0.1142041
v -1.428977 0.5154043 -0.1829537
v -1.428376 0.5188834 -0.2517033
v -1.43233 0.4883623 -0.1829537
v -1.431664 0.4922003 -0.2517033
v -1.429752 0.4503539 -0.04545458
v -1.428989 0.4546311 -0.1142041
v -1.430514 0.4460768 0.02329499
v -1.426699 0.4153054 0.02329498
v -1.425841 0.4200217 -0.04545458
v -1.424982 0.4247379 -0.1142041
v -1.428227 0.4589082 -0.1829537
v -1.427465 0.4631854 -0.2517033
v -1.424124 0.4294542 -0.1829537
v -1.423266 0.4341705 -0.2517033
v -1.41973 0.3888472 -0.04545458
v -1.418763 0.3940032 -0.1142041
v -1.420697 0.3836913 0.02329499
v -1.414695 0.3520772 0.023295
v -1.41362 0.3576728 -0.04545457
v -1.412544 0.3632683 -0.1142041
v -1.417797 0.3991591 -0.1829537
v -1.41683 0.404315 -0.2517033
v -1.411469 0.3688639 -0.1829537
v -1.410394 0.3744595 -0.2517033
v -1.409878 0.3282329 -0.04545458
v -1.408702 0.3341887 -0.1142041
v -1.411054 0.3222771 0.02329499
v -1.407413 0.292477 0.02329498
v -1.406137 0.298793 -0.04545458
v -1.40486 0.305109 -0.1142041
v -1.407527 0.3401445 -0.1829537
v -1.406351 0.3461004 -0.2517033
v -1.403584 0.3114251 -0.1829537
v -1.402308 0.3177413 -0.2517033
v -1.40158 0.2731222 -0.04545458
v -1.40021 0.2797386 -0.1142041
v -1.402949 0.2665057 0.02329499
v -1.398484 0.2405344 0.023295
v -1.397022 0.2474513 -0.04545457
v -1.395561 0.2543682 -0.1142041
v -1.398841 0.2863551 -0.1829537
v -1.397472 0.2929716 -0.2517033
v -1.394099 0.2612851 -0.1829537
v -1.392637 0.268202 -0.2517033
v -1.387922 0.2270093 -0.04545458
v -1.386369 0.2342086 -0.1142041
v -1.389475 0.2198099 0.02329499
v -1.380466 0.1990854 0.02329498
v -1.378821 0.2065672 -0.04545458
v -1.377177 0.2140491 -0.1142041
v -1.384815 0.241408 -0.1829537
v -1.383262 0.2486073 -0.2517033
v -1.375532 0.2215309 -0.1829537
v -1.373887 0.2290127 -0.2517033
v -1.367026 0.1910575 -0.04545458
v -1.365283 0.1988364 -0.1142041
v -1.368769 0.1832786 0.02329499
v -1.357072 0.1674718 0.023295
v -1.35523 0.1755478 -0.04545457
v -1.353389 0.1836237 -0.1142041
v -1.36354 0.2066153 -0.1829537
v -1.361797 0.2143942 -0.2517033
v -1.351548 0.1916997 -0.1829537
v -1.349706 0.1997756 -0.2517033
v -1.34205 0.1641857 -0.04545458
v -1.340092 0.1726102 -0.1142041
v -1.344008 0.1557612 0.02329499
v -1.330945 0.1440504 0.02329498
v -1.32887 0.1528236 -0.04545458
v -1.326795 0.1615967 -0.1142041
v -1.338134 0.1810348 -0.1829537
v -1.336176 0.1894594 -0.2517033
v -1.32472 0.17037 -0.1829537
v -1.322646 0.1791432 -0.2517033
v -1.307884 0.1446296 -0.04545458
v -1.305651 0.1538669 -0.1142041
v -1.310116 0.1353922 0.02329499
v -1.289286 0.126734 0.023295
v -1.286897 0.1364355 -0.04545457
v -1.284508 0.1461371 -0.1142041
v -1.303419 0.1631043 -0.1829537
v -1.301187 0.1723417 -0.2517033
v -1.282118 0.1558386 -0.1829537
v -1.279729 0.1655402 -0.2517033
v -1.253254 0.1309588 -0.04545458
v -1.250653 0.1412798 -0.1142041
v -1.255856 0.1206377 0.02329499
v -1.222425 0.1145415 0.02329498
v -1.219611 0.125482 -0.04545458
v -1.216797 0.1364225 -0.1142041
v -1.248051 0.1516009 -0.1829537
v -1.245449 0.1619219 -0.2517033
v -1.213983 0.1473631 -0.1829537
v -1.211169 0.1583037 -0.2517033
v -1.182478 0.1245826 -0.04545458
v -1.179426 0.1362137 -0.1142041
v -1.185531 0.1129516 0.02329499
v -1.148636 0.1113617 0.023295
v -1.145345 0.1236833 -0.04545457
v -1.142054 0.1360049 -0.1142041
v -1.176373 0.1478448 -0.1829537
v -1.173321 0.1594759 -0.2517033
v -1.138763 0.1483265 -0.1829537
v -1.135472 0.1606481 -0.2517033
v -1.114634 0.128274 -0.04545458
v -1.111117 0.1412429 -0.1142041
v -1.118151 0.1153051 0.02329499
v -1.087667 0.1192484 0.02329498
v -1.083924 0.1328646 -0.04545458
v -1.080181 0.1464808 -0.1142041
v -1.1076 0.1542118 -0.1829537
v -1.104084 0.1671808 -0.2517033
v -1.076438 0.1600971 -0.1829537
v -1.072695 0.1737134 -0.2517033
v -1.05852 0.1377563 -0.04545458
v -1.054597 0.1518674 -0.1142041
v -1.062442 0.1236452 0.02329499
v -1.037218 0.1280419 0.023295
v -1.033116 0.1426479 -0.04545457
v -1.029014 0.157254 -0.1142041
v -1.050675 0.1659786 -0.1829537
v -1.046753 0.1800897 -0.2517033
v -1.024913 0.17186 -0.1829537
v -1.020811 0.186466 -0.2517033
v -1.008657 0.1430625 -0.04545458
v -1.004451 0.1579206 -0.1142041
v -1.012862 0.1282043 0.02329499
v -0.9885066 0.1283667 0.02329498
v -0.9841975 0.143477 -0.04545458
v -0.9798884 0.1585873 -0.1142041
v -1.000246 0.1727789 -0.1829537
v -0.9960406 0.1876371 -0.2517033
v -0.9755793 0.1736978 -0.1829537
v -0.9712702 0.1888083 -0.2517033
v -0.9543612 0.1423815 -0.04545458
v -0.9500351 0.1574827 -0.1142041
v -0.9586873 0.1272803 0.02329499
v -0.928868 0.1261939 0.023295
v -0.9245249 0.1412859 -0.04545457
v -0.9201818 0.156378 -0.1142041
v -0.945709 0.172584 -0.1829537
v -0.9413829 0.1876853 -0.2517033
v -0.9158387 0.1714702 -0.1829537
v -0.9114956 0.1865623 -0.2517033
v -0.8860704 0.142442 -0.04545458
v -0.8817914 0.1572895 -0.1142041
v -0.8903494 0.1275946 0.02329499
v -0.8518309 0.1289954 0.02329498
v -0.8476158 0.1435982 -0.04545458
v -0.8434008 0.1582009 -0.1142041
v -0.8775123 0.1721369 -0.1829537
v -0.8732332 0.1869844 -0.2517033
v -0.8391858 0.1728036 -0.1829537
v -0.8349709 0.1874064 -0.2517033
v -0.8115813 0.146201 -0.04545458
v -0.8074567 0.1604556 -0.1142041
v -0.815706 0.1319465 0.02329499
v -0.7795811 0.1348976 0.023295
v -0.7755468 0.1488039 -0.04545457
v -0.7715126 0.1627103 -0.1142041
v -0.8033321 0.1747102 -0.1829537
v -0.7992076 0.1889648 -0.2517033
v -0.7674783 0.1766167 -0.1829537
v -0.7634442 0.1905231 -0.2517033
v -0.7514521 0.1518919 -0.04545458
v -0.7474781 0.1654795 -0.1142041
v -0.7554262 0.1383043 0.02329499
v -0.7312713 0.141711 0.02329498
v -0.7273574 0.1549799 -0.04545458
v -0.7234436 0.1682488 -0.1142041
v -0.743504 0.1790672 -0.1829537
v -0.73953 0.1926549 -0.2517033
v -0.7195297 0.1815177 -0.1829537
v -0.7156158 0.1947866 -0.2517033
v -0.7043694 0.1615304 -0.04545458
v -0.7004709 0.1745402 -0.1142041
v -0.7082679 0.1485207 0.02329499
v -0.6852644 0.1553303 0.023295
v -0.6813813 0.168081 -0.04545457
v -0.6774982 0.1808316 -0.1142041
v -0.6965724 0.18755 -0.1829537
v -0.6926738 0.2005598 -0.2517033
v -0.673615 0.1935823 -0.1829537
v -0.6697318 0.2063329 -0.2517033
v -0.648515 0.1799345 -0.04545458
v -0.6446073 0.1924762 -0.1142041
v -0.6524227 0.1673927 0.02329499
v -0.6195809 0.179455 0.02329498
v -0.6156486 0.1917879 -0.04545458
v -0.6117164 0.2041209 -0.1142041
v -0.6406996 0.2050181 -0.1829537
v -0.6367918 0.2175599 -0.2517033
v -0.6077842 0.2164539 -0.1829537
v -0.6038519 0.2287868 -0.2517033
v -0.5816666 0.2022978 -0.04545458
v -0.5777106 0.2144077 -0.1142041
v -0.5856227 0.1901879 0.02329499
v -0.5516645 0.2009209 0.023295
v -0.5476847 0.2128077 -0.04545457
v -0.5437048 0.2246944 -0.1142041
v -0.5737545 0.2265175 -0.1829537
v -0.5697985 0.2386274 -0.2517033
v -0.5397249 0.2365812 -0.1829537
v -0.5357451 0.248468 -0.2517033
v -0.5223453 0.215132 -0.04545458
v -0.5183772 0.2267274 -0.1142041
v -0.5263134 0.2035366 0.02329499
v -0.5009624 0.2061523 0.02329498
v -0.4970059 0.2174564 -0.04545458
v -0.4930495 0.2287605 -0.1142041
v -0.514409 0.2383229 -0.1829537
v -0.5104409 0.2499183 -0.2517033
v -0.4890931 0.2400645 -0.1829537
v -0.4851367 0.2513686 -0.2517033
v -0.474304 0.2124603 -0.04545458
v -0.47037 0.2234477 -0.1142041
v -0.4782379 0.2014729 0.02329499
v -0.4555134 0.1967935 0.023295
v -0.4516019 0.2074642 -0.04545457
v -0.4476904 0.218135 -0.1142041
v -0.466436 0.2344351 -0.1829537
v -0.462502 0.2454225 -0.2517033
v -0.4437789 0.2288058 -0.1829537
v -0.4398673 0.2394765 -0.2517033
v -0.4234628 0.1996744 -0.04545458
v -0.419552 0.2100594 -0.1142041
v -0.4273736 0.1892895 0.02329499
v -0.3992338 0.1817854 0.02329498
v -0.3953236 0.1918846 -0.04545458
v -0.3914135 0.2019839 -0.1142041
v -0.4156411 0.2204445 -0.1829537
v -0.4117302 0.2308295 -0.2517033
v -0.3875033 0.2120832 -0.1829537
v -0.3835931 0.2221825 -0.2517033
v -0.36116 0.192768 -0.04545458
v -0.3572249 0.2026241 -0.1142041
v -0.3650951 0.182912 0.02329499
v -0.3309563 0.1840385 0.023295
v -0.3269963 0.1936514 -0.04545457
v -0.3230363 0.2032643 -0.1142041
v -0.3532898 0.2124802 -0.1829537
v -0.3493547 0.2223364 -0.2517033
v -0.3190763 0.2128773 -0.1829537
v -0.3151163 0.2224902 -0.2517033
v -0.2903173 0.2099563 -0.04545458
v -0.2863157 0.2193666 -0.1142041
v -0.2943189 0.200546 0.02329499
v -0.2576815 0.2170534 0.02329498
v -0.2536383 0.2262611 -0.04545458
v -0.2495951 0.2354688 -0.1142041
v -0.2823141 0.2287769 -0.1829537
v -0.2783125 0.2381873 -0.2517033
v -0.2455519 0.2446766 -0.1829537
v -0.2415086 0.2538843 -0.2517033
v -0.2268528 0.2389205 -0.04545458
v -0.222782 0.247954 -0.1142041
v -0.2309236 0.2298869 0.02329499
v -0.2187112 0.2569876 -0.1829537
v -0.2146403 0.2660211 -0.2517033
v -0.09254859 -0.5838011 0.03906194
v -0.09275234 -0.5839908 0.03100699
v -0.09661712 -0.5751224 0.03111831
v -0.09641121 -0.5749615 0.0391531
v -0.1004819 -0.5662539 0.03122963
v -0.1002738 -0.5661221 0.03924425
v -0.1033981 -0.5582867 0.03125747
v -0.1031881 -0.5581654 0.03926494
v -0.1063144 -0.5503196 0.0312853
v -0.1061023 -0.5502089 0.03928562
v -0.08948538 -0.597508 0.03060983
v -0.08928443 -0.5972494 0.03870808
v -0.08602028 -0.6106977 0.03835421
v -0.08621842 -0.6110251 0.03021266
v -0.1078313 -0.5424208 0.0312893
v -0.1076175 -0.5423124 0.03928861
v -0.1093482 -0.534522 0.0312933
v -0.1091326 -0.534416 0.03929159
v -0.08494003 -0.632177 0.02937616
v -0.08474563 -0.6317311 0.03758794
v -0.08347099 -0.6527644 0.03682167
v -0.08366165 -0.653329 0.02853966
v -0.1092197 -0.5262234 0.03129328
v -0.1090026 -0.5261176 0.03929156
v -0.1090913 -0.5179248 0.03129326
v -0.1088727 -0.5178191 0.03929153
v -0.08404501 -0.6791418 0.02744901
v -0.08385903 -0.6784561 0.03580401
v -0.08424705 -0.7041478 0.03478636
v -0.08442837 -0.7049546 0.02635837
v -0.1067938 -0.507301 0.03129328
v -0.1065743 -0.5071952 0.03929156
v -0.1044963 -0.4966773 0.0312933
v -0.104276 -0.4965713 0.03929159
v -0.08443105 -0.7308301 0.02527494
v -0.08425578 -0.7299471 0.03375404
v -0.08426452 -0.7557464 0.03272173
v -0.08443375 -0.7567056 0.02419152
v -0.1005562 -0.4819159 0.03129328
v -0.1003353 -0.4818102 0.03929157
v -0.09661609 -0.4671544 0.03129327
v -0.09639465 -0.4670491 0.03929155
v -0.07686865 -0.7775091 0.02334293
v -0.07671005 -0.7765087 0.03190379
v -0.06915557 -0.797271 0.03108585
v -0.06930354 -0.7983125 0.02249433
v -0.09603588 -0.4483494 0.03129328
v -0.09581211 -0.4482474 0.03929157
v -0.09545566 -0.4295443 0.0312933
v -0.09522957 -0.4294457 0.03929159
v -0.04903911 -0.8103349 0.02207075
v -0.048908 -0.8092693 0.03067836
v -0.02866043 -0.8212675 0.03027086
v -0.02877468 -0.8223572 0.02164717
v -0.1018065 -0.4068058 0.03129328
v -0.1015751 -0.406716 0.03929156
v -0.1081574 -0.3840673 0.03129326
v -0.1079206 -0.3839864 0.03929153
v -0.004045506 -0.8281295 0.02172279
v -0.00394722 -0.8270384 0.03034512
v 0.02076599 -0.8328092 0.03041937
v 0.02068367 -0.8339018 0.02179841
v -0.1148077 -0.3556636 0.03129328
v -0.114567 -0.3555974 0.03929156
v -0.1214581 -0.3272598 0.0312933
v -0.1212135 -0.3272084 0.03929159
v 0.04061718 -0.8367991 0.02235542
v 0.04069256 -0.8357325 0.03095587
v 0.06061912 -0.8386558 0.03149237
v 0.06055069 -0.8396966 0.02291243
v -0.1220907 -0.2930226 0.03129328
v -0.1218475 -0.2929898 0.03929156
v -0.1227232 -0.2587854 0.03129326
v -0.1224815 -0.2587712 0.03929153
v 0.07569097 -0.8402312 0.02368084
v 0.07576461 -0.8392214 0.03223297
v 0.09091011 -0.8397869 0.03297358
v 0.09083126 -0.840766 0.02444924
v -0.1224799 -0.226644 0.03129328
v -0.1222432 -0.2266416 0.03929156
v -0.1222365 -0.1945027 0.0312933
v -0.1220049 -0.1945121 0.03929159
v 0.1030786 -0.8393916 0.02515146
v 0.1031749 -0.8384268 0.03365241
v 0.1154398 -0.8370667 0.03433124
v 0.1153259 -0.8380173 0.02585367
v -0.127375 -0.1704326 0.03129328
v -0.1271476 -0.1704394 0.03929156
v -0.1325134 -0.1463625 0.03129326
v -0.1322903 -0.1463667 0.03929153
v 0.1249097 -0.8378182 0.02643378
v 0.1250478 -0.8368739 0.03489022
v 0.1346558 -0.8366811 0.0354492
v 0.1344935 -0.8376191 0.02701388
v -0.142295 -0.1204275 0.03129328
v -0.1420698 -0.1204263 0.03929156
v -0.1520766 -0.09449258 0.0312933
v -0.1518494 -0.09448589 0.03929159
v 0.1422076 -0.8408412 0.02746708
v 0.142395 -0.8399146 0.03587864
v 0.1501341 -0.843148 0.03630808
v 0.1499216 -0.8440633 0.02792027
v -0.1635647 -0.05787716 0.03129328
v -0.1633258 -0.05787401 0.03929156
v -0.1750528 -0.02126175 0.03129326
v -0.1748023 -0.02126213 0.03929153
v 0.1604905 -0.8469713 0.02822473
v 0.160729 -0.8460701 0.03658471
v 0.1713239 -0.8489922 0.03686134
v 0.1710595 -0.8498791 0.02852919
v -0.1835132 0.01445621 0.03129328
v -0.1832499 0.01445053 0.03929156
v -0.1919736 0.05017418 0.0312933
v -0.1916974 0.05016319 0.03929159
v 0.1881139 -0.8483299 0.02867208
v 0.1884054 -0.8474538 0.03697398
v 0.2054869 -0.8459154 0.03708662
v 0.2051683 -0.8467805 0.02881496
v -0.1940045 0.07260469 0.03129328
v -0.1937235 0.07259437 0.03929156
v -0.1960355 0.09503521 0.03129326
v -0.1957497 0.09502555 0.03929153
v 0.224033 -0.8409831 0.02883655
v 0.2243752 -0.8401181 0.03708615
v 0.2432634 -0.8343207 0.03708569
v 0.2428976 -0.8351856 0.02885815
v -0.195362 0.1089346 0.03129328
v -0.1950802 0.1089223 0.03929156
v -0.1946886 0.1228339 0.0312933
v -0.1944108 0.1228191 0.03929159
v 0.2581224 -0.8273588 0.02881417
v 0.2585033 -0.8264796 0.03703628
v 0.2737431 -0.8186385 0.03698688
v 0.2733471 -0.819532 0.02877019
v -0.1952418 0.1362662 0.03129328
v -0.1949722 0.1362445 0.03929156
v -0.1957951 0.1496986 0.03129326
v -0.1955337 0.1496699 0.03929153
v 0.2846883 -0.8155818 0.02872555
v 0.2850907 -0.8146735 0.03694465
v 0.2964384 -0.8107085 0.03690241
v 0.2960295 -0.8116316 0.02868092
v -0.1952022 0.1668144 0.03129328
v -0.194936 0.1668229 0.03929156
v -0.1946094 0.1839302 0.0312933
v -0.1943383 0.1839758 0.03929159
v 0.3049298 -0.8159712 0.02869133
v 0.3053348 -0.8150454 0.03691217
v 0.3142312 -0.8193823 0.03692192
v 0.31383 -0.8203108 0.02870175
v -0.192052 0.204355 0.03129328
v -0.1917561 0.2045091 0.03929156
v -0.1894945 0.2247799 0.03129326
v -0.189174 0.2250425 0.03929153
v 0.3232706 -0.8276958 0.0287777
v 0.3236476 -0.8267666 0.03699273
v 0.333064 -0.8341509 0.03706354
v 0.3327112 -0.8350809 0.02885364
v -0.1966741 0.2339559 0.03129328
v -0.1963577 0.2342929 0.03929156
v -0.2038536 0.2431318 0.0312933
v -0.2035415 0.2435432 0.03929159
v 0.3448974 -0.8391066 0.02899009
v 0.3451989 -0.8381661 0.03719142
v 0.3573337 -0.8421814 0.0373193
v 0.3570835 -0.8431324 0.02912653
v -0.2306833 0.2302444 0.03129328
v -0.230443 0.230602 0.03929156
v -0.257513 0.2173571 0.03129326
v -0.2573445 0.2176607 0.03929153
v 0.3695779 -0.8424113 0.02930172
v 0.3697674 -0.8414457 0.03748387
v 0.3822011 -0.8407101 0.03764845
v 0.3820724 -0.8416902 0.02947691
v -0.2942322 0.2007516 0.03129328
v -0.2941454 0.2009573 0.03929156
v -0.3309513 0.1841462 0.0312933
v -0.3309464 0.1842538 0.03929159
v 0.3924115 -0.8365223 0.02966957
v 0.3924904 -0.8355368 0.03782912
v 0.4027798 -0.8303635 0.0380098
v 0.4027505 -0.8313544 0.02986223
v -0.3651211 0.1829777 0.03129328
v -0.3651471 0.1830434 0.03929156
v -0.3992908 0.1818092 0.03129326
v -0.3993478 0.1818329 0.03929153
v 0.4130084 -0.8237729 0.03007028
v 0.4130096 -0.8228136 0.03820241
v 0.4232394 -0.8152638 0.03839502
v 0.4232664 -0.8161914 0.03027834
v -0.4274334 0.1893129 0.03129328
v -0.4274931 0.1893364 0.03929156
v -0.4555759 0.1968167 0.0312933
v -0.4556384 0.19684 0.03929159
v 0.436 -0.8081526 0.03049378
v 0.4359692 -0.8073109 0.03859039
v 0.4486989 -0.799358 0.03878576
v 0.4487336 -0.8001137 0.03070922
v -0.478309 0.2015004 0.03129328
v -0.4783801 0.2015279 0.03929156
v -0.5010421 0.2061841 0.03129326
v -0.5011218 0.2062159 0.03929153
v 0.4638928 -0.7915313 0.03088129
v 0.463859 -0.7908773 0.03893891
v 0.479019 -0.7823967 0.03909206
v 0.4790519 -0.7829489 0.03105335
v -0.5264049 0.2035634 0.03129328
v -0.5264963 0.2035902 0.03929156
v -0.5517676 0.2009427 0.0312933
v -0.5518708 0.2009646 0.03929159
v 0.4955414 -0.7744375 0.03113842
v 0.4954967 -0.7739602 0.03916519
v 0.5119743 -0.7655237 0.03923832
v 0.5120308 -0.7659263 0.0312235
v -0.5857329 0.1901909 0.03129328
v -0.5858432 0.1901937 0.03929156
v -0.6196983 0.179439 0.03129326
v -0.6198156 0.1794229 0.03929153
v 0.5271826 -0.7629463 0.03124954
v 0.5271131 -0.7625875 0.03925865
v 0.5422519 -0.7596513 0.03927898
v 0.5423345 -0.7599663 0.03127558
v -0.6525521 0.1673512 0.03129328
v -0.6526815 0.1673096 0.03929156
v -0.6854059 0.1552634 0.0312933
v -0.6855473 0.1551964 0.03929159
v 0.5546188 -0.7667952 0.03128031
v 0.5545349 -0.766495 0.03928232
v 0.5668179 -0.7733387 0.03928566
v 0.5669031 -0.7736241 0.03128504
v -0.708434 0.1484321 0.03129328
v -0.7086003 0.1483435 0.03929156
v -0.7314623 0.1416008 0.03129326
v -0.7316533 0.1414905 0.03929153
v 0.5809143 -0.784964 0.03127404
v 0.5808303 -0.7846526 0.03927741
v 0.5948428 -0.7959664 0.03926916
v 0.5949253 -0.796304 0.03126305
v -0.7556376 0.1381856 0.03129328
v -0.755849 0.1380668 0.03929156
v -0.7798129 0.1347703 0.0312933
v -0.7800448 0.134643 0.03929159
v 0.6150818 -0.8054696 0.03124145
v 0.6149911 -0.8050594 0.03925315
v 0.6351393 -0.8141524 0.03923713
v 0.6352382 -0.8146351 0.03121985
v -0.815937 0.1318297 0.03129328
v -0.816168 0.1317128 0.03929156
v -0.852061 0.128889 0.03129326
v 0.6591286 -0.8189659 0.03122307
v 0.6590123 -0.8183996 0.03924105
v 0.6828854 -0.8226468 0.03924498
v 0.683019 -0.8232967 0.03122629
v -0.8905652 0.1275109 0.03129328
v -0.9290693 0.1261328 0.0312933
v 0.7070518 -0.8211315 0.03128875
v 0.7068946 -0.8204181 0.03929663
v 0.7309037 -0.8181894 0.0393483
v 0.7310846 -0.8189663 0.0313512
v -0.9588726 0.1272447 0.03129328
v -0.9590578 0.1272091 0.03929156
v -0.9886758 0.1283566 0.03129326
v -0.9888451 0.1283465 0.03929153
v 0.7537752 -0.8086147 0.0314729
v 0.7535673 -0.8077685 0.03945223
v 0.7762309 -0.7973475 0.03955616
v 0.776466 -0.7982632 0.03159459
v -1.013019 0.1282145 0.03129328
v -1.013176 0.1282247 0.03929156
v -1.037362 0.1280725 0.0312933
v -1.037507 0.128103 0.03929159
v 0.7968234 -0.7792965 0.03175181
v 0.7965612 -0.7782837 0.03969564
v 0.8168914 -0.7592199 0.03983511
v 0.8171808 -0.7603297 0.03190904
v -1.062579 0.1236862 0.03129328
v -1.062717 0.1237272 0.03929156
v -1.087797 0.1192999 0.03129326
v -1.087927 0.1193514 0.03929153
v 0.8340783 -0.737393 0.03201767
v 0.833771 -0.7362117 0.03993229
v 0.8506505 -0.7132034 0.04002947
v 0.8509758 -0.7144563 0.03212631
v -1.118273 0.1153642 0.03129328
v -1.118396 0.1154234 0.03929156
v -1.148751 0.1114285 0.0312933
v -1.148865 0.1114953 0.03929159
v 0.8630974 -0.6917002 0.03211325
v 0.862771 -0.6904606 0.04001589
v 0.8748916 -0.6677178 0.04000231
v 0.8752191 -0.668944 0.03210018
v -1.185633 0.1130305 0.03129328
v -1.185735 0.1131094 0.03929156
v -1.222515 0.1146325 0.03129326
v -1.222604 0.1147236 0.03929153
v 0.8806268 -0.6434658 0.03199714
v 0.8803129 -0.6423471 0.03990889
v 0.8857343 -0.6169763 0.03981546
v 0.8860344 -0.6179875 0.03189409
v -1.255935 0.1207437 0.03129328
v -1.256015 0.1208497 0.03929156
v -1.289356 0.1268549 0.0312933
v -1.289425 0.1269758 0.03929159
v 0.8836111 -0.5863587 0.03175863
v 0.8833343 -0.5855296 0.03969633
v 0.8809343 -0.5540829 0.0395772
v 0.881188 -0.5547298 0.03162316
v -1.310182 0.1355215 0.03129328
v -1.310248 0.1356508 0.03929156
v -1.331008 0.1441881 0.03129326
v -1.331072 0.1443258 0.03929153
v 0.8737226 -0.5184705 0.03151186
v 0.8734913 -0.5179962 0.03948072
v 0.8660484 -0.4819095 0.03938425
v 0.8662572 -0.4822113 0.03140057
v -1.34406 0.1558712 0.03129328
v -1.344111 0.1559812 0.03929156
v -1.357111 0.1675542 0.0312933
v -1.357151 0.1676366 0.03929159
v 0.8577723 -0.4441614 0.03135377
v 0.8575755 -0.4439468 0.03934382
v 0.8491027 -0.405984 0.0393034
v 0.8492874 -0.4061114 0.03130697
v -1.368774 0.1832823 0.03129328
v -1.368779 0.183286 0.03929156
v -1.380437 0.1990104 0.03129326
v -1.380408 0.1989354 0.03929153
v 0.8448309 -0.3694382 0.03130129
v 0.8446425 -0.3693353 0.03929856
v 0.8401823 -0.3326866 0.03929373
v 0.8403744 -0.332765 0.03129561
v -1.389409 0.2196684 0.03129328
v -1.389343 0.219527 0.03929156
v -1.398381 0.2403265 0.0312933
v -1.398277 0.2401186 0.03929159
v 0.8433505 -0.3002898 0.03129816
v 0.8431376 -0.3002134 0.03929615
v 0.8460928 -0.2677403 0.03929857
v 0.8463265 -0.2678145 0.03130072
v -1.402826 0.2663035 0.03129328
v -1.402704 0.2661014 0.03929156
v -1.407272 0.2922806 0.03129326
v -1.407131 0.2920841 0.03929153
v 0.8525394 -0.2406449 0.03130459
v 0.8522772 -0.240563 0.03930227
v 0.8584614 -0.2133857 0.03930597
v 0.8587524 -0.2134753 0.03130846
v -1.410905 0.3221261 0.03129328
v -1.410756 0.3219752 0.03929156
v -1.414539 0.3519717 0.0312933
v -1.414382 0.3518662 0.03929159
v 0.863254 -0.1916505 0.03131209
v 0.8629354 -0.191548 0.03930954
v 0.8674093 -0.1697103 0.0393131
v 0.8677555 -0.1698256 0.03131571
v -1.420534 0.3836185 0.03129328
v -1.420371 0.3835457 0.03929156
v -1.42653 0.4152653 0.03129326
v -1.426361 0.4152251 0.03929153
v 0.8701903 -0.1508229 0.03131317
v 0.8698158 -0.15069 0.03931119
v 0.8722222 -0.1316698 0.03930927
v 0.8726251 -0.1318203 0.03131061
v -1.430351 0.4460174 0.03129328
v -1.430188 0.4459582 0.03929156
v -1.434172 0.4767696 0.0312933
v -1.434015 0.4766912 0.03929159
v 0.8744552 -0.112393 0.03129223
v 0.8740215 -0.1122213 0.03929272
v 0.8758208 -0.09277279 0.03927618
v 0.8762854 -0.09296575 0.03127384
v -1.430652 0.504801 0.03129328
v -1.430522 0.504635 0.03929156
v -1.427133 0.5328323 0.03129326
v -1.42703 0.5325787 0.03929153
v 0.8816507 -0.06953206 0.03121953
v 0.8811597 -0.06932028 0.03922492
v 0.8864987 -0.04586777 0.03917366
v 0.8870161 -0.04609837 0.03116521
v -1.416295 0.5604235 0.03129328
v -1.416224 0.5600743 0.03929156
v -1.405458 0.5880147 0.0312933
v -1.405419 0.58757 0.03929159
v 0.8984064 -0.01609001 0.03106073
v 0.897874 -0.0158485 0.03907337
v 0.9092492 0.01417076 0.03897308
v 0.9097967 0.01391834 0.03095625
v -1.389093 0.6167023 0.03129328
v -1.389071 0.6162149 0.03929156
v -1.372727 0.6453898 0.03129326
v -1.372722 0.6448599 0.03929153
v 0.9204256 0.04868021 0.03082118
v 0.9198709 0.04893886 0.0388433
v 0.9304925 0.08370697 0.03871353
v 0.9310545 0.08344208 0.03068612
v -1.354496 0.6696281 0.03129328
v -1.354493 0.6690948 0.03929156
v -1.336266 0.6938664 0.0312933
v -1.336264 0.6933298 0.03929159
v 0.9342058 0.1210306 0.03052958
v 0.9336353 0.1213025 0.03856419
v 0.9367781 0.158898 0.03841486
v 0.9373571 0.1586192 0.03037305
v -1.318624 0.7079948 0.03129328
v -1.318614 0.7074649 0.03929156
v -1.300983 0.7221233 0.03129326
v -1.300964 0.7215999 0.03929153
v 0.9358728 0.2010737 0.03012826
v 0.9352654 0.2013655 0.03818331
v 0.9337527 0.2438329 0.03795176
v 0.9343885 0.2435282 0.02988347
v -1.279685 0.7271049 0.03129328
v -1.279657 0.7265822 0.03929156
v -1.258388 0.7320865 0.0312933
v -1.258351 0.7315644 0.03929159
v 0.9319509 0.291478 0.02950521
v 0.9312596 0.2918037 0.03759538
v 0.9287664 0.3397744 0.03723902
v 0.9295133 0.3394279 0.02912696
v -1.22992 0.7303191 0.03129328
v -1.229884 0.7297813 0.03929156
v -1.201453 0.7285519 0.03129326
v -1.201417 0.7279983 0.03929153
v 0.9236079 0.3838974 0.02873192
v 0.9228271 0.3842619 0.03686733
v 0.9168878 0.4287494 0.03649565
v 0.9177024 0.4283668 0.02833688
v -1.171934 0.7215498 0.03129328
v -1.171906 0.7209653 0.03929156
v -1.142415 0.7145478 0.0312933
v 0.9058406 0.4605409 0.02806058
v 0.9050561 0.4609273 0.03623604
v 0.8932243 0.4931052 0.03597643
v 0.893979 0.4927149 0.02778427
v -1.117784 0.7044934 0.03129328
v -1.093152 0.694439 0.03129326
v 0.8799745 0.5140272 0.02767554
v 0.8792784 0.5144082 0.03587503
v 0.8653326 0.5357112 0.03577364
v 0.86597 0.5353395 0.02756681
v -1.068999 0.6870703 0.03129328
v -1.069014 0.6863402 0.03929156
v -1.044845 0.6797014 0.0312933
v -1.04487 0.6789374 0.03929159
v 0.8543 0.5496961 0.02763462
v 0.8537058 0.5500493 0.03583912
v 0.842079 0.5643874 0.0359046
v 0.84263 0.5640526 0.02770243
v -1.015012 0.6800021 0.03129328
v -1.01504 0.6792248 0.03929156
v -0.9851782 0.6803027 0.03129326
v -0.9852098 0.6795123 0.03929153
v 0.8341246 0.5749996 0.02788301
v 0.8336037 0.5753126 0.03607671
v 0.8251284 0.5862377 0.03624882
v 0.8256192 0.5859467 0.02806358
v -0.9468538 0.6866847 0.03129328
v -0.946886 0.685903 0.03929156
v -0.9085293 0.6930665 0.0312933
v -0.9085622 0.6922936 0.03929159
v 0.819913 0.5963447 0.02828919
v 0.8194518 0.596615 0.0364634
v 0.8137752 0.6069922 0.03667799
v 0.8142068 0.6067427 0.02851479
v -0.8620687 0.7024279 0.03129328
v -0.8621038 0.7016823 0.03929156
v -0.815608 0.7117894 0.03129326
v -0.8156455 0.7110711 0.03929153
v 0.8098002 0.6170686 0.02877474
v 0.8094022 0.6172982 0.03692435
v 0.8050293 0.6276041 0.03717072
v 0.8053935 0.6273944 0.02903469
v -0.7706797 0.7215475 0.03129328
v -0.7707158 0.7208687 0.03929156
v -0.7257513 0.7313056 0.0312933
v -0.7257861 0.7306663 0.03929159
v 0.7999516 0.6381769 0.02932628
v 0.799628 0.6383644 0.03744575
v 0.7942268 0.6491247 0.03772079
v 0.7945097 0.6489595 0.02961786
v -0.6898645 0.7398355 0.03129328
v -0.6898906 0.7392404 0.03929156
v -0.6539776 0.7483655 0.03129326
v -0.6539951 0.7478145 0.03929153
v 0.7834945 0.6633187 0.02991345
v 0.7832614 0.6634486 0.03799879
v 0.772296 0.6777724 0.03827678
v 0.7724793 0.6776779 0.03020904
v -0.6166897 0.757356 0.03129328
v -0.6167027 0.756846 0.03929156
v -0.5794019 0.7663466 0.0312933
v -0.5794104 0.7658774 0.03929159
v 0.7520971 0.6972573 0.03047237
v 0.7519699 0.6972978 0.03852399
v 0.731644 0.7168232 0.03877119
v 0.7317148 0.7168367 0.03073569
v -0.5307629 0.7769479 0.03129328
v -0.5307819 0.776509 0.03929156
v -0.482124 0.7875491 0.03129326
v -0.4821534 0.7871405 0.03929153
v 0.7033556 0.7347823 0.03092115
v 0.7033259 0.7347162 0.03894496
v 0.6750078 0.7526093 0.03911873
v 0.6749961 0.752728 0.03110662
v -0.4321057 0.7954409 0.03129328
v -0.4321527 0.7950457 0.03929156
v -0.3820874 0.8033328 0.0312933
v -0.3821521 0.802951 0.03929159
v 0.6422917 0.7623523 0.03118454
v 0.6423115 0.7622029 0.03919136
v 0.6096151 0.7717965 0.03926399
v 0.6095872 0.7719767 0.03126245
v -0.3421383 0.8040442 0.03129328
v -0.3422173 0.8036559 0.03929156
v -0.3021892 0.8047555 0.03129326
v -0.3022825 0.8043607 0.03929153
v 0.5799545 0.7757572 0.03127629
v 0.5799717 0.7755625 0.03927651
v 0.5503282 0.7793285 0.03928903
v 0.5503218 0.7795377 0.03129013
v -0.2697434 0.798681 0.03129328
v -0.2698446 0.7982683 0.03929156
v -0.2372976 0.7926065 0.0312933
v -0.2374066 0.7921758 0.03929159
v 0.5298 0.7819904 0.03129151
v 0.5297953 0.7817731 0.03929015
v 0.5092625 0.7842176 0.03929127
v 0.5092782 0.7844432 0.03129289
v -0.2069289 0.7829248 0.03129328
v -0.2070375 0.7824768 0.03929156
v -0.1765601 0.7732431 0.03129326
v -0.1766685 0.7727778 0.03929153
v 0.494607 0.7890728 0.03129309
v 0.4945844 0.7888411 0.03929143
v 0.4799063 0.7934645 0.03929159
v 0.4799358 0.7937025 0.0312933
v -0.1454138 0.7694055 0.03129328
v -0.1455109 0.7689379 0.03929156
v -0.1142675 0.765568 0.0312933
v -0.1143532 0.765098 0.03929159
v 0.4658527 0.8025342 0.03129328
v 0.4658214 0.8022906 0.03929156
v 0.4517365 0.8111165 0.03929153
v 0.4517696 0.811366 0.03129326
v -0.08063139 0.7749035 0.03129328
v -0.08069412 0.7744557 0.03929156
v -0.04699524 0.7842391 0.03129326
v -0.04703506 0.7838132 0.03929153
v 0.4342989 0.8215168 0.03129328
v 0.4342687 0.8212625 0.03929156
v 0.4168008 0.8314084 0.03929159
v 0.4168282 0.8316674 0.0312933
v -0.01115202 0.7993158 0.03129328
v -0.01116882 0.7989224 0.03929156
v 0.0246912 0.8143926 0.0312933
v 0.02469742 0.8140316 0.03929159
v 0.3931827 0.8396161 0.03129328
v 0.3931621 0.8393547 0.03929156
v 0.3695235 0.8473009 0.03929153
v 0.3695372 0.8475647 0.03129326
v 0.06185488 0.8260734 0.03129328
v 0.06187286 0.8257388 0.03929156
v 0.09901856 0.8377544 0.03129326
v 0.09904831 0.837446 0.03929153
v 0.3403968 0.8521441 0.03129328
v 0.3403919 0.8518798 0.03929156
v 0.3112604 0.8564587 0.03929159
v 0.3112563 0.8567234 0.0312933
v 0.1361973 0.8448414 0.03129328
v 0.1362284 0.8445488 0.03929156
v 0.1733761 0.8519284 0.0312933
v 0.1734085 0.8516517 0.03929159
v 0.2781222 0.8574632 0.03129328
v 0.278135 0.857198 0.03929156
v 0.2450095 0.8579374 0.03929153
v 0.244988 0.8582031 0.03129326
v 0.209182 0.8550657 0.03129328
v 0.209209 0.8547945 0.03929156
v 0.369427 0.8454517 0.04520331
v 0.393016 0.8375124 0.04520332
v 0.4166052 0.829573 0.04520333
v 0.3113182 0.8527511 0.05111507
v 0.3112893 0.8546048 0.04520333
v 0.3403581 0.8500283 0.04520332
v 0.3403243 0.8481768 0.05111508
v 0.2453229 0.8542402 0.05111509
v 0.2451662 0.8560888 0.04520331
v 0.2782278 0.8553468 0.04520332
v 0.2783206 0.8534956 0.05111508
v 0.1739511 0.8479424 0.05111507
v 0.1736798 0.849797 0.04520333
v 0.209423 0.8529429 0.04520332
v 0.209637 0.8510913 0.05111508
v 0.09974784 0.8336518 0.05111509
v 0.09939808 0.8355489 0.04520331
v 0.1365389 0.8426729 0.04520332
v 0.1368495 0.8407971 0.05111508
v 0.02535416 0.8100342 0.05111507
v 0.02502579 0.8120329 0.04520333
v 0.06221193 0.8237909 0.04520332
v 0.062551 0.821843 0.05111508
v 0.434047 0.8194354 0.04520332
v 0.4338254 0.8176082 0.05111508
v 0.4514889 0.8092977 0.04520331
v 0.4512414 0.8074788 0.05111509
v -0.01092173 0.7968445 0.04520332
v -0.01067463 0.7947665 0.05111508
v -0.04670341 0.7794989 0.05111509
v -0.04686924 0.7816561 0.04520331
v 0.4655706 0.8004788 0.04520332
v 0.4653199 0.7986671 0.05111508
v 0.4796523 0.79166 0.04520333
v 0.4793983 0.7898554 0.05111507
v -0.08063616 0.7722417 0.04520332
v -0.08057819 0.7700276 0.05111508
v -0.114453 0.7605564 0.05111507
v -0.1144031 0.7628272 0.04520333
v 0.4943423 0.7870409 0.04520319
v 0.4941003 0.7852409 0.05111495
v 0.5090324 0.7824219 0.04520305
v 0.5088022 0.7806263 0.05111482
v -0.1456444 0.7666767 0.04520332
v -0.145778 0.7644154 0.05111508
v -0.1768858 0.7705261 0.04520331
v 0.5295699 0.7799838 0.04520203
v 0.5293444 0.7781945 0.05111392
v 0.5501074 0.7775456 0.04520103
v 0.5498866 0.7757627 0.05111301
v -0.2073013 0.7802692 0.04520332
v -0.2377168 0.7900124 0.04520333
v 0.5797273 0.7737957 0.04518912
v 0.5794829 0.7720289 0.05110174
v 0.6093471 0.7700458 0.04517723
v 0.6090791 0.768295 0.05109047
v -0.2701583 0.7961406 0.04520332
v -0.270472 0.794013 0.05111508
v -0.3029168 0.8001772 0.05111509
v -0.3025997 0.802269 0.04520331
v 0.6419942 0.7604938 0.04510766
v 0.6416769 0.7587847 0.05102396
v 0.6746413 0.7509418 0.04503809
v 0.6742747 0.7492742 0.05095745
v -0.3424806 0.8015798 0.04520332
v -0.3427439 0.7995039 0.05111508
v -0.3825711 0.7988306 0.05111507
v -0.3823616 0.8008908 0.04520333
v 0.7028942 0.7331191 0.04487146
v 0.7024626 0.7315221 0.05079797
v 0.7311472 0.7152966 0.04470484
v 0.7306505 0.71377 0.05063848
v -0.4322535 0.7929769 0.04520332
v -0.4323542 0.7909081 0.05111508
v -0.4821374 0.7829856 0.05111509
v -0.4821454 0.785063 0.04520331
v 0.7514096 0.6958192 0.04446796
v 0.7508494 0.6943406 0.05041194
v 0.7716721 0.6763418 0.04423109
v 0.7710482 0.6749113 0.05018539
v -0.5306882 0.7743917 0.04520332
v -0.5305945 0.7722744 0.05111508
v -0.5790516 0.7615633 0.05111507
v -0.579231 0.7637204 0.04520333
v 0.7825904 0.6619993 0.04396512
v 0.7819194 0.6605501 0.04993145
v 0.7935086 0.6476569 0.04369915
v 0.7927905 0.646189 0.04967751
v -0.6165221 0.7546166 0.04520332
v -0.6163415 0.7523872 0.05111508
v -0.6536313 0.743211 0.05111509
v -0.6538132 0.7455127 0.04520331
v 0.798876 0.6368523 0.04343627
v 0.798124 0.6353401 0.04942678
v 0.8042433 0.6260476 0.04317338
v 0.8034573 0.6244912 0.04917604
v -0.6897122 0.7368585 0.04520332
v -0.6895337 0.7344767 0.05111508
v -0.7254361 0.7257424 0.05111507
v -0.7256111 0.7282044 0.04520333
v 0.8085886 0.6157215 0.04293809
v 0.8077751 0.6141448 0.04895183
v 0.812934 0.6053953 0.0427028
v 0.8120929 0.6037984 0.04872761
v -0.7704692 0.718344 0.04520332
v -0.7702226 0.7158192 0.05111508
v -0.8150091 0.7058961 0.05111509
v -0.8153273 0.7084836 0.04520331
v 0.8185843 0.5950227 0.04249825
v 0.8177168 0.5934303 0.0485331
v 0.8242346 0.5846499 0.04229371
v 0.8233407 0.5830622 0.0483386
v -0.8617018 0.6990523 0.04520332
v -0.8612999 0.6964223 0.05111508
v -0.9075906 0.6869486 0.05111507
v -0.9080764 0.6896211 0.04520333
v 0.8326749 0.5737438 0.0421303
v 0.831746 0.572175 0.0481839
v 0.8411152 0.5628377 0.04196689
v 0.8401514 0.5612879 0.04802919
v -0.9463773 0.6832085 0.04520332
v -0.9458687 0.6805141 0.05111508
v -0.9846783 0.676796 0.04520331
v 0.8526669 0.5485274 0.04190571
v 0.8516279 0.5470053 0.04797231
v 0.8642186 0.534217 0.04184453
v 0.8631045 0.5327227 0.04791542
v -1.01452 0.6765201 0.04520332
v -1.044361 0.6762442 0.04520333
v 0.878037 0.5129519 0.0419427
v 0.8767955 0.5114955 0.04801038
v 0.8918554 0.4916868 0.04204088
v 0.8904864 0.4902683 0.04810533
v -1.068507 0.6836996 0.04520332
v 0.9035953 0.4595809 0.04228913
v 0.9021346 0.4582344 0.04834222
v 0.9153353 0.427475 0.04253738
v 0.9137828 0.4262005 0.0485791
v 0.9212909 0.3831084 0.04289095
v 0.9197547 0.3819549 0.04891457
v 0.9272465 0.3387419 0.04324453
v 0.9257266 0.3377093 0.04925005
v -1.171378 0.718559 0.04520332
v -1.20088 0.7256401 0.04520331
v 0.9297717 0.2908962 0.04358323
v 0.9282838 0.2899888 0.04957107
v 0.9322968 0.2430506 0.04392192
v 0.9308409 0.2422684 0.04989208
v -1.229368 0.7274333 0.04520332
v -1.257856 0.7292265 0.04520333
v 0.9337614 0.2006703 0.04414268
v 0.9322573 0.199975 0.05010206
v 0.9352258 0.1582899 0.04436344
v 0.9336737 0.1576817 0.05031202
v -1.279231 0.7242123 0.04520332
v -1.278805 0.7218423 0.05111508
v -1.300248 0.716796 0.05111509
v -1.300606 0.719198 0.04520331
v 0.9320062 0.1207698 0.04450687
v 0.930377 0.1202371 0.05044954
v 0.9287864 0.0832497 0.04465029
v 0.9270803 0.08279243 0.05058704
v -1.318316 0.705032 0.04520332
v -1.318019 0.7025991 0.05111508
v -1.33579 0.6884022 0.05111507
v -1.336027 0.690866 0.04520333
v 0.9181287 0.04857485 0.04477561
v 0.9163866 0.04821083 0.05070791
v 0.9074711 0.01389999 0.04490093
v 0.9056929 0.01362923 0.05082878
v -1.354245 0.6666761 0.04520332
v -1.353996 0.6642574 0.05111508
v -1.372203 0.6401127 0.05111509
v -1.372463 0.6424863 0.04520331
v 0.8960964 -0.01603624 0.04499762
v 0.8943188 -0.01622398 0.05092186
v 0.8847218 -0.04597248 0.0450943
v 0.8829448 -0.04607719 0.05101494
v -1.3887 0.6141155 0.04520332
v -1.388329 0.6120161 0.05111508
v -1.404456 0.5839195 0.05111507
v -1.404937 0.5857447 0.04520333
v 0.8794004 -0.06938289 0.04514291
v 0.8776411 -0.06944551 0.05106089
v 0.874079 -0.09279332 0.04519152
v 0.8723373 -0.09281383 0.05110685
v -1.41554 0.5588258 0.04520332
v -1.414855 0.5575773 0.05111508
v -1.425254 0.531235 0.05111509
v -1.426142 0.5319068 0.04520331
v 0.8723046 -0.1122252 0.04520647
v 0.8705876 -0.112229 0.05112022
v 0.8705301 -0.131657 0.04522143
v 0.8688379 -0.1316442 0.05113359
v -1.429449 0.5045187 0.04520332
v -1.428375 0.5044024 0.05111508
v -1.431496 0.4775698 0.05111507
v -1.432756 0.4771305 0.04520333
v 0.8681506 -0.1506601 0.04522281
v 0.8664854 -0.1506301 0.05113442
v 0.8657711 -0.1696632 0.04522418
v 0.8641328 -0.169616 0.05113525
v -1.428859 0.4466046 0.04520332
v -1.42753 0.447251 0.05111508
v -1.423563 0.4169323 0.05111509
v -1.424962 0.4160787 0.04520331
v 0.8613293 -0.191463 0.04522065
v 0.8597233 -0.1913781 0.05113176
v 0.8568876 -0.2132629 0.04521712
v 0.8553137 -0.2131401 0.05112827
v -1.418972 0.3843117 0.04520332
v -1.417572 0.3850777 0.05111508
v -1.411581 0.353223 0.05111507
v -1.412982 0.3525446 0.04520333
v 0.8507407 -0.2403674 0.04521357
v 0.8492043 -0.2401718 0.05112487
v 0.8445939 -0.2674719 0.04521002
v 0.8430949 -0.2672035 0.05112146
v -1.409375 0.3224462 0.04520332
v -1.407993 0.3229172 0.05111508
v -1.404405 0.2926114 0.05111509
v -1.405768 0.2923478 0.04520331
v 0.8416614 -0.2998419 0.04520771
v 0.8401852 -0.2994704 0.05111926
v 0.8387289 -0.332212 0.04520539
v 0.8372755 -0.3317374 0.05111706
v -1.40147 0.2663155 0.04520332
v -1.400237 0.2665295 0.05111508
v -1.396069 0.2404476 0.05111507
v -1.397173 0.2402831 0.04520333
v 0.8431807 -0.3687315 0.04520953
v 0.8417189 -0.3681276 0.05112049
v 0.8476325 -0.405251 0.04521366
v 0.8461623 -0.4045179 0.05112392
v -1.388541 0.2199882 0.04520332
v -1.38774 0.2204493 0.05111508
v -1.379411 0.200451 0.05111509
v -1.379909 0.1996932 0.04520331
v 0.8560796 -0.443042 0.04524879
v 0.8545836 -0.4421372 0.05115376
v 0.8645267 -0.4808331 0.04528392
v 0.863005 -0.4797566 0.05118359
v -1.368572 0.1844152 0.04520332
v -1.368365 0.1855444 0.05111508
v -1.35732 0.1706378 0.05111507
v -1.357235 0.1691372 0.04520333
v 0.871946 -0.5167014 0.04536813
v 0.8704006 -0.5154065 0.05125555
v 0.8793652 -0.5525697 0.04545236
v 0.8777962 -0.5510566 0.05132751
v -1.344297 0.1576318 0.04520332
v -1.344483 0.1592825 0.05111508
v -1.331647 0.1479272 0.05111509
v -1.331359 0.1461265 0.04520331
v 0.8817533 -0.5838166 0.04555816
v 0.8801723 -0.5821037 0.05142
v 0.8841413 -0.6150637 0.04566398
v 0.8825483 -0.613151 0.05151249
v -1.310551 0.1374462 0.04520332
v -1.310854 0.1392416 0.05111508
v -1.290062 0.130556 0.05111507
v -1.289743 0.1287659 0.04520333
v 0.8787265 -0.6403176 0.04574993
v 0.8771401 -0.638288 0.05159098
v 0.8733118 -0.6655715 0.04583589
v 0.8717319 -0.6634251 0.05166946
v -1.256395 0.1226111 0.04520332
v -1.256776 0.1243724 0.05111508
v -1.22349 0.1181889 0.05111509
v -1.223047 0.1164563 0.04520331
v 0.8612245 -0.6882726 0.04585031
v 0.859678 -0.6860845 0.05168474
v 0.8491373 -0.7109737 0.04586474
v 0.8476242 -0.7087439 0.05170002
v -1.186254 0.1148235 0.04520332
v -1.186773 0.1165375 0.05111508
v -1.149461 0.1131907 0.04520333
v 0.8323216 -0.7339887 0.04577713
v 0.8308722 -0.7317657 0.05162198
v 0.8155059 -0.7570037 0.04568952
v 0.8141203 -0.7547874 0.05154394
v -1.119028 0.117114 0.04520332
v -1.088596 0.1210373 0.04520331
v 0.7952543 -0.7760934 0.04556435
v 0.7939473 -0.773903 0.05143306
v 0.7750027 -0.795183 0.04543918
v 0.7737744 -0.7930185 0.05132219
v -1.063406 0.1254049 0.04520332
v -1.064095 0.1270826 0.05111508
v -1.038216 0.1297725 0.04520333
v 0.7524177 -0.8056288 0.04534924
v 0.751268 -0.8034891 0.05124625
v 0.7298328 -0.8160746 0.0452593
v -1.013924 0.129866 0.04520332
v -0.9896311 0.1299596 0.04520331
v 0.7059075 -0.8183463 0.04521598
v 0.6819822 -0.8206182 0.04517266
v -0.9598992 0.1287813 0.04520332
v -0.9607406 0.1303536 0.05111508
v 0.6581983 -0.8164465 0.04516817
v 0.6573843 -0.8144934 0.05109527
v 0.6344145 -0.8122749 0.04516367
v 0.6336897 -0.8103974 0.0510902
v 0.6143192 -0.803244 0.04517531
v 0.6136475 -0.8014286 0.05109747
v 0.594224 -0.7942131 0.04518695
v 0.5936052 -0.7924598 0.05110474
v -0.8171524 0.1331339 0.04520332
v -0.8181369 0.134555 0.05111508
v -0.7819803 0.1374277 0.05111507
v -0.7810125 0.1360354 0.04520333
v 0.5801997 -0.7829014 0.04519307
v 0.5795691 -0.7811502 0.05110873
v 0.5661755 -0.7715896 0.04519919
v 0.565533 -0.7698406 0.05111273
v -0.7566905 0.1394518 0.04520332
v -0.757532 0.1408368 0.05111508
v -0.7330836 0.1442459 0.05111509
v -0.7323685 0.1428682 0.04520331
v 0.5538813 -0.764699 0.04519691
v 0.5532278 -0.7629031 0.0511115
v 0.5415872 -0.7578084 0.04519463
v 0.5409225 -0.7559655 0.05111029
v -0.7091835 0.1497356 0.04520332
v -0.7097665 0.1511278 0.05111508
v -0.6864494 0.1580096 0.05111507
v -0.6859983 0.156603 0.04520333
v 0.5265017 -0.7606706 0.04517871
v 0.5258904 -0.7587537 0.05109878
v 0.5114162 -0.7635328 0.04516279
v 0.5108581 -0.7615418 0.05108726
v -0.6530921 0.1687457 0.04520332
v -0.6535029 0.1701818 0.05111508
v -0.6205564 0.182354 0.05111509
v -0.620186 0.1808884 0.04520331
v 0.4950183 -0.7718757 0.04509921
v 0.4945399 -0.7697913 0.05103324
v 0.4786204 -0.7802187 0.04503564
v 0.4782217 -0.7780408 0.05097921
v -0.5861924 0.1916766 0.04520332
v -0.5865418 0.1931596 0.05111508
v -0.5525271 0.2039651 0.05111507
v -0.5521989 0.2024649 0.04520333
v 0.4635167 -0.7885971 0.04489803
v 0.4631744 -0.7863168 0.05085715
v 0.448413 -0.7969754 0.04476043
v 0.4481271 -0.7945927 0.05073509
v -0.5267417 0.2050742 0.04520332
v -0.5269872 0.2065582 0.05111508
v -0.5014474 0.2091513 0.05111509
v -0.5012846 0.2076836 0.04520331
v 0.4357203 -0.804853 0.04458135
v 0.4354714 -0.8023952 0.05057232
v 0.4230276 -0.8127307 0.04440228
v 0.4228158 -0.8101977 0.05040954
v -0.4784551 0.2029661 0.04520332
v -0.4785301 0.2044043 0.05111508
v -0.4556128 0.1996573 0.05111507
v -0.4556256 0.1982486 0.04520333
v 0.4128338 -0.820262 0.04422169
v 0.4126579 -0.8177103 0.05024096
v 0.4026399 -0.8277932 0.04404109
v 0.4025001 -0.825223 0.05007238
v -0.4274226 0.1907555 0.04520332
v -0.4273521 0.1921746 0.05111508
v -0.3990914 0.1846918 0.05111509
v -0.3992196 0.1832624 0.04520331
v 0.3924074 -0.8329825 0.04386957
v 0.3923244 -0.8304281 0.04991002
v 0.382175 -0.8381717 0.04369805
v 0.3821488 -0.8356333 0.04974766
v -0.3648044 0.1846642 0.04520332
v -0.3644617 0.1862849 0.05111508
v -0.3298319 0.187878 0.05111507
v -0.3303891 0.1860659 0.04520333
v 0.3698296 -0.8389276 0.04354215
v 0.3698917 -0.8364094 0.04960043
v 0.3574842 -0.8396835 0.04338625
v 0.3576347 -0.8371856 0.0494532
v -0.2930953 0.2031684 0.04520332
v -0.2920451 0.2053795 0.05111508
v -0.2542584 0.2228809 0.05111509
v -0.2558014 0.2202708 0.04520331
v 0.3454304 -0.8356818 0.04326584
v 0.3456618 -0.8331975 0.04934026
v 0.3333765 -0.8316801 0.04314543
v 0.333689 -0.8292093 0.04922733
v -0.2284898 0.2333003 0.04520332
v -0.2265365 0.2359986 0.05111508
v -0.1988147 0.2491163 0.05111507
v -0.2011781 0.2463298 0.04520333
v 0.323997 -0.8243001 0.04307956
v 0.3243464 -0.8218337 0.04916639
v 0.3146175 -0.8169203 0.04301368
v 0.3150037 -0.8144582 0.04910545
v -0.1940053 0.2364453 0.04520332
v -0.1916528 0.2385978 0.05111508
v -0.184491 0.2280792 0.05111509
v -0.1868325 0.2265609 0.04520331
v 0.3057301 -0.8125906 0.04300454
v 0.3061255 -0.8101358 0.04909692
v 0.2968428 -0.808261 0.04299539
v 0.2972472 -0.8058134 0.04908838
v -0.1896115 0.2052317 0.04520332
v -0.1874669 0.2059544 0.05111508
v -0.1904428 0.1838295 0.05111507
v -0.1923906 0.1839026 0.04520333
v 0.2855043 -0.8122455 0.0430344
v 0.285918 -0.8098174 0.04912415
v 0.2741659 -0.81623 0.0430734
v 0.2745887 -0.8138215 0.04915993
v -0.1930727 0.1664068 0.04520332
v -0.1912095 0.1659908 0.05111508
v -0.1919761 0.1481522 0.05111509
v -0.1937549 0.1489111 0.04520331
v 0.2589542 -0.8240862 0.04312568
v 0.2594051 -0.8216927 0.04921507
v 0.2437424 -0.8319423 0.04317795
v 0.2442214 -0.829564 0.04927021
v -0.1931881 0.1354518 0.04520332
v -0.191404 0.1346591 0.05111508
v -0.1908318 0.1211661 0.05111507
v -0.1926213 0.1219926 0.04520333
v 0.2249078 -0.8377334 0.04319604
v 0.2254404 -0.8353487 0.04930593
v 0.2060732 -0.8435245 0.04321414
v 0.2066594 -0.8411335 0.04934166
v -0.1932833 0.1081079 0.04520332
v -0.1914863 0.1072934 0.05111508
v -0.1921408 0.09342071 0.05111509
v -0.1939452 0.09422313 0.04520331
v 0.189036 -0.8450431 0.04312747
v 0.1896666 -0.8426322 0.04928096
v 0.1719989 -0.8465616 0.0430408
v 0.1726739 -0.844131 0.04922026
v -0.1919368 0.07186495 0.04520332
v -0.19015 0.07113552 0.05111508
v -0.1881593 0.04885032 0.05111507
v -0.1899283 0.04950676 0.04520333
v 0.1614075 -0.8436186 0.04278991
v 0.162086 -0.8411671 0.0489951
v 0.1508161 -0.8406756 0.04253902
v 0.1514981 -0.8382033 0.04876995
v -0.1815265 0.01397173 0.04520332
v -0.1798031 0.01349293 0.05111508
v -0.171447 -0.02186447 0.05111509
v -0.1731247 -0.0215633 0.04520331
v 0.1430605 -0.8374258 0.04213253
v 0.1437261 -0.834937 0.04838643
v 0.1353049 -0.8341759 0.04172605
v 0.1359541 -0.8316708 0.04800291
v -0.1616883 -0.05801459 0.04520332
v -0.1600508 -0.05815517 0.05111508
v -0.1486546 -0.09444588 0.05111507
v -0.150252 -0.09446588 0.04520333
v 0.125689 -0.8343582 0.04118714
v 0.1263302 -0.8318425 0.04748407
v 0.1160731 -0.8345405 0.04064824
v 0.1167064 -0.8320143 0.04696523
v -0.1404752 -0.1203716 0.04520332
v -0.1388806 -0.120317 0.05111508
v -0.1291066 -0.1461882 0.05111509
v -0.1306984 -0.1462774 0.04520331
v 0.1038136 -0.8358876 0.03998974
v 0.1044524 -0.8333483 0.04632706
v 0.09155422 -0.8372346 0.03933123
v 0.09219833 -0.8346823 0.04568889
v -0.1255334 -0.1703354 0.04520332
v -0.1239192 -0.1702314 0.05111508
v -0.1187318 -0.1942746 0.05111507
v -0.1203683 -0.1943934 0.04520333
v 0.0764312 -0.8366485 0.03861268
v 0.07709777 -0.8340757 0.04499239
v 0.06130817 -0.8360624 0.03789412
v 0.06199722 -0.833469 0.04429588
v -0.1205826 -0.2264098 0.04520332
v -0.1189221 -0.2261779 0.05111508
v -0.1191124 -0.2580812 0.05111509
v -0.1207969 -0.2584262 0.04520331
v 0.04144104 -0.8331286 0.03737222
v 0.04218952 -0.8305247 0.04378858
v 0.0215739 -0.8301948 0.03685033
v 0.02238182 -0.8275803 0.04328129
v -0.1201608 -0.2924824 0.04520332
v -0.1184742 -0.291975 0.05111508
v -0.117836 -0.3258688 0.05111507
v -0.1195247 -0.3265386 0.04520333
v -0.003032971 -0.8244369 0.03677468
v -0.002118722 -0.8218355 0.04320425
v -0.02763985 -0.8186791 0.03669904
v -0.02661926 -0.8160907 0.04312721
v -0.1129114 -0.3547927 0.04520332
v -0.1112558 -0.3539879 0.05111508
v -0.1062981 -0.3830467 0.04520331
v -0.04778198 -0.8066903 0.03709387
v -0.04665596 -0.8041115 0.04350938
v -0.06792411 -0.7947016 0.0374887
v -0.09999178 -0.4056892 0.04520332
v -0.09368549 -0.4283316 0.04520333
v -0.0754212 -0.7739339 0.03828691
v -0.08291828 -0.7531661 0.03908511
v -0.09428368 -0.447095 0.04520334
v -0.09275524 -0.4459426 0.0511151
v -0.09336906 -0.4646676 0.05111513
v -0.09488185 -0.4658583 0.04520334
v -0.08288709 -0.7274373 0.04007936
v -0.0815184 -0.7249275 0.04640467
v -0.08285591 -0.7017084 0.04107361
v -0.08146477 -0.6992691 0.04736086
v -0.09882456 -0.4806103 0.04520334
v -0.09731381 -0.4794103 0.0511151
v -0.1012585 -0.4941531 0.05111507
v -0.1027673 -0.4953622 0.04520333
v -0.08245655 -0.6762305 0.04202782
v -0.08105408 -0.6740048 0.04825162
v -0.08205719 -0.6507524 0.04298203
v -0.08064339 -0.6487405 0.04914238
v -0.1050703 -0.5059842 0.04520332
v -0.1035662 -0.5047731 0.05111508
v -0.1058739 -0.5153932 0.05111509
v -0.1073733 -0.5166062 0.04520331
v -0.08332578 -0.6299478 0.04368474
v -0.08190593 -0.6281646 0.04978154
v -0.08459438 -0.6091433 0.04438745
v -0.08316848 -0.6075887 0.0504207
v -0.1075124 -0.5249002 0.04520332
v -0.1060221 -0.5236828 0.05111508
v -0.1061703 -0.5319724 0.05111507
v -0.1076514 -0.5331942 0.04520333
v -0.08785566 -0.5958046 0.04470346
v -0.08642688 -0.5943599 0.05069884
v -0.09111694 -0.582466 0.04501946
v -0.08968528 -0.581131 0.05097698
v -0.1061475 -0.541079 0.04520117
v -0.1046776 -0.5398455 0.05111374
v -0.1031849 -0.5477186 0.0511124
v -0.1046436 -0.5489638 0.04519901
v -0.09497529 -0.5736557 0.04509416
v -0.09353935 -0.5723499 0.05103522
v -0.09883362 -0.5648454 0.04516885
v -0.09739342 -0.5635688 0.05109346
v -0.1017386 -0.5569046 0.04518393
v -0.1002892 -0.5556437 0.05110293
v -0.07464951 -0.6889485 0.05279953
v -0.07805714 -0.6941088 0.0500802
v -0.0776241 -0.6692124 0.05092347
v -0.0741941 -0.66442 0.05359533
v -0.07719105 -0.6443161 0.05176676
v -0.07373871 -0.6398916 0.05439113
v -0.07844368 -0.6241524 0.05235348
v -0.07498142 -0.6201402 0.05492541
v -0.07969631 -0.6039888 0.0529402
v -0.07622413 -0.6003888 0.05545969
v -0.08295173 -0.590938 0.05318949
v -0.07947658 -0.5875161 0.05568014
v -0.08620716 -0.5778872 0.05343879
v -0.08272903 -0.5746434 0.05590059
v -0.09005346 -0.5691358 0.05348681
v -0.08656757 -0.5659216 0.05593839
v -0.09389976 -0.5603843 0.05353483
v -0.09040611 -0.5571998 0.0559762
v -0.09677418 -0.5524836 0.05354118
v -0.0932592 -0.5493236 0.05597942
v -0.09964859 -0.544583 0.05354752
v -0.09611229 -0.5414472 0.05598265
v -0.1011143 -0.536737 0.05354843
v -0.09755096 -0.5336285 0.05598312
v -0.10258 -0.5288911 0.05354933
v -0.09898964 -0.5258098 0.0559836
v -0.07816057 -0.7197065 0.04914033
v -0.07480274 -0.7144854 0.05187599
v -0.07826401 -0.7453042 0.04820047
v -0.10241 -0.520613 0.05354933
v -0.09879791 -0.517543 0.05598359
v -0.1022401 -0.5123347 0.05354933
v -0.09860618 -0.5092763 0.05598358
v -0.06738035 -0.7602805 0.04908413
v -0.05649669 -0.7752568 0.04996779
v -0.09992144 -0.5017201 0.05354934
v -0.09627663 -0.4986671 0.05598359
v -0.09760281 -0.4911055 0.05354933
v -0.09394707 -0.488058 0.0559836
v -0.0438716 -0.7990103 0.04627132
v -0.04108723 -0.7939091 0.04903327
v -0.0215567 -0.8059178 0.04866501
v -0.02408798 -0.8110043 0.04589611
v -0.09365349 -0.4763867 0.05354934
v -0.08999317 -0.473363 0.05598359
v -0.08970417 -0.4616678 0.05354936
v -0.08603927 -0.4586681 0.05598358
v 0.000155563 -0.8167168 0.04597919
v 0.002429848 -0.8115981 0.04875413
v 0.0264164 -0.8172784 0.04884325
v 0.02439911 -0.8224294 0.04606227
v -0.08905237 -0.4430394 0.05354935
v -0.0853495 -0.4401362 0.05598359
v 0.04405985 -0.8253585 0.04656484
v 0.04593018 -0.8201923 0.0493411
v 0.06544396 -0.8231062 0.04983896
v 0.06372058 -0.8282876 0.04706742
v 0.07875284 -0.828898 0.04775143
v 0.0804079 -0.8237202 0.05051047
v 0.09537186 -0.8243341 0.05118198
v 0.09378509 -0.8295082 0.04843544
v -0.1007433 -0.3797359 0.05354933
v -0.0901721 -0.398759 0.05494034
v -0.0796009 -0.417782 0.05633135
v -0.1072419 -0.3519522 0.05354934
v -0.1032281 -0.3499165 0.05598359
v -0.1137405 -0.3241684 0.05354933
v -0.1096451 -0.3224681 0.0559836
v 0.1059951 -0.8281853 0.04905829
v 0.1075379 -0.8230222 0.05178951
v 0.1197039 -0.8217103 0.05239704
v 0.1182051 -0.8268623 0.04968113
v -0.1143818 -0.2906768 0.05354933
v -0.1102894 -0.2893785 0.05598359
v -0.1150231 -0.2571851 0.05354933
v -0.1109338 -0.2562889 0.05598358
v 0.1278099 -0.826708 0.05018177
v 0.1292896 -0.8215734 0.05287947
v 0.1388754 -0.8214365 0.05336189
v 0.1374147 -0.8265536 0.0506824
v -0.1148886 -0.2255636 0.05354934
v -0.1108551 -0.2249492 0.05598359
v -0.1147542 -0.193942 0.05354933
v -0.1107765 -0.1936095 0.0559836
v 0.1451886 -0.8298448 0.05104424
v 0.1466512 -0.8247525 0.05370205
v 0.154427 -0.8280685 0.05404221
v 0.1529626 -0.8331358 0.05140608
v -0.1199939 -0.1699426 0.05354933
v -0.1160686 -0.1696538 0.05598359
v -0.1252337 -0.1459431 0.05354933
v -0.1213607 -0.1456981 0.05598358
v 0.1634979 -0.8361318 0.05160898
v 0.1649097 -0.8310964 0.05422286
v 0.1753924 -0.8341243 0.05440351
v 0.1740332 -0.8391277 0.05181189
v -0.1350037 -0.1201734 0.05354934
v -0.1311267 -0.1200297 0.05598359
v -0.1447737 -0.09440361 0.05354933
v -0.1408928 -0.09436134 0.0559836
v 0.1908623 -0.8376634 0.05185373
v 0.1920579 -0.8326946 0.05442651
v 0.2087234 -0.8312649 0.0544495
v 0.2076914 -0.8361992 0.05189558
v -0.1560823 -0.0585354 0.05354933
v -0.1521138 -0.05891563 0.05598359
v -0.1673909 -0.0226672 0.05354933
v -0.1633347 -0.02346992 0.05598358
v 0.2262903 -0.8304311 0.05184968
v 0.2271403 -0.8255135 0.05439343
v 0.2455571 -0.8197622 0.05433735
v 0.2448893 -0.824663 0.05180378
v -0.1756464 0.01222542 0.05354934
v -0.1714897 0.01095791 0.05598359
v -0.183902 0.04711803 0.05354933
v -0.1796447 0.04538574 0.0559836
v 0.2599726 -0.8167755 0.05174994
v 0.2605402 -0.8118582 0.05428482
v 0.2755232 -0.8039542 0.05423229
v 0.2750559 -0.8088878 0.05169611
v -0.1858537 0.06920742 0.05354933
v -0.1815574 0.06727932 0.05598359
v -0.1878054 0.09129681 0.05354933
v -0.18347 0.08917289 0.05598358
v 0.2863502 -0.8048565 0.05166499
v 0.2867825 -0.7998955 0.05420583
v 0.2980418 -0.7958369 0.05417936
v 0.2976445 -0.8008251 0.05163387
v -0.1871641 0.1051418 0.05354934
v -0.1828419 0.1029902 0.05598359
v -0.1865228 0.1189867 0.05354933
v -0.1822139 0.1168074 0.0559836
v 0.3065049 -0.8051326 0.05164191
v 0.3068843 -0.8001295 0.05418692
v 0.3157268 -0.8044221 0.05419447
v 0.3153653 -0.8094401 0.05164996
v -0.1870956 0.1325813 0.05354933
v -0.1827872 0.1305035 0.05598359
v -0.1876683 0.1461758 0.05354933
v -0.1833605 0.1441995 0.05598358
v 0.3246502 -0.8168054 0.05170627
v 0.3249539 -0.8117771 0.05424615
v 0.3341811 -0.8191321 0.05429783
v 0.3339351 -0.8241707 0.05176258
v -0.1866847 0.1648673 0.05354933
v -0.1821598 0.1637438 0.05598358
v -0.185701 0.1835588 0.05354933
v -0.1809591 0.183288 0.05598358
v 0.3457768 -0.8281401 0.05186977
v 0.3458918 -0.8230827 0.05439927
v 0.3576024 -0.8270333 0.05450071
v 0.3576185 -0.8321095 0.05197696
v -0.1822412 0.2076246 0.05354933
v -0.1770155 0.2092949 0.05598358
v -0.1787814 0.2316905 0.05354933
v -0.1730719 0.2353018 0.05598358
v 0.3697417 -0.8313036 0.05211889
v 0.3695917 -0.8261979 0.05463736
v 0.381581 -0.8253623 0.054774
v 0.3818649 -0.8304978 0.05226083
v -0.185907 0.243776 0.05354934
v -0.1801612 0.2489543 0.05598359
v -0.1930326 0.2558615 0.05354933
v -0.1872505 0.2626067 0.0559836
v 0.3919716 -0.8252591 0.05241867
v 0.3916187 -0.8200901 0.05492731
v 0.4016564 -0.8148177 0.05508062
v 0.4020782 -0.8200203 0.0525765
v -0.2217286 0.2425983 0.05354934
v -0.2169206 0.249198 0.0559836
v -0.2504245 0.2293351 0.05354935
v -0.2465907 0.2357892 0.0559836
v 0.4121868 -0.8125045 0.05273877
v 0.4117157 -0.8072988 0.05523658
v 0.4217749 -0.79978 0.05539253
v 0.4222953 -0.8049888 0.05290104
v -0.2893894 0.210933 0.05354934
v -0.2867336 0.2164865 0.0559836
v -0.3283542 0.1925309 0.05354933
v -0.3268765 0.1971838 0.0559836
v 0.4348589 -0.7972437 0.05305381
v 0.4342463 -0.7920922 0.05553531
v 0.4467177 -0.7844045 0.05567808
v 0.4474224 -0.7894986 0.05320659
v -0.3635043 0.1904975 0.05354933
v -0.3625469 0.1947101 0.05598359
v -0.3986543 0.1884641 0.05354933
v -0.3982173 0.1922364 0.05598358
v 0.462318 -0.7813261 0.05331881
v 0.4614615 -0.7763352 0.05578048
v 0.4762053 -0.768266 0.05588287
v 0.4772135 -0.7731534 0.05343104
v -0.4270644 0.1959196 0.05354934
v -0.4267767 0.1996647 0.05598359
v -0.4554745 0.2033751 0.05354933
v -0.4553362 0.2070929 0.0559836
v 0.4933386 -0.7650285 0.05347942
v 0.4921374 -0.7602657 0.0559256
v 0.5080695 -0.7522654 0.05596832
v 0.5094638 -0.7569036 0.05352779
v -0.4786115 0.2081936 0.05354933
v -0.478693 0.2119829 0.05598359
v -0.5017486 0.2130121 0.05354933
v -0.5020498 0.2168729 0.05598358
v 0.5243757 -0.7542399 0.05353708
v 0.522861 -0.7497262 0.05597538
v 0.5376526 -0.747187 0.05598244
v 0.5392876 -0.7515762 0.05354636
v -0.5274894 0.2104708 0.05354934
v -0.5279915 0.2143835 0.05598359
v -0.5532302 0.2079296 0.05354933
v -0.5539333 0.211894 0.0559836
v 0.5516245 -0.7586141 0.05354707
v 0.5500212 -0.754325 0.05598263
v 0.5623898 -0.761463 0.05598282
v 0.5639614 -0.7656518 0.05354777
v -0.5872894 0.1971092 0.05354933
v -0.588037 0.2010589 0.05598359
v -0.6213486 0.1862889 0.05354933
v -0.6221408 0.1902238 0.05598358
v 0.5780271 -0.7769994 0.05354491
v 0.5764851 -0.7728485 0.05598109
v 0.5905804 -0.784234 0.05597936
v 0.5920928 -0.7883469 0.05354205
v -0.6543825 0.1740806 0.05354934
v -0.6552622 0.1779793 0.05598359
v -0.6874166 0.1618722 0.05354933
v -0.6883836 0.1657348 0.0559836
v 0.6120073 -0.7972711 0.05353706
v 0.6103672 -0.7931135 0.05597666
v 0.6301541 -0.801993 0.05597395
v 0.6319219 -0.8061952 0.05353207
v -0.7110445 0.1549878 0.05354933
v -0.7123226 0.1588477 0.05598359
v -0.7346725 0.1481033 0.05354933
v -0.7362615 0.1519607 0.05598358
v 0.6554074 -0.8102291 0.05353755
v 0.6534305 -0.8059649 0.05597982
v 0.678893 -0.8142631 0.05354302
v -0.7594236 0.144728 0.05354934
v -0.7613152 0.1486192 0.05598359
v -0.7841746 0.1413527 0.05354933
v -0.7863688 0.1452777 0.0559836
v 0.6995499 -0.8069253 0.05496477
v 0.7202069 -0.7995874 0.05638651
v -0.820377 0.1385393 0.05354933
v -0.8226171 0.1425236 0.05598359
v -0.8565794 0.1357259 0.05354933
v -0.8588653 0.1397694 0.05598358
v 0.7485488 -0.7991937 0.0536727
v 0.7458295 -0.7948985 0.05609915
v 0.7680072 -0.7845268 0.05615978
v 0.7708908 -0.7887726 0.05374099
v -0.8948497 0.1345228 0.05354934
v -0.8970205 0.1386373 0.05598359
v -0.9331198 0.1333198 0.05354933
v -0.9351756 0.1375052 0.0559836
v 0.7908989 -0.7697499 0.05384326
v 0.7878504 -0.7655968 0.05625345
v 0.8076936 -0.7466668 0.05634712
v 0.8109069 -0.7507271 0.05394553
v -0.9626753 0.1346055 0.05354933
v -0.96461 0.1388575 0.05598359
v 0.8275189 -0.7278066 0.05401719
v 0.8241656 -0.7238475 0.05641239
v 0.8406375 -0.7010282 0.05647766
v 0.8441309 -0.7048861 0.05408884
v 0.8560977 -0.6823157 0.0540721
v 0.8525174 -0.6785468 0.05645946
v 0.8643973 -0.6560654 0.05644127
v 0.8680646 -0.6597453 0.05405536
v -1.040578 0.1358428 0.05354933
v -1.018526 0.1409972 0.05494033
v -0.9964749 0.1461517 0.05633133
v -1.065705 0.1314878 0.05354933
v -1.067315 0.135893 0.05598359
v 0.8734325 -0.6347405 0.05398082
v 0.8697249 -0.631193 0.05637067
v 0.8750525 -0.6063206 0.05630007
v 0.8788004 -0.6097358 0.05390628
v 0.8764178 -0.5789177 0.05382209
v 0.8726634 -0.5757316 0.05622417
v 0.8702743 -0.5451427 0.05614828
v 0.8740352 -0.5480996 0.05373789
v -1.151454 0.119296 0.05354933
v -1.12298 0.128441 0.05494033
v -1.094506 0.1375861 0.05633133
v -1.187988 0.1209767 0.05354933
v -1.189203 0.1254159 0.05598359
v -1.224522 0.1226575 0.05354933
v -1.225554 0.1271261 0.05598358
v 0.866665 -0.5127442 0.05367391
v 0.8629293 -0.5100818 0.05609228
v 0.8555843 -0.4750209 0.05603628
v 0.8592947 -0.4773887 0.05360993
v -1.257659 0.1288928 0.05354934
v -1.258543 0.1334132 0.05598359
v -1.290797 0.1351281 0.05354933
v -1.291531 0.1397003 0.0559836
v 0.850922 -0.440082 0.05358354
v 0.8472604 -0.4380268 0.05601332
v 0.8389366 -0.4010328 0.05599037
v 0.8425494 -0.4027753 0.05355715
v -1.311552 0.1438138 0.05354933
v -1.312249 0.1483861 0.05598359
v -1.332307 0.1524995 0.05354933
v -1.332968 0.1570718 0.05598358
v 0.8381351 -0.366689 0.0535542
v 0.8345512 -0.3652503 0.05598791
v 0.8301659 -0.3294679 0.05598545
v 0.8337207 -0.3306026 0.05355125
v -1.344893 0.1635008 0.05354933
v -1.345302 0.167719 0.05598358
v -1.357478 0.174502 0.05354933
v -1.357636 0.1783662 0.05598358
v 0.8366038 -0.2986071 0.05355337
v 0.8330223 -0.2977438 0.05598748
v 0.8358787 -0.2660196 0.05598951
v 0.8394868 -0.2666115 0.05355549
v -1.367804 0.1885495 0.05354933
v -1.367243 0.1915546 0.05598358
v -1.378131 0.202597 0.05354933
v -1.376851 0.204743 0.05598358
v 0.8455443 -0.2397867 0.0535588
v 0.8418843 -0.2394017 0.05599274
v 0.8478898 -0.2127837 0.05599598
v 0.8516018 -0.2129619 0.05356213
v -1.385714 0.2219148 0.05354934
v -1.383687 0.2233804 0.05598359
v -1.393296 0.2412327 0.05354933
v -1.390524 0.2420178 0.0559836
v 0.8559716 -0.1913224 0.0535656
v 0.8522199 -0.1912667 0.05599944
v 0.8565501 -0.1697496 0.0560029
v 0.8603414 -0.1696828 0.05356908
v -1.397151 0.2674372 0.05354934
v -1.394065 0.2683449 0.0559836
v -1.401006 0.2936417 0.05354935
v -1.397607 0.2946721 0.0559836
v 0.8626692 -0.1507718 0.05356866
v 0.858853 -0.1509135 0.05600291
v 0.861156 -0.1320774 0.05600292
v 0.8649969 -0.1318608 0.05356826
v -1.404557 0.3244249 0.05354933
v -1.401121 0.3259326 0.05598359
v -1.408108 0.3552081 0.05354933
v -1.404634 0.3571931 0.05598358
v 0.8667319 -0.1125257 0.05355607
v 0.8628763 -0.1128223 0.05599192
v 0.8645965 -0.09356724 0.05598091
v 0.868467 -0.09319054 0.05354388
v -1.414112 0.3872417 0.05354933
v -1.410652 0.3894057 0.05598358
v -1.420116 0.4192752 0.05354933
v -1.416669 0.4216182 0.05598358
v 0.8737678 -0.06996571 0.05349988
v 0.8698945 -0.0704859 0.05593886
v 0.8751924 -0.04740455 0.05589681
v 0.8790686 -0.04674087 0.05345587
v -1.424258 0.4490735 0.05354934
v -1.420987 0.450896 0.05598359
v -1.428401 0.4788718 0.05354933
v -1.425305 0.4801737 0.0559836
v 0.8904658 -0.01712725 0.05336541
v 0.8866128 -0.01803051 0.05580896
v 0.8980331 0.01134354 0.05572111
v 0.901863 0.01248638 0.05327494
v -1.42573 0.5043687 0.05354934
v -1.423084 0.504335 0.0559836
v -1.423059 0.5298656 0.05354935
v -1.420863 0.5284963 0.0559836
v 0.9126652 0.04680898 0.05315715
v 0.9089439 0.04540714 0.0556064
v 0.9198547 0.07947075 0.05549169
v 0.9234675 0.08113159 0.05303937
v -1.413148 0.5548295 0.05354934
v -1.411441 0.5520817 0.0559836
v -1.403237 0.5797932 0.05354933
v -1.402019 0.575667 0.0559836
v 0.9269836 0.1183634 0.05290563
v 0.9235902 0.1164898 0.05536173
v 0.9304997 0.1555952 0.05277189
v -1.387378 0.6072297 0.05354933
v -1.386426 0.6024432 0.05598359
v -1.371518 0.6346661 0.05354933
v -1.370833 0.6292194 0.05598358
v 0.9292589 0.1976349 0.05256864
v 0.928018 0.2396746 0.05236538
v -1.353339 0.6586961 0.05354934
v -1.352682 0.6531347 0.05598359
v -1.33516 0.6827261 0.05354933
v -1.334531 0.6770501 0.0559836
v 0.9254677 0.2870264 0.05205506
v 0.9229174 0.3343782 0.05174474
v -1.317243 0.6969944 0.05354933
v -1.316467 0.6913897 0.05598359
v -1.299326 0.7112627 0.05354933
v -1.298404 0.7057293 0.05598358
v 0.9169593 0.3782713 0.0514186
v 0.9141638 0.3745877 0.05392263
v 0.9082196 0.4181284 0.05360582
v 0.9110012 0.4221645 0.05109246
v -1.277716 0.7163937 0.05354934
v -1.276626 0.710945 0.05598359
v 0.8995473 0.4539998 0.05085808
v 0.89696 0.4497652 0.05337394
v 0.8857003 0.481402 0.05314205
v 0.8880934 0.4858352 0.05062369
v 0.8746447 0.5069769 0.05052507
v 0.8724939 0.5024583 0.05303976
v 0.8592874 0.5235146 0.05293747
v 0.8611959 0.5281186 0.05042644
v -1.226053 0.7134485 0.05494034
v -1.253134 0.7089809 0.05633135
v 0.8498478 0.5423577 0.05047574
v 0.8480676 0.5377102 0.05297917
v 0.836848 0.5519059 0.05302088
v 0.8384997 0.5565969 0.05052503
v -1.167865 0.704442 0.05494033
v 0.8301371 0.56747 0.05067066
v 0.8285283 0.5627649 0.05315742
v 0.8202085 0.573624 0.05329397
v 0.8217746 0.5783431 0.05081629
v -1.113799 0.6867266 0.05494034
v 0.8161719 0.5887336 0.05100235
v 0.8146269 0.5840368 0.05347159
v 0.8090453 0.5944497 0.05364921
v 0.810569 0.5991241 0.05118841
v -1.065023 0.6685479 0.05494033
v 0.806269 0.6095575 0.05140575
v 0.804763 0.6049702 0.05385967
v 0.8004806 0.6154908 0.05407013
v 0.8019689 0.6199909 0.05162309
v -0.9826767 0.6681532 0.05354933
v -1.010898 0.6610246 0.05494034
v -0.9444585 0.6746317 0.05354934
v -0.9430484 0.6687493 0.05598359
v -0.9062404 0.6811104 0.05354933
v -0.9048902 0.6752721 0.0559836
v 0.796658 0.6309952 0.05186896
v 0.7951921 0.6266504 0.05431114
v 0.7899037 0.63781 0.05455215
v 0.7913471 0.6419995 0.05211483
v -0.8601694 0.6906518 0.05354933
v -0.8590389 0.6848813 0.05598359
v -0.8140984 0.7001933 0.05354933
v -0.8131876 0.6944904 0.05598358
v 0.7805186 0.656469 0.05236608
v 0.7791178 0.6523879 0.05480071
v 0.7683319 0.6669658 0.05504927
v 0.76969 0.6709386 0.05261733
v -0.7695048 0.7102178 0.05354934
v -0.768787 0.7046164 0.05598359
v -0.7249113 0.7202424 0.05354933
v -0.7243865 0.7147424 0.0559836
v 0.7495669 0.69033 0.05284317
v 0.7482843 0.6863194 0.0552744
v 0.7282369 0.705673 0.05549954
v 0.7294437 0.7097215 0.05306901
v -0.6890143 0.7291169 0.05354933
v -0.6884948 0.7237571 0.05598359
v -0.6531172 0.7379915 0.05354933
v -0.6526031 0.732772 0.05598358
v 0.7013608 0.7273731 0.05322894
v 0.700259 0.7232241 0.05565991
v 0.672281 0.7407752 0.05582027
v 0.6732779 0.7450247 0.05338886
v -0.6158381 0.7472922 0.05354934
v -0.6153347 0.7421973 0.05598359
v -0.5785589 0.7565929 0.05354933
v -0.5780662 0.7516225 0.0559836
v 0.640798 0.7544759 0.05345602
v 0.639919 0.7501671 0.05588808
v 0.6075571 0.7595591 0.05595589
v 0.6083181 0.7639271 0.05352318
v -0.5303129 0.76736 0.05354933
v -0.5300314 0.7624455 0.05598359
v -0.482067 0.7781271 0.05354933
v -0.4819966 0.7732685 0.05598358
v 0.5788025 0.7676419 0.05353497
v 0.5781221 0.7632549 0.05596821
v 0.5486871 0.7669507 0.05598053
v 0.5492868 0.7713567 0.05354677
v -0.4325444 0.7860501 0.05354934
v -0.4327345 0.7811921 0.05598359
v -0.3830218 0.7939731 0.05354933
v -0.3834725 0.7891157 0.0559836
v 0.5287509 0.7737853 0.05354789
v 0.5281574 0.7693762 0.05598187
v 0.5076277 0.7718015 0.0559832
v 0.508215 0.7762139 0.05354901
v -0.3433144 0.7946149 0.05354933
v -0.3438849 0.7897259 0.05598359
v -0.3036071 0.7952567 0.05354933
v -0.3042974 0.7903362 0.05598358
v 0.4934924 0.7808268 0.05354918
v 0.4928845 0.7764127 0.0559834
v 0.4781412 0.7810239 0.0559836
v 0.4787697 0.7854397 0.05354933
v -0.27114 0.789027 0.05354933
v -0.2718081 0.7840409 0.05598358
v 0.464703 0.7942421 0.05354933
v 0.4640861 0.789817 0.05598359
v 0.450031 0.7986102 0.05598358
v 0.4506362 0.8030445 0.05354933
v 0.4332847 0.8131593 0.05354933
v 0.432744 0.8087105 0.05598359
v 0.4159332 0.8232741 0.05354933
v -0.1775019 0.7630453 0.05354933
v -0.2088338 0.7670032 0.05494034
v -0.2401657 0.7709612 0.05633134
v -0.1459726 0.7591647 0.05354934
v -0.1461673 0.753914 0.05598359
v -0.1144434 0.7552842 0.05354933
v -0.1144337 0.750012 0.0559836
v 0.3922383 0.8259083 0.05494033
v 0.3685433 0.8285425 0.05633133
v -0.08031911 0.7648705 0.05354934
v -0.08006004 0.7597132 0.0559836
v -0.04619487 0.7744567 0.05354935
v -0.04568634 0.7694144 0.0559836
v 0.340242 0.84368 0.05354933
v 0.3401597 0.8391833 0.05598359
v 0.3114586 0.8437471 0.0559836
v 0.3113884 0.8482491 0.05354933
v -0.1143431 0.7358658 0.0566791
v -0.1143884 0.7429389 0.05633135
v -0.07968032 0.7527899 0.05633135
v -0.07930061 0.7458667 0.0566791
v -0.04497223 0.762641 0.05633135
v -0.04425812 0.7558675 0.0566791
v -0.009987734 0.7898815 0.05354934
v -0.009300841 0.7849963 0.0559836
v 0.02621941 0.8053061 0.05354933
v 0.02708466 0.8005781 0.0559836
v -0.1463985 0.7468697 0.05633134
v -0.1466297 0.7398254 0.0566791
v 0.0634251 0.8172067 0.05354933
v 0.0642992 0.8125704 0.05598359
v 0.1006308 0.8291073 0.05354933
v 0.1015137 0.8245627 0.05598358
v 0.2785465 0.849001 0.05354933
v 0.2787725 0.8445065 0.05598359
v 0.2460863 0.8452659 0.05598358
v 0.2457047 0.849753 0.05354933
v -0.008350087 0.7784266 0.05633135
v -0.007399331 0.771857 0.0566791
v 0.02827206 0.7942123 0.05633135
v 0.02945946 0.7878466 0.0566791
v 0.1376257 0.8362826 0.05354934
v 0.1384019 0.8317682 0.05598359
v 0.1746206 0.843458 0.05354933
v 0.1752901 0.8389736 0.0559836
v 0.2101626 0.8466055 0.05354933
v 0.2106882 0.8421197 0.05598359
v 0.06549444 0.806321 0.05633134
v 0.06668968 0.8000715 0.05667908
v 0.1027168 0.8184295 0.05633133
v 0.1039199 0.8122963 0.05667908
v 0.1394576 0.8256705 0.05633134
v 0.1405134 0.8195727 0.05667908
v 0.1761985 0.8329114 0.05633135
v 0.1771069 0.8268491 0.0566791
v 0.2114008 0.8360536 0.05633134
v 0.2121134 0.8299873 0.05667908
v 0.2466031 0.8391957 0.05633133
v 0.2471199 0.8331255 0.05667908
v 0.2790784 0.838426 0.05633134
v 0.2793842 0.8323454 0.05667908
v 0.3115536 0.8376563 0.05633135
v 0.3116485 0.8315653 0.0566791
v 0.3400484 0.8330994 0.05633134
v 0.3399372 0.8270154 0.05667908
v 0.4320119 0.8026888 0.05633134
v 0.4312798 0.7966671 0.05667908
v 0.4492114 0.7926067 0.05633133
v 0.4483919 0.7866033 0.05667908
v 0.4632497 0.7838241 0.05633134
v 0.4624134 0.7778312 0.05667908
v 0.477288 0.7750415 0.05633135
v 0.4764349 0.7690591 0.0566791
v 0.4920571 0.7704303 0.05633109
v 0.4912297 0.7644479 0.05667878
v 0.5068261 0.7658192 0.05633083
v 0.5273432 0.7633951 0.0563291
v 0.5265288 0.757414 0.05667633
v 0.5478601 0.760971 0.05632736
v 0.5470333 0.7549912 0.05667419
v 0.5771801 0.7572958 0.05631385
v 0.5762383 0.7513368 0.05665949
v 0.6065001 0.7536207 0.05630033
v 0.6054432 0.7476824 0.05664478
v 0.6387031 0.7442988 0.05622963
v 0.6374872 0.7384305 0.05657119
v 0.6709061 0.7349769 0.05615893
v 0.6987551 0.717544 0.05599358
v 0.7266041 0.700111 0.05582823
v 0.7465686 0.6807894 0.055598
v 0.7448528 0.6752594 0.05592159
v 0.7665331 0.6614677 0.05536776
v 0.7647343 0.6559696 0.05568626
v 0.7772791 0.6467276 0.05511632
v 0.7754405 0.6410674 0.05543192
v 0.7880251 0.6319876 0.05486487
v 0.7861465 0.6261651 0.05517759
v 0.7932979 0.6206059 0.05462433
v 0.7914037 0.6145616 0.05493751
v 0.7985706 0.6092244 0.05438378
v 0.7966607 0.602958 0.05469744
v 0.8028414 0.5985767 0.05417772
v 0.8009198 0.5921832 0.05449577
v 0.807112 0.5879291 0.05397166
v 0.8051788 0.5814084 0.05429411
v 0.8126756 0.5774776 0.05380149
v 0.8107241 0.5709184 0.05413139
v 0.818239 0.5670262 0.05363132
v 0.8162695 0.5604284 0.05396868
v 0.8265113 0.5561782 0.0535041
v 0.8244944 0.5495915 0.05385077
v 0.8347836 0.5453303 0.05337688
v 0.8327193 0.5387547 0.05373287
v 0.8458428 0.5311874 0.05334472
v 0.843618 0.5246646 0.05371027
v 0.8569021 0.5170445 0.05331257
v 0.8545169 0.5105746 0.05368767
v 0.8697975 0.4961024 0.05342265
v 0.8671011 0.4897465 0.05380554
v 0.8826928 0.4751602 0.05353273
v 0.8796853 0.4689184 0.05392341
v 0.8936967 0.4437979 0.05376744
v 0.8904333 0.4378305 0.05416095
v 0.9047005 0.4124355 0.05400215
v 0.9011813 0.4067426 0.05439848
v 0.9106133 0.3693862 0.05431489
v 0.9070626 0.3641847 0.05470714
v 0.9191383 0.1138116 0.05572588
v 0.9146864 0.1111334 0.05609003
v 0.915098 0.07708775 0.05585336
v 0.9103411 0.07470474 0.05621502
v 0.9040352 0.04338264 0.05596583
v 0.8991264 0.04135815 0.05632525
v 0.8929724 0.009677543 0.0560783
v 0.8879117 0.008011551 0.05643549
v 0.8815145 -0.019363 0.05616412
v 0.8764164 -0.0206955 0.05651928
v 0.8700567 -0.04840355 0.05624994
v 0.8647529 -0.07128052 0.05629045
v 0.8596113 -0.07207516 0.05664203
v 0.859449 -0.0941575 0.05633095
v 0.8543016 -0.09474777 0.05668098
v 0.8577373 -0.1132946 0.05634099
v 0.8525984 -0.1137669 0.05669006
v 0.8560256 -0.1324317 0.05635103
v 0.8508952 -0.132786 0.05669914
v 0.8537463 -0.1511581 0.0563507
v 0.8486395 -0.1514027 0.05669849
v 0.851467 -0.1698845 0.05635037
v 0.8463838 -0.1700195 0.05669785
v 0.8471811 -0.1912284 0.05634692
v 0.8421422 -0.1911902 0.05669439
v 0.8428952 -0.2125723 0.05634346
v 0.8379005 -0.2123609 0.05669094
v 0.8369503 -0.2389029 0.0563403
v 0.8320163 -0.2384042 0.05668785
v 0.8310055 -0.2652336 0.05633713
v 0.8261322 -0.2644475 0.05668476
v 0.8281776 -0.2965854 0.05633515
v 0.823333 -0.2954269 0.05668281
v 0.8253498 -0.3279371 0.05633316
v 0.8205338 -0.3264064 0.05668087
v 0.829694 -0.3633108 0.05633531
v 0.8248368 -0.3613713 0.0566827
v 0.8340382 -0.3986846 0.05633745
v 0.8291398 -0.3963363 0.05668453
v 0.8422996 -0.4352814 0.05635803
v 0.8373387 -0.4325359 0.05670274
v 0.8505609 -0.4718782 0.05637861
v 0.8455375 -0.4687356 0.05672094
v 0.8578795 -0.5065988 0.05642921
v 0.8528298 -0.5031159 0.05676616
v 0.8651981 -0.5413195 0.05647983
v 0.860122 -0.5374963 0.05681137
v 0.8676049 -0.5716618 0.05655042
v 0.8625463 -0.5675918 0.05687667
v 0.8700116 -0.6020041 0.05662102
v 0.8649707 -0.5976874 0.05694197
v 0.8647447 -0.6267347 0.05668981
v 0.8597646 -0.6222765 0.05700895
v 0.8594779 -0.6514655 0.0567586
v 0.8545584 -0.6468655 0.05707594
v 0.847717 -0.6738294 0.05677861
v 0.8429166 -0.6691121 0.05709776
v 0.8359562 -0.6961934 0.05679862
v 0.8312749 -0.6913586 0.05711958
v 0.8196699 -0.7188467 0.05673783
v 0.8151743 -0.7138459 0.05706328
v 0.8033837 -0.7415 0.05667705
v 0.7990738 -0.7363332 0.05700699
v 0.783757 -0.7602661 0.05658854
v 0.7796637 -0.7549354 0.05692363
v 0.7641304 -0.7790322 0.05650003
v 0.7602536 -0.7735375 0.05684027
v 0.7421686 -0.7893098 0.05644327
v 0.7385077 -0.7837211 0.05678739
v 0.650756 -0.8003138 0.0563312
v 0.6480815 -0.7946627 0.05668258
v 0.6277605 -0.796396 0.05632506
v 0.625367 -0.790799 0.05667618
v 0.6081462 -0.7875507 0.05632671
v 0.6059251 -0.7819879 0.05667677
v 0.5885317 -0.7787055 0.05632836
v 0.5864831 -0.7731768 0.05667736
v 0.5743964 -0.7672579 0.0563296
v 0.5723076 -0.7616674 0.0566781
v 0.560261 -0.7558105 0.05633083
v 0.5581322 -0.7501579 0.05667885
v 0.5478482 -0.7485402 0.0563308
v 0.5456753 -0.7427553 0.05667897
v 0.5354354 -0.7412698 0.05633077
v 0.5208045 -0.7436543 0.05632465
v 0.518748 -0.7375824 0.05667392
v 0.5061736 -0.7460389 0.05631853
v 0.5042776 -0.7398123 0.05666874
v 0.4905024 -0.7538959 0.05627908
v 0.4888676 -0.7475261 0.05663256
v 0.4748314 -0.761753 0.05623962
v 0.4734575 -0.7552399 0.05659637
v 0.4602966 -0.7697182 0.05614366
v 0.4591317 -0.7631012 0.05650684
v 0.4457619 -0.7776835 0.0560477
v 0.444806 -0.7709625 0.05641731
v 0.4334156 -0.7853246 0.05591114
v 0.4325849 -0.7785569 0.05628698
v 0.4210693 -0.7929657 0.05577458
v 0.4203638 -0.7861513 0.05615664
v 0.4110674 -0.8005006 0.05562151
v 0.4104192 -0.7937025 0.05600645
v 0.4010655 -0.8080357 0.05546844
v 0.4004746 -0.8012536 0.05585627
v 0.3911039 -0.8133521 0.05531685
v 0.3905891 -0.8066142 0.0557064
v 0.3811423 -0.8186685 0.05516526
v 0.3807036 -0.8119748 0.05555652
v 0.3693143 -0.8195394 0.05503194
v 0.369037 -0.812881 0.05542652
v 0.3574864 -0.8204103 0.05489861
v 0.3459367 -0.8164815 0.05480184
v 0.334387 -0.8125527 0.05470506
v 0.3252302 -0.8052115 0.05465783
v 0.3255064 -0.7986461 0.05506951
v 0.3160734 -0.7978704 0.0546106
v 0.31642 -0.7913188 0.05502672
v 0.307254 -0.7935972 0.05460349
v 0.3076237 -0.787065 0.05502007
v 0.2984346 -0.789324 0.05459639
v 0.2872259 -0.7934148 0.05461734
v 0.2876694 -0.7869341 0.05502885
v 0.2760172 -0.7975056 0.05463828
v 0.2765112 -0.7910569 0.05504427
v 0.2611777 -0.8054267 0.05468697
v 0.2618152 -0.7989951 0.05508911
v 0.2463382 -0.8133478 0.05473565
v 0.2471192 -0.8069333 0.05513395
v 0.2281806 -0.8190762 0.05479746
v 0.229221 -0.812639 0.05520148
v 0.2100231 -0.8248048 0.05485925
v 0.2113227 -0.8183447 0.05526901
v 0.1935927 -0.8261911 0.05485082
v 0.1951274 -0.8196875 0.05527514
v 0.1771622 -0.8275772 0.05484239
v 0.178932 -0.8210303 0.05528127
v 0.1667617 -0.8245107 0.05468194
v 0.1686136 -0.817925 0.05514102
v 0.1563611 -0.8214442 0.05452149
v 0.1582952 -0.8148198 0.05500076
v 0.148592 -0.8180982 0.05420222
v 0.1505328 -0.8114439 0.05470239
v 0.1408229 -0.8147522 0.05388295
v 0.1427704 -0.808068 0.05440401
v 0.1312725 -0.8148675 0.05341766
v 0.1332553 -0.8081616 0.05395585
v 0.1217221 -0.8149828 0.05295236
v 0.1237403 -0.8082553 0.05350769
v 0.1096231 -0.8162848 0.05235711
v 0.1117083 -0.8095473 0.0529247
v 0.09752407 -0.8175867 0.05176184
v 0.09967628 -0.8108394 0.05234171
v 0.08265604 -0.8169794 0.05109709
v 0.08490417 -0.8102387 0.05168371
v 0.067788 -0.8163722 0.05043234
v 0.07013206 -0.8096381 0.05102571
v 0.04847363 -0.813489 0.0499333
v 0.05101707 -0.8067855 0.05052549
v 0.02915924 -0.8106056 0.04943426
v 0.03190208 -0.8039328 0.05002527
v 0.005520133 -0.8049691 0.04933631
v 0.00861042 -0.7983401 0.04991849
v -0.01811897 -0.7993326 0.04923835
v -0.01468124 -0.7927473 0.04981171
v -0.03730784 -0.7872947 0.04960307
v -0.03352844 -0.7806802 0.05017288
v -0.07025146 -0.7076376 0.05245788
v -0.06570019 -0.7007898 0.05303978
v -0.070032 -0.6821555 0.05337815
v -0.0654145 -0.6753626 0.05395677
v -0.06954758 -0.6580876 0.05413601
v -0.06490105 -0.6517552 0.05467668
v -0.06906315 -0.6340197 0.05489387
v -0.06438759 -0.6281478 0.05539659
v -0.07029369 -0.6147907 0.05538239
v -0.06560597 -0.6094412 0.05583937
v -0.07152423 -0.5955616 0.05587091
v -0.06682434 -0.5907345 0.05628214
v -0.07477358 -0.5829079 0.05606792
v -0.07007057 -0.5782998 0.05645571
v -0.07802292 -0.5702543 0.05626493
v -0.07331681 -0.5658652 0.05662927
v -0.08185165 -0.5615624 0.05629627
v -0.07713573 -0.5572033 0.05665415
v -0.08568039 -0.5528706 0.05632761
v -0.08095466 -0.5485414 0.05667902
v -0.08850489 -0.5450239 0.05632922
v -0.08375057 -0.5407243 0.05667903
v -0.09132938 -0.5371771 0.05633084
v -0.08654647 -0.5329071 0.05667904
v -0.09273161 -0.5293949 0.05633109
v -0.08791225 -0.5251614 0.05667907
v -0.09413383 -0.5216127 0.05633135
v -0.08927803 -0.5174156 0.0566791
v -0.09391269 -0.5133616 0.05633134
v -0.08902748 -0.5091802 0.05667908
v -0.09369156 -0.5051105 0.05633133
v -0.08877693 -0.5009447 0.05667908
v -0.09134729 -0.494509 0.05633134
v -0.08641796 -0.4903508 0.05667908
v -0.08900303 -0.4839074 0.05633135
v -0.08405899 -0.4797568 0.0566791
v -0.08504299 -0.4692452 0.05633134
v -0.0800928 -0.4651273 0.05667908
v -0.08108296 -0.454583 0.05633133
v -0.07612663 -0.4504979 0.05667908
v -0.08034193 -0.4361825 0.05633134
v -0.07533436 -0.4322289 0.05667908
v -0.09779929 -0.3471422 0.05633134
v -0.09237053 -0.3443679 0.05667908
v -0.1041056 -0.3201494 0.05633135
v -0.0985662 -0.3178307 0.0566791
v -0.1047536 -0.2876057 0.05633134
v -0.09921771 -0.2858329 0.05667908
v -0.1054015 -0.2550621 0.05633133
v -0.09986923 -0.2538352 0.05667908
v -0.1053979 -0.2241054 0.05633134
v -0.0999406 -0.2232615 0.05667908
v -0.1053942 -0.1931486 0.05633135
v -0.100012 -0.1926878 0.0566791
v -0.1107567 -0.1692541 0.05633134
v -0.1054447 -0.1688545 0.05667908
v -0.1161191 -0.1453596 0.05633133
v -0.1108775 -0.1450211 0.05667908
v -0.1258805 -0.1198327 0.05633134
v -0.1206342 -0.1196356 0.05667908
v -0.1356418 -0.09430572 0.05633135
v -0.1303909 -0.09425011 0.0566791
v -0.1467467 -0.05943962 0.05633134
v -0.1413795 -0.05996361 0.05667908
v -0.1578515 -0.02457352 0.05633133
v -0.1523682 -0.02567711 0.05667908
v -0.165873 0.009217205 0.05633134
v -0.1602563 0.007476501 0.05667908
v -0.1738946 0.04300793 0.05633135
v -0.1681444 0.04063011 0.0566791
v -0.1757552 0.06463198 0.05633134
v -0.1699531 0.06198463 0.05667908
v -0.1776159 0.08625603 0.05633133
v -0.1717618 0.08333915 0.05667908
v -0.1770046 0.1000361 0.05633134
v -0.1711672 0.09708206 0.05667908
v -0.1763932 0.1138162 0.05633135
v -0.1705726 0.110825 0.0566791
v -0.1769643 0.1276546 0.05633134
v -0.1711414 0.1248056 0.05667908
v -0.1775354 0.1414929 0.05633133
v -0.1717102 0.1387863 0.05667908
v -0.176038 0.1621958 0.05633134
v -0.1699162 0.1606478 0.05667908
v -0.1745407 0.1828986 0.05633134
v -0.1681222 0.1825092 0.0566791
v -0.1699411 0.2115338 0.05633134
v -0.1628667 0.2137727 0.0566791
v -0.1653415 0.240169 0.05633134
v -0.1576111 0.2450362 0.0566791
v -0.1723793 0.2559481 0.05633134
v -0.1645974 0.2629419 0.0566791
v -0.1794171 0.2717272 0.05633135
v -0.1715838 0.2808477 0.0566791
v -0.2103998 0.2581385 0.05633135
v -0.2038789 0.2670791 0.0566791
v -0.2413824 0.2445498 0.05633135
v -0.2361741 0.2533105 0.0566791
v -0.2831145 0.2240454 0.05633135
v -0.2794953 0.2316043 0.0566791
v -0.3248466 0.203541 0.05633135
v -0.3228166 0.2098982 0.0566791
v -0.3612207 0.2004777 0.05633134
v -0.3598945 0.2062453 0.05667908
v -0.3975949 0.1974144 0.05633133
v -0.3969725 0.2025924 0.05667908
v -0.4263587 0.2048053 0.05633134
v -0.4259408 0.2099459 0.05667908
v -0.4551226 0.2121961 0.05633135
v -0.454909 0.2172993 0.0566791
v -0.4787784 0.2171829 0.05633134
v -0.4788637 0.2223829 0.05667908
v -0.5024341 0.2221697 0.05633133
v -0.5028184 0.2274665 0.05667908
v -0.5286478 0.2197533 0.05633134
v -0.529304 0.2251231 0.05667908
v -0.5548614 0.2173368 0.05633135
v -0.5557895 0.2227796 0.0566791
v -0.5890237 0.2064886 0.05633134
v -0.5900104 0.2119183 0.05667908
v -0.623186 0.1956404 0.05633133
v -0.6242312 0.201057 0.05667908
v -0.6564232 0.1833558 0.05633134
v -0.6575842 0.1887322 0.05667908
v -0.6896604 0.1710711 0.05633135
v -0.6909371 0.1764074 0.0566791
v -0.7140175 0.1641885 0.05633134
v -0.7157125 0.1695293 0.05667908
v -0.7383747 0.157306 0.05633133
v -0.7404879 0.1626513 0.05667908
v -0.7638369 0.1540142 0.05633134
v -0.7663586 0.1594092 0.05667908
v -0.7892991 0.1507224 0.05633135
v -0.7922293 0.1561671 0.0566791
v -0.8256105 0.1480458 0.05633134
v -0.8286041 0.153568 0.05667908
v -0.861922 0.1453692 0.05633133
v -0.8649788 0.150969 0.05667908
v -0.8999245 0.1443261 0.05633134
v -0.9028285 0.1500148 0.05667908
v -0.9379268 0.1432829 0.05633135
v -0.9672009 0.1447173 0.05633134
v -1.069477 0.1419349 0.05633134
v -1.071638 0.1479767 0.05667908
v -1.190835 0.1314901 0.05633134
v -1.192467 0.1375643 0.05667908
v -1.226939 0.1332362 0.05633133
v -1.259727 0.139589 0.05633134
v -1.292515 0.1459417 0.05633135
v -1.313184 0.1546246 0.05633134
v -1.314118 0.160863 0.05667908
v -1.333853 0.1633074 0.05633133
v -1.345845 0.1734781 0.05633134
v -1.346389 0.1792371 0.05667908
v -1.357838 0.1836488 0.05633134
v -1.358041 0.1889313 0.0566791
v -1.36647 0.1956853 0.05633134
v -1.365697 0.1998159 0.0566791
v -1.375102 0.2077218 0.05633134
v -1.380926 0.2254485 0.05633134
v -1.38675 0.2431751 0.05633135
v -1.389868 0.2696687 0.05633135
v -1.392986 0.2961623 0.05633135
v -1.396451 0.3280622 0.05633134
v -1.391783 0.3301919 0.0566791
v -1.399917 0.3599622 0.05633134
v -1.3952 0.3627312 0.0566791
v -1.367165 0.2796786 0.0566791
v -1.362603 0.2343049 0.0566791
v -1.369756 0.2415251 0.05667909
v -1.373815 0.2832342 0.05667908
v -1.350852 0.2287247 0.05667908
v -1.355314 0.2782123 0.05667907
v -1.294386 0.2171884 0.05667908
v -1.274654 0.2735138 0.05667907
v -1.405955 0.3924084 0.05633134
v -1.401258 0.3954112 0.0566791
v -1.411992 0.4248547 0.05633134
v -1.389359 0.365128 0.05667908
v -1.384911 0.3259589 0.05667908
v -1.388347 0.3280754 0.05667908
v -1.392279 0.3639296 0.05667908
v -1.376857 0.3721623 0.05667908
v -1.372011 0.3259204 0.05667908
v -1.378461 0.3259397 0.05667908
v -1.383108 0.3686451 0.05667908
v -1.352096 0.3861699 0.05667908
v -1.34778 0.331458 0.05667906
v -1.359895 0.3286892 0.05667907
v -1.364477 0.3791661 0.05667908
v -1.41655 0.453424 0.05633134
v -1.421108 0.4819933 0.05633135
v -1.395408 0.4051083 0.05667908
v -1.398333 0.4002598 0.05667909
v -1.387494 0.4675397 0.0566791
v -1.382175 0.419851 0.05667908
v -1.388792 0.4124797 0.05667908
v -1.394476 0.4563142 0.05667908
v -1.419495 0.504351 0.05633135
v -1.417882 0.5267086 0.05633135
v -1.40912 0.5484344 0.05633135
v -1.406799 0.5447872 0.0566791
v -1.400358 0.5701603 0.05633135
v -1.398697 0.5646535 0.0566791
v -1.400638 0.5005507 0.05667909
v -1.393095 0.5160966 0.0566791
v -1.385126 0.5960447 0.05633134
v -1.383826 0.589646 0.05667908
v -1.369894 0.621929 0.05633133
v -1.368954 0.6146386 0.05667908
v -1.378929 0.5365314 0.05667908
v -1.374033 0.4834169 0.05667907
v -1.364763 0.5569663 0.05667906
v -1.360572 0.499294 0.05667904
v -1.35178 0.6456878 0.05633134
v -1.350878 0.6382409 0.05667908
v -1.333666 0.6694467 0.05633135
v -1.332801 0.6618433 0.0566791
v -1.369255 0.4312915 0.05667907
v -1.356334 0.442732 0.05667906
v -1.346424 0.5763937 0.05667908
v -1.34197 0.5145465 0.05667907
v -1.328085 0.5958211 0.0566791
v -1.323368 0.5297989 0.0566791
v -1.315405 0.6838819 0.05633134
v -1.314342 0.6763741 0.05667908
v -1.297143 0.6983171 0.05633133
v -1.295883 0.6909049 0.05667908
v -1.337439 0.4538856 0.05667907
v -1.332909 0.3932247 0.05667908
v -1.318545 0.4650393 0.05667908
v -1.313721 0.4002796 0.05667908
v -1.307855 0.6075963 0.05667908
v -1.301369 0.5388186 0.05667907
v -1.287626 0.6193715 0.05667906
v -1.279369 0.5478382 0.05667904
v -1.275139 0.703649 0.05633134
v -1.273651 0.6963531 0.05667908
v -1.32825 0.3345411 0.05667907
v -1.308719 0.3376242 0.05667908
v -1.294777 0.471378 0.05667907
v -1.288186 0.4039375 0.05667908
v -1.27101 0.4777168 0.05667906
v -1.262651 0.4075954 0.05667908
v -1.263707 0.6237552 0.05667908
v -1.253763 0.5511572 0.05667907
v -1.28142 0.3387257 0.05667907
v -1.254121 0.3398271 0.05667906
v -1.243708 0.480059 0.05667907
v -1.233652 0.4089608 0.05667908
v -1.181815 0.6222084 0.05667908
v -1.152623 0.6180738 0.05667907
v -1.223412 0.3403618 0.05667907
v -1.213171 0.2717628 0.05667907
v -1.192703 0.3408965 0.05667908
v -1.180751 0.2714669 0.0566791
v -1.202819 0.2046636 0.05667908
v -1.16868 0.2036247 0.0566791
v -1.114244 0.5423393 0.0566791
v -1.142274 0.5476092 0.05667907
v -1.126307 0.6100769 0.05667908
v -1.09999 0.60208 0.05667908
v -1.175495 0.4107608 0.05667908
v -1.158884 0.479185 0.05667907
v -1.13029 0.4767674 0.05667908
v -1.163356 0.3421445 0.05667907
v -1.151216 0.2735282 0.05667907
v -1.138914 0.2066172 0.05667908
v -1.109147 0.2096097 0.05667906
v -1.090259 0.5330629 0.05667907
v -1.07586 0.5935013 0.05667908
v -1.104913 0.4708 0.05667907
v -1.079536 0.4648328 0.05667906
v -1.083766 0.2121024 0.05667908
v -1.095893 0.276228 0.05667907
v -1.082543 0.3374676 0.05667907
v -1.057846 0.3342011 0.05667908
v -1.069192 0.3987072 0.05667908
v -1.045587 0.3915356 0.05667908
v -0.9410975 0.6609542 0.05633134
v -0.9391465 0.6531591 0.05667908
v -0.9030213 0.6675345 0.05633135
v -0.9011525 0.6597968 0.0566791
v -0.9958946 0.5771499 0.05667908
v -0.9846263 0.5080099 0.05667907
v -0.9650781 0.5769845 0.05667906
v -1.055224 0.4574433 0.05667907
v -1.030912 0.4500539 0.05667908
v -1.033026 0.3289078 0.05667907
v -1.008207 0.3236145 0.05667906
v -1.019571 0.3849208 0.05667908
v -1.009103 0.2083533 0.05667908
v -0.9954211 0.2644981 0.05667907
v -0.8574713 0.6772265 0.05633134
v -0.8559037 0.6695716 0.05667908
v -0.8119214 0.6869185 0.05633133
v -0.8106551 0.6793465 0.05667908
v -0.9273497 0.5830283 0.05667908
v -0.915553 0.5128973 0.05667907
v -0.8896214 0.5890719 0.0566791
v -0.8780902 0.518347 0.0566791
v -1.002099 0.4464653 0.05667907
v -0.977788 0.3209898 0.05667907
v -0.7677866 0.697169 0.05633134
v -0.7667862 0.6897216 0.05667908
v -0.7236519 0.7074196 0.05633135
v -0.7229173 0.7000968 0.0566791
v -0.8466845 0.59848 0.05667908
v -0.8374652 0.5273883 0.05667907
v -0.8037476 0.6078881 0.05667906
v -0.7968401 0.5364296 0.05667904
v -0.9026538 0.4469566 0.05667907
v -0.8897547 0.3810159 0.05667908
v -0.8654222 0.4518609 0.05667908
v -0.8527542 0.3853748 0.05667908
v -0.9176438 0.2049436 0.05667908
v -0.8809569 0.2053202 0.05667906
v -0.6877708 0.7166107 0.05633134
v -0.6870468 0.7094643 0.05667908
v -0.6518897 0.7258018 0.05633133
v -0.6511763 0.7188317 0.05667908
v -0.7620149 0.6186125 0.05667908
v -0.7572436 0.5475034 0.05667907
v -0.7202822 0.629337 0.0566791
v -0.7176471 0.5585772 0.0566791
v -0.8750182 0.3220589 0.05667907
v -0.8602818 0.2631018 0.05667907
v -0.8381914 0.3259535 0.05667908
v -0.8236286 0.2665322 0.0566791
v -0.8271692 0.4602901 0.05667907
v -0.8168733 0.3931919 0.05667908
v -0.7889162 0.4687193 0.05667906
v -0.7809924 0.4010089 0.05667908
v -0.844443 0.2083349 0.05667908
v -0.8079289 0.2113496 0.0566791
v -0.6146377 0.7353829 0.05633134
v -0.6139407 0.7285687 0.05667908
v -0.5773857 0.744964 0.05633135
v -0.5767051 0.7383056 0.0566791
v -0.6844128 0.6399149 0.05667908
v -0.6817788 0.5703655 0.05667907
v -0.6485435 0.6504928 0.05667906
v -0.6459106 0.582154 0.05667904
v -0.8047829 0.3327495 0.05667907
v -0.7926926 0.2723071 0.05667907
v -0.7713745 0.3395454 0.05667906
v -0.7617566 0.278082 0.05667904
v -0.7515926 0.4797134 0.05667907
v -0.7459415 0.4119233 0.05667908
v -0.7142689 0.4907075 0.05667908
v -0.7108907 0.4228377 0.05667908
v -0.7795256 0.2158581 0.05667908
v -0.7511222 0.2203666 0.05667906
v -0.5296372 0.7558526 0.05633134
v -0.529243 0.7492597 0.05667908
v -0.4818888 0.7667412 0.05633133
v -0.4817809 0.7602139 0.05667908
v -0.6114727 0.6610071 0.05667908
v -0.6090046 0.5934455 0.05667907
v -0.5744019 0.6715213 0.0566791
v -0.5720987 0.604737 0.0566791
v -0.7388242 0.3496653 0.05667907
v -0.7317068 0.2874072 0.05667907
v -0.7062738 0.3597851 0.05667908
v -0.701657 0.2967324 0.0566791
v -0.6785728 0.5032479 0.05667907
v -0.6753667 0.43613 0.05667908
v -0.6428766 0.5157882 0.05667906
v -0.6398427 0.4494224 0.05667908
v -0.7237096 0.2284683 0.05667908
v -0.696297 0.2365699 0.0566791
v -0.4329784 0.7746604 0.05633134
v -0.4332222 0.7681288 0.05667908
v -0.384068 0.7825797 0.05633135
v -0.3846635 0.7760436 0.0566791
v -0.5295823 0.6816514 0.05667908
v -0.5299214 0.614043 0.05667907
v -0.4847626 0.6917815 0.05667906
v -0.4877442 0.6233491 0.05667904
v -0.6712072 0.3730648 0.05667907
v -0.6670475 0.3099995 0.05667907
v -0.6361404 0.3863445 0.05667906
v -0.6324381 0.3232667 0.05667904
v -0.6062512 0.5275096 0.05667907
v -0.6034977 0.4615736 0.05667908
v -0.5696257 0.5392309 0.05667908
v -0.5671528 0.4737249 0.05667908
v -0.6623158 0.2493659 0.05667908
v -0.6283346 0.2621619 0.05667906
v -0.3446398 0.7831492 0.05633134
v -0.3453947 0.7765726 0.05667908
v -0.3052116 0.7837188 0.05633133
v -0.3061258 0.7771015 0.05667908
v -0.4394396 0.6980497 0.05667908
v -0.4456569 0.6279706 0.05667907
v -0.3941166 0.7043178 0.0566791
v -0.4035696 0.6325921 0.0566791
v -0.6002687 0.398347 0.05667907
v -0.5970395 0.3351204 0.05667907
v -0.5643969 0.4103495 0.05667908
v -0.5616409 0.346974 0.0566791
v -0.5300798 0.5475754 0.05667907
v -0.5302382 0.4811077 0.05667908
v -0.4905339 0.5559197 0.05667906
v -0.4933235 0.4884904 0.05667908
v -0.5935249 0.2735193 0.05667908
v -0.5587152 0.2848768 0.0566791
v -0.2726887 0.77734 0.05633134
v -0.2735693 0.7706391 0.05667908
v -0.3563567 0.7037075 0.05667908
v -0.3673187 0.6308425 0.05667907
v -0.3185968 0.7030972 0.05667906
v -0.3310678 0.6290929 0.05667904
v -0.530095 0.4165412 0.05667907
v -0.5299519 0.3519747 0.05667907
v -0.4957932 0.4227328 0.05667906
v -0.498263 0.3569753 0.05667904
v -0.4515949 0.5589065 0.05667907
v -0.4575329 0.4898424 0.05667908
v -0.4126559 0.5618933 0.05667908
v -0.4217422 0.4911945 0.05667908
v -0.5296279 0.2885489 0.05667908
v -0.5005407 0.2922209 0.05667906
v -0.2859577 0.6975927 0.05667908
v -0.2983461 0.6245463 0.05667907
v -0.2533186 0.6920882 0.0566791
v -0.2656243 0.6199998 0.0566791
v -0.4630052 0.42247 0.05667907
v -0.4684776 0.3550977 0.05667907
v -0.4302173 0.4222072 0.05667908
v -0.4386923 0.35322 0.0566791
v -0.3777933 0.5590884 0.05667907
v -0.3882678 0.4873344 0.05667908
v -0.3429306 0.5562836 0.05667906
v -0.3547933 0.4834742 0.05667908
v -0.4736707 0.2887403 0.05667908
v -0.4468006 0.2852597 0.0566791
v -0.2215118 0.6844155 0.05667909
v -0.233059 0.6148503 0.05667908
v -0.1897049 0.6767429 0.05667908
v -0.2004936 0.6097009 0.05667908
v -0.3979298 0.4174318 0.05667907
v -0.4075918 0.3475292 0.05667907
v -0.3656422 0.4126563 0.05667906
v -0.3764912 0.3418384 0.05667904
v -0.309863 0.552862 0.05667908
v -0.3213799 0.4811778 0.05667908
v -0.2767954 0.5494406 0.0566791
v -0.2879664 0.4788814 0.0566791
v -0.4167663 0.2787375 0.05667908
v -0.3867319 0.2722154 0.05667906
v -0.1576191 0.6662886 0.05667909
v -0.1686085 0.5927519 0.05667908
v -0.1255333 0.6558343 0.0566791
v -0.1367235 0.5758028 0.0566791
v -0.3314443 0.4117636 0.05667908
v -0.3415087 0.3423494 0.05667907
v -0.2972463 0.4108709 0.0566791
v -0.3065262 0.3428605 0.0566791
v -0.2428813 0.5482777 0.05667909
v -0.2527037 0.4817051 0.0566791
v -0.2089672 0.5471148 0.05667908
v -0.2174409 0.4845288 0.0566791
v -0.3507016 0.2742974 0.05667908
v -0.3146714 0.2763793 0.0566791
v -0.2599556 0.4183481 0.05667909
v -0.2672075 0.3549911 0.05667908
v -0.2226648 0.4258253 0.05667908
v -0.2278888 0.3671218 0.05667908
v -0.2733514 0.2932977 0.05667909
v -0.2320314 0.3102161 0.05667908
v -0.1759266 0.5349729 0.05667909
v -0.1832447 0.477194 0.0566791
v -0.142886 0.522831 0.0566791
v -0.1490485 0.4698592 0.0566791
v -0.1869566 0.4241838 0.05667908
v -0.1906684 0.3711737 0.05667908
v -0.1512482 0.4225424 0.05667908
v -0.153448 0.3752257 0.05667908
v -0.1972736 0.3191264 0.05667908
v -0.1625159 0.3280367 0.05667908
v -0.07402191 0.4846224 0.0566791
v -0.1053727 0.5302126 0.0566791
v -0.09291065 0.5894246 0.0566791
v -0.06028801 0.5230148 0.0566791
v -0.08044861 0.6486365 0.0566791
v -0.04655411 0.5614072 0.0566791
v -0.08485222 0.4032367 0.05667913
v -0.1169504 0.4365479 0.05667911
v -0.1111615 0.4833803 0.05667911
v -0.07943706 0.4439296 0.05667911
v -0.0872644 0.3280618 0.0566791
v -0.1203562 0.3516437 0.05667908
v -0.1186533 0.3940958 0.0566791
v -0.08605831 0.3656493 0.05667911
v -0.08844871 0.258142 0.0566791
v -0.1300163 0.2694948 0.0566791
v -0.1251862 0.3105693 0.05667909
v -0.08785656 0.2931019 0.0566791
v -0.0509799 0.6667653 0.0566791
v -0.02265919 0.5876639 0.0566791
v -0.02151119 0.6848941 0.0566791
v 0.001235733 0.6139206 0.0566791
v -0.1279499 0.2457103 0.0566791
v -0.09130241 0.2284786 0.0566791
v -0.09415611 0.1988152 0.0566791
v -0.1258836 0.2219256 0.0566791
v 0.01214884 0.7019855 0.0566791
v 0.03169701 0.632114 0.0566791
v 0.04580887 0.719077 0.0566791
v 0.06215828 0.6503074 0.0566791
v -0.1303512 0.193486 0.0566791
v -0.09783581 0.1731994 0.0566791
v -0.1015155 0.1475835 0.0566791
v -0.1348189 0.1650464 0.0566791
v 0.08068283 0.7320604 0.05667909
v 0.09467597 0.6640494 0.0566791
v 0.1155568 0.7450439 0.05667908
v 0.1271937 0.6777915 0.0566791
v -0.1365109 0.1453281 0.05667909
v -0.1031055 0.1300085 0.0566791
v -0.1046954 0.1124334 0.0566791
v -0.1382028 0.1256099 0.05667908
v 0.1503579 0.7526958 0.05667909
v 0.1602023 0.6858188 0.0566791
v 0.1851589 0.7603476 0.0566791
v 0.193211 0.6938462 0.0566791
v -0.1377364 0.1119105 0.05667909
v -0.1043314 0.09901538 0.0566791
v -0.1039674 0.08559738 0.0566791
v -0.13727 0.09821117 0.0566791
v 0.2183574 0.7641323 0.05667909
v 0.2246014 0.6982772 0.0566791
v 0.2515558 0.7679169 0.05667908
v 0.2559917 0.7027082 0.0566791
v -0.1376775 0.08434133 0.05667909
v -0.1041877 0.07160061 0.0566791
v -0.104408 0.05760384 0.0566791
v -0.1380849 0.0704715 0.05667908
v 0.2820729 0.7672847 0.05667909
v 0.2847616 0.702224 0.0566791
v 0.31259 0.7666526 0.0566791
v 0.3135315 0.7017398 0.0566791
v -0.136095 0.04998209 0.05667909
v -0.102237 0.03797954 0.0566791
v -0.1000659 0.01835525 0.0566791
v -0.1341052 0.02949268 0.0566791
v 0.3392369 0.7627748 0.05667909
v 0.3385367 0.6985343 0.0566791
v -0.1273236 -0.0006510355 0.05667909
v -0.09439087 -0.008778572 0.0566791
v -0.08871582 -0.0359124 0.0566791
v -0.120542 -0.03079475 0.05667908
v -0.1109243 -0.0622826 0.05667909
v -0.08046906 -0.06460159 0.0566791
v -0.07222228 -0.09329078 0.0566791
v -0.1013066 -0.09377044 0.0566791
v 0.4077671 0.7426687 0.05667909
v 0.4266793 0.7343075 0.05667908
v -0.09275814 -0.1185022 0.05667909
v -0.06488212 -0.1173688 0.0566791
v -0.05754196 -0.1414469 0.0566791
v -0.08420971 -0.143234 0.05667908
v 0.4382125 0.6677805 0.0566791
v 0.4215897 0.6748961 0.0566791
v 0.4420015 0.7263637 0.05667909
v 0.4573237 0.7184198 0.0566791
v -0.07879663 -0.166749 0.05667909
v -0.05214855 -0.1646434 0.0566791
v -0.04675514 -0.18784 0.0566791
v -0.07338355 -0.1902639 0.0566791
v 0.4528735 0.6608011 0.0566791
v 0.4720516 0.7126244 0.05667894
v -0.07242925 -0.2188484 0.05667909
v -0.04491791 -0.2144353 0.0566791
v -0.04308067 -0.2410307 0.0566791
v -0.07147495 -0.247433 0.05667908
v 0.5229525 0.7004903 0.05667067
v 0.5193762 0.6435666 0.05666501
v 0.5432684 0.6976895 0.05666411
v 0.5395036 0.6403878 0.05665403
v -0.07018644 -0.2768511 0.05667909
v -0.04115517 -0.2678693 0.0566791
v -0.06889793 -0.3062693 0.0566791
v 0.5711784 0.694057 0.0566404
v 0.5661187 0.6367773 0.05662131
v 0.5990885 0.6904246 0.05661669
v 0.5927337 0.6331668 0.05658859
v -0.06396395 -0.3312437 0.05667909
v -0.03555736 -0.3181195 0.0566791
v 0.6290819 0.6815445 0.05654055
v 0.6206766 0.6246586 0.05650992
v -0.05323625 -0.394475 0.05667909
v -0.02611404 -0.3965176 0.0566791
v -0.02693367 -0.4127809 0.0566791
v -0.05073788 -0.4133704 0.0566791
v -0.05222107 -0.4288154 0.05667909
v -0.02910778 -0.425402 0.0566791
v -0.03128189 -0.4380231 0.0566791
v -0.05370426 -0.4442605 0.05667908
v 0.6729426 0.6026958 0.05629073
v 0.7088977 0.6389776 0.05610616
v 0.7310001 0.6226053 0.05591823
v -0.05649938 -0.4564202 0.05667909
v -0.03290596 -0.447713 0.0566791
v -0.05929451 -0.4685798 0.0566791
v 0.7450392 0.6071685 0.0557064
v 0.7590784 0.5917317 0.05549457
v -0.06040939 -0.4775977 0.05667909
v -0.06152428 -0.4866156 0.05667908
v 0.7526483 0.5317183 0.05548828
v 0.7423292 0.5445082 0.05564991
v 0.7668664 0.5795349 0.05529371
v 0.7746545 0.5673381 0.05509286
v -0.06116756 -0.4943927 0.05667909
v -0.03330765 -0.4796053 0.0566791
v -0.06081085 -0.5021698 0.0566791
v 0.7629831 0.5093496 0.05521398
v 0.7578157 0.5205339 0.05535113
v 0.7793677 0.5563586 0.05492345
v 0.784081 0.545379 0.05475405
v -0.05892982 -0.5098028 0.05667908
v -0.05704879 -0.5174357 0.05667906
v 0.7715564 0.4904924 0.05499689
v 0.7672697 0.499921 0.05510544
v 0.7889969 0.5354197 0.05461842
v 0.7939129 0.5254604 0.05448278
v -0.05431951 -0.5260004 0.05667257
v -0.02488846 -0.5112766 0.05666613
v -0.05159023 -0.5345652 0.0566661
v 0.7805218 0.4708418 0.05483328
v 0.7760391 0.4806671 0.05491509
v 0.8002667 0.5151293 0.05438293
v 0.8066205 0.5047983 0.05428308
v -0.04846331 -0.54453 0.05660846
v -0.04533638 -0.5544947 0.05655083
v 0.7944878 0.4507542 0.05472044
v 0.7875048 0.460798 0.05477686
v 0.8155614 0.4927313 0.05424356
v 0.8245023 0.4806644 0.05420405
v -0.04347786 -0.5681321 0.05634874
v -0.01688515 -0.5579644 0.05624177
v -0.01641434 -0.5728044 0.05601114
v -0.04161934 -0.5817695 0.05614664
v 0.8120735 0.4229683 0.05472395
v 0.8032806 0.4368612 0.05472219
v 0.8351909 0.4633039 0.05426386
v 0.8458794 0.4459434 0.05432368
v -0.04093849 -0.6001143 0.05573777
v -0.01627102 -0.5907874 0.05563618
v -0.0161277 -0.6087705 0.05526123
v -0.04025764 -0.6184591 0.05532891
v 0.8339708 0.3846798 0.05489382
v 0.8230221 0.403824 0.05480888
v 0.8567277 0.4208273 0.05448491
v 0.8675761 0.3957112 0.05464615
v -0.04000566 -0.6408719 0.05473016
v -0.01511028 -0.6299888 0.05478364
v -0.01409286 -0.651207 0.05430605
v -0.03975368 -0.6632848 0.05413141
v 0.8520315 0.3295645 0.05520084
v 0.8430011 0.3571222 0.05504733
v 0.8750319 0.3606534 0.05487724
v 0.8824878 0.3255957 0.05510832
v -0.03641874 -0.6851199 0.05346604
v -0.007137298 -0.6694499 0.05389231
v 0.8624646 0.2588212 0.05557943
v 0.8572481 0.2941929 0.05539013
v 0.8863373 0.284933 0.05534625
v 0.8901868 0.2442703 0.05558418
v 0.8626773 0.1817332 0.0559407
v 0.8625709 0.2202772 0.05576007
v 0.8905206 0.204459 0.05576853
v 0.8908545 0.1646476 0.05595287
v -0.009313354 -0.7399612 0.05173168
v 0.007651978 -0.7517694 0.05145704
v 0.8557996 0.1112415 0.05620697
v 0.8592384 0.1464873 0.05607384
v 0.8869624 0.1288104 0.05608193
v 0.8830703 0.0929731 0.05621099
v 0.0287615 -0.7571967 0.05153823
v 0.04891258 -0.7160532 0.05315797
v 0.06783997 -0.7213149 0.05321356
v 0.04987102 -0.7626238 0.05161941
v 0.839968 0.04737434 0.05639797
v 0.8478838 0.0793079 0.05630247
v 0.8735051 0.06033302 0.05631386
v 0.8639398 0.02769295 0.05641673
v 0.06764471 -0.76548 0.05199979
v 0.08427234 -0.7241747 0.05347409
v 0.1007047 -0.7270344 0.05373463
v 0.08541839 -0.7683363 0.05238017
v 0.829502 0.01880035 0.05647178
v 0.8529592 -0.0009475714 0.05649552
v 0.09963315 -0.7688231 0.05288053
v 0.1143621 -0.7274075 0.05407736
v 0.1280196 -0.7277806 0.05442009
v 0.1138479 -0.76931 0.0533809
v 0.8271518 -0.07583055 0.0566539
v 0.7946922 -0.07958595 0.05666577
v 0.8221529 -0.0972985 0.05668406
v 0.7900043 -0.09984924 0.05668714
v 0.1252922 -0.7686369 0.0538242
v 0.1388761 -0.7277266 0.05472371
v 0.1497326 -0.7276726 0.05502733
v 0.1367365 -0.767964 0.05426751
v 0.8201368 -0.1156217 0.05669057
v 0.7876751 -0.1174764 0.05669107
v 0.8181206 -0.1339448 0.05669706
v 0.1460366 -0.7679244 0.0546083
v 0.1588178 -0.727687 0.05526076
v 0.1679031 -0.7277013 0.05549417
v 0.1553367 -0.7678846 0.05494909
v 0.8160571 -0.151872 0.05669606
v 0.7834747 -0.1523412 0.05669363
v 0.8139936 -0.1697991 0.05669506
v 0.7816034 -0.1695788 0.05669228
v 0.163204 -0.7707203 0.05517598
v 0.1758752 -0.7299968 0.05564957
v 0.1838474 -0.7322922 0.05580498
v 0.1710713 -0.773556 0.05540287
v 0.8103124 -0.1899491 0.05669203
v 0.7784827 -0.188708 0.05668967
v 0.8066312 -0.210099 0.056689
v 0.7753619 -0.2078372 0.05668707
v 0.18114 -0.7756463 0.05550952
v 0.1936663 -0.7333677 0.05587801
v 0.2034852 -0.7344432 0.05595104
v 0.1912086 -0.7777367 0.05561616
v 0.8020753 -0.2345935 0.0566864
v 0.7721344 -0.2307828 0.05668495
v 0.7975195 -0.259088 0.05668379
v 0.7689068 -0.2537285 0.05668283
v 0.2059346 -0.7763724 0.0556115
v 0.2167417 -0.7330574 0.05594786
v 0.2299983 -0.7316716 0.05594467
v 0.2206605 -0.7750081 0.05560684
v 0.7954285 -0.2878864 0.05668219
v 0.767524 -0.2803459 0.05668157
v 0.7933375 -0.3166848 0.05668058
v 0.7661412 -0.3069632 0.0566803
v 0.2368335 -0.7698621 0.0555555
v 0.2444461 -0.7270851 0.05590952
v 0.2588938 -0.7224986 0.05587437
v 0.2530065 -0.764716 0.05550416
v 0.7973064 -0.3490609 0.05668192
v 0.769776 -0.3367504 0.05668113
v 0.8012753 -0.381437 0.05668325
v 0.7734108 -0.3665377 0.05668198
v 0.2665851 -0.7582626 0.05547005
v 0.2713551 -0.7175301 0.055851
v 0.2838163 -0.7125616 0.05582764
v 0.2801638 -0.7518092 0.05543595
v 0.8082038 -0.4147542 0.05669709
v 0.7790689 -0.3969724 0.05669145
v 0.8151324 -0.4480713 0.05671093
v 0.7847272 -0.427407 0.05670092
v 0.2908581 -0.748299 0.05542422
v 0.2940468 -0.709664 0.0558196
v 0.8214694 -0.4799116 0.05674531
v 0.7901089 -0.4567073 0.05672447
v 0.8278064 -0.5117519 0.0567797
v 0.7954907 -0.4860076 0.05674803
v 0.3185091 -0.7520632 0.05543043
v 0.3270538 -0.7563983 0.0554449
v 0.8296782 -0.5398034 0.05682935
v 0.79681 -0.5120149 0.05678203
v 0.83155 -0.5678548 0.05687901
v 0.7981293 -0.5380222 0.05681604
v 0.3363364 -0.7615845 0.05549028
v 0.8269494 -0.5914991 0.05692994
v 0.7941344 -0.5607216 0.05685093
v 0.822349 -0.6151434 0.05698087
v 0.7901394 -0.5834212 0.05688581
v 0.8116207 -0.6363473 0.05699747
v 0.7803248 -0.6035825 0.05689718
v 0.8008926 -0.6575513 0.05701406
v 0.7705103 -0.6237439 0.05690855
v 0.3677005 -0.7698454 0.05572663
v 0.366364 -0.7268099 0.05602673
v 0.3783932 -0.7690132 0.05582548
v 0.7859998 -0.6786523 0.05697125
v 0.7568252 -0.6434586 0.05687921
v 0.771107 -0.6997533 0.05692843
v 0.7431402 -0.6631734 0.05684988
v 0.3878317 -0.7645274 0.05593945
v 0.3972702 -0.7600415 0.05605342
v 0.7527412 -0.7166863 0.05686504
v 0.7258186 -0.6784374 0.05680645
v 0.7343753 -0.7336195 0.05680164
v 0.708497 -0.6937013 0.05676302
v 0.4068673 -0.7530586 0.05616761
v 0.4033154 -0.7124147 0.05632877
v 0.4125648 -0.7059999 0.05640697
v 0.4164643 -0.7460756 0.05628181
v 0.7139796 -0.7430873 0.05676144
v 0.6894515 -0.7024535 0.05673549
v 0.4279945 -0.7389527 0.05638093
v 0.4234042 -0.6993484 0.05647488
v 0.4342436 -0.6926969 0.05654278
v 0.4395248 -0.7318298 0.05648004
v 0.4527361 -0.7242727 0.05654812
v 0.4463406 -0.6854441 0.0565894
v 0.4584375 -0.6781912 0.05663603
v 0.4659475 -0.7167156 0.0566162
v 0.6491959 -0.7536352 0.05668934
v 0.6277907 -0.7524043 0.05668021
v 0.4801115 -0.7100433 0.05664372
v 0.4713555 -0.6725603 0.05665487
v 0.4842735 -0.6669295 0.05667372
v 0.4942756 -0.7033709 0.05667123
v 0.592119 -0.7070327 0.05667761
v 0.6111667 -0.7105212 0.05668093
v 0.6085459 -0.7462546 0.05667885
v 0.589301 -0.7401048 0.05667748
v 0.5077246 -0.7013979 0.05667516
v 0.4967012 -0.6652133 0.05667641
v 0.5585957 -0.6915835 0.0566782
v 0.5753573 -0.699308 0.0566779
v 0.5738325 -0.7304877 0.056678
v 0.5583639 -0.7208707 0.05667852
v 0.5456437 -0.7129673 0.05667879
v 0.5456121 -0.6831794 0.05667861
v 0.5836971 -0.6542718 0.05667922
v 0.6018295 -0.6566142 0.05668277
v 0.5924922 -0.6027071 0.05668461
v 0.5529697 -0.6455262 0.05667843
v 0.5683334 -0.649899 0.05667882
v 0.5258726 -0.6290791 0.05667893
v 0.5394211 -0.6373026 0.05667868
v 0.5148542 -0.6243317 0.05667902
v 0.48224 -0.6162525 0.05667735
v 0.4677787 -0.5672918 0.0566783
v 0.4713228 -0.6185519 0.05667558
v 0.4583721 -0.5701743 0.05667743
v 0.6567234 -0.6487627 0.05671635
v 0.6239953 -0.5950719 0.0566972
v 0.6382812 -0.5862405 0.05670603
v 0.6733891 -0.6399709 0.05673452
v 0.4664582 -0.5047716 0.05667899
v 0.4450524 -0.4395031 0.05667884
v 0.4543904 -0.4912991 0.05667898
v 0.4315955 -0.4181889 0.05667879
v 0.5395045 -0.4804078 0.0566806
v 0.5746069 -0.5421556 0.05668449
v 0.5549712 -0.5313792 0.0566822
v 0.5174502 -0.4600513 0.05667979
v 0.5807984 -0.5251487 0.0566893
v 0.5869898 -0.5081419 0.0566941
v 0.5376015 -0.4552255 0.05668138
v 0.5356984 -0.4300433 0.05668217
v 0.4596416 -0.6223922 0.05666314
v 0.4479277 -0.5722241 0.05667141
v 0.4479604 -0.6262325 0.05665071
v 0.4374833 -0.5742739 0.05666538
v 0.4373384 -0.633795 0.05661993
v 0.4283362 -0.5821459 0.05665046
v 0.4267164 -0.6413574 0.05658916
v 0.4489723 -0.5024856 0.05667849
v 0.4435542 -0.5136721 0.056678
v 0.4287363 -0.45717 0.05667856
v 0.4301659 -0.4376794 0.05667868
v 0.4327119 -0.5063173 0.05667461
v 0.4174961 -0.4404105 0.05667781
v 0.4218696 -0.4989625 0.05667122
v 0.4062559 -0.4236511 0.05667705
v 0.45964 -0.4286987 0.05667877
v 0.4770391 -0.4528672 0.05667877
v 0.482926 -0.4874836 0.05667882
v 0.4590746 -0.444758 0.05667883
v 0.4495959 -0.3731932 0.05667672
v 0.4042748 -0.2880211 0.05667457
v 0.3489096 -0.1473436 0.05667036
v 0.4221528 -0.2935192 0.05667467
v 0.4246636 -0.3637621 0.0566767
v 0.3902526 -0.2827663 0.05667458
v 0.4798771 -0.3743724 0.05667803
v 0.442304 -0.2886934 0.05667626
v 0.4038743 -0.3615884 0.05667619
v 0.3775827 -0.2854973 0.05667371
v 0.6065861 -0.5091738 0.05670277
v 0.6537883 -0.5764148 0.0567199
v 0.5593838 -0.4419326 0.05668564
v 0.5830693 -0.453822 0.05668911
v 0.6261824 -0.5102056 0.05671144
v 0.6692955 -0.5665892 0.05673378
v 0.5088074 -0.3566763 0.05668241
v 0.5753109 -0.4246592 0.05668855
v 0.458231 -0.2714199 0.05667918
v 0.5675525 -0.3954963 0.056688
v 0.403425 -0.4473644 0.05667387
v 0.4158806 -0.5147551 0.05666216
v 0.3846413 -0.3700317 0.05667149
v 0.3658575 -0.2926991 0.05666911
v 0.6898035 -0.6274261 0.05676318
v 0.7062179 -0.6148813 0.05679183
v 0.7177622 -0.596215 0.0568112
v 0.6786991 -0.5489713 0.05674318
v 0.6881027 -0.5313534 0.05675258
v 0.7293065 -0.5775486 0.05683057
v 0.627005 -0.4868152 0.05671587
v 0.6278276 -0.4634249 0.05672029
v 0.4167373 -0.6464626 0.05654434
v 0.4067582 -0.6515678 0.05649953
v 0.3982831 -0.6582334 0.05644791
v 0.3932508 -0.6040522 0.05656705
v 0.3674493 -0.3795286 0.05666169
v 0.3556832 -0.2969641 0.05666286
v 0.3792154 -0.4620931 0.05666052
v 0.3756254 -0.4861317 0.05665318
v 0.3690411 -0.4663582 0.05665427
v 0.3624569 -0.4465847 0.05665537
v 0.3862331 -0.5330727 0.05661378
v 0.3805876 -0.5485501 0.05659759
v 0.5886297 -0.4004614 0.05668963
v 0.5267196 -0.3241211 0.05668347
v 0.5952082 -0.3768224 0.05668776
v 0.4648095 -0.2477808 0.05667731
v 0.5807094 -0.3482181 0.05668426
v 0.6429271 -0.4582573 0.05671929
v 0.6972244 -0.5160532 0.05674894
v 0.7387746 -0.5598179 0.05682306
v 0.7482427 -0.5420871 0.05681556
v 0.7509114 -0.5204498 0.05679253
v 0.7535801 -0.4988124 0.05676951
v 0.3734774 -0.5387866 0.05658565
v 0.3779137 -0.6112151 0.05651703
v 0.3663672 -0.5290232 0.05657371
v 0.3721388 -0.6690125 0.05627188
v 0.3535876 -0.4896339 0.05663566
v 0.3580222 -0.4681093 0.05664551
v 0.3604224 -0.5410339 0.05655794
v 0.3544778 -0.5530447 0.05654217
v 0.352173 -0.382146 0.05665188
v 0.3463237 -0.2961827 0.05665824
v 0.3486627 -0.4673278 0.05664089
v 0.3437379 -0.4450218 0.05664612
v 0.3483559 -0.5398541 0.05653712
v 0.3422341 -0.5266635 0.05653207
v 0.6282163 -0.3898618 0.05669537
v 0.5970637 -0.347209 0.05668362
v 0.7534245 -0.476005 0.05674706
v 0.753269 -0.4531974 0.0567246
v 0.5299662 -0.2834978 0.05667932
v 0.5951229 -0.3192147 0.05668133
v 0.4628687 -0.2197866 0.05667502
v 0.5768278 -0.2922295 0.05667968
v 0.7480361 -0.426469 0.05670907
v 0.7428033 -0.3997405 0.05669353
v 0.3337169 -0.6080372 0.05641087
v 0.3232031 -0.6588714 0.05611295
v 0.3326225 -0.4846713 0.05662721
v 0.3381802 -0.4648466 0.05663667
v 0.3359485 -0.5364419 0.05652377
v 0.329663 -0.5462202 0.05651547
v 0.3374734 -0.3796745 0.05664694
v 0.3367665 -0.2945024 0.05665721
v 0.328623 -0.4631663 0.05663563
v 0.3246235 -0.4416612 0.05664406
v 0.6239028 -0.322255 0.05668198
v 0.5906569 -0.285373 0.05667939
v 0.5250242 -0.2377214 0.05667709
v 0.5871798 -0.2556563 0.05667916
v 0.4593916 -0.1900698 0.05667479
v 0.5698736 -0.232796 0.05667923
v 0.7389448 -0.3730748 0.05668728
v 0.7350863 -0.3464091 0.05668104
v 0.3240551 -0.5336442 0.05651913
v 0.3184473 -0.5210683 0.05652279
v 0.2987676 -0.6569029 0.05611185
v 0.3034884 -0.6041418 0.05640411
v 0.289261 -0.6601849 0.05611716
v 0.7311563 -0.3194517 0.05668055
v 0.7272263 -0.2924943 0.05668007
v 0.3165999 -0.4632154 0.05663592
v 0.3100441 -0.5336786 0.05652002
v 0.3207683 -0.3798976 0.05664719
v 0.3249367 -0.2965797 0.05665846
v 0.2782592 -0.6630358 0.05613258
v 0.2672575 -0.6658866 0.056148
v 0.2544602 -0.6708298 0.05617121
v 0.2644744 -0.6145746 0.0564329
v 0.241663 -0.675773 0.05619441
v 0.6157614 -0.2507488 0.05667959
v 0.5851242 -0.2232266 0.05667971
v 0.7287771 -0.2688126 0.05668107
v 0.730328 -0.245131 0.05668207
v 0.5223553 -0.1938632 0.05667775
v 0.4595864 -0.1644997 0.05667578
v 0.7318639 -0.2241865 0.05668378
v 0.7333997 -0.2032421 0.05668548
v 0.230217 -0.6761401 0.05619652
v 0.2187711 -0.6765072 0.05619863
v 0.2900924 -0.4690196 0.05664068
v 0.2772834 -0.541797 0.05653679
v 0.3011068 -0.3842058 0.05665033
v 0.3121213 -0.2993921 0.05665998
v 0.6039024 -0.1623397 0.05668421
v 0.5870829 -0.1719977 0.05668271
v 0.5243921 -0.1580895 0.05668034
v 0.5891976 -0.1516794 0.05668489
v 0.4617013 -0.1441814 0.05667797
v 0.5744929 -0.1410191 0.05668558
v 0.6410065 -0.1774293 0.0566842
v 0.6949302 -0.1828609 0.05668569
v 0.6511626 -0.1647073 0.05668586
v 0.6984228 -0.1670749 0.05668751
v 0.7367064 -0.1857845 0.05668768
v 0.7400131 -0.1683268 0.05668989
v 0.2093529 -0.6770916 0.05615041
v 0.2250394 -0.6208155 0.05642282
v 0.1999347 -0.677676 0.05610221
v 0.2160219 -0.6230597 0.05639944
v 0.740965 -0.1523788 0.05669137
v 0.6984553 -0.1524164 0.05668911
v 0.6438265 -0.1520479 0.056687
v 0.6364903 -0.1393885 0.05668814
v 0.2520097 -0.4954809 0.05662645
v 0.2636713 -0.4734608 0.05663803
v 0.2443554 -0.5471381 0.05653043
v 0.2340158 -0.5592703 0.05651294
v 0.2825096 -0.3864138 0.05664444
v 0.3013479 -0.2993667 0.05665085
v 0.2528979 -0.4734354 0.05662891
v 0.2537861 -0.4513899 0.05663135
v 0.19258 -0.6748787 0.05599964
v 0.2092848 -0.6197605 0.0563497
v 0.1852254 -0.6720814 0.05589707
v 0.2025478 -0.6164613 0.05629997
v 0.2310914 -0.546598 0.0564893
v 0.2281669 -0.5339257 0.05646566
v 0.1764204 -0.6729898 0.05574302
v 0.194023 -0.6182927 0.05622528
v 0.1676154 -0.6738983 0.05558896
v 0.1854982 -0.6201241 0.05615059
v 0.7481962 -0.1043047 0.05668654
v 0.7505612 -0.08724262 0.05668044
v 0.6473657 -0.1260105 0.05668875
v 0.5923294 -0.129327 0.05668699
v 0.5292569 -0.1262691 0.05668139
v 0.5968125 -0.1083569 0.0566848
v 0.4661844 -0.1232113 0.05667578
v 0.5834591 -0.09907894 0.05668119
v 0.7575324 -0.06703828 0.05665839
v 0.7645035 -0.04683395 0.05663633
v 0.1580118 -0.6726089 0.05538857
v 0.1771476 -0.6174911 0.05605343
v 0.1484082 -0.6713193 0.05518818
v 0.1687969 -0.614858 0.05595627
v 0.2285212 -0.4937013 0.05657976
v 0.2411536 -0.4725456 0.05660556
v 0.2175883 -0.5454192 0.05641542
v 0.2070097 -0.5569127 0.05636518
v 0.2655661 -0.3855566 0.05661746
v 0.2899786 -0.2985676 0.05662937
v 0.2297843 -0.4717464 0.05658407
v 0.2310475 -0.4497916 0.05658838
v 0.6329807 -0.08879958 0.05667593
v 0.6053194 -0.08146375 0.0566708
v 0.5411049 -0.08873346 0.05665689
v 0.6160256 -0.05425568 0.056638
v 0.4768906 -0.09600319 0.05664298
v 0.6048715 -0.04466278 0.0566156
v 0.7731079 -0.02336273 0.05658986
v 0.7817122 0.0001084902 0.05654338
v 0.203466 -0.5446188 0.05631875
v 0.1999222 -0.5323248 0.05627232
v 0.1354151 -0.6719842 0.05496198
v 0.1564681 -0.6165609 0.05584661
v 0.122422 -0.6726491 0.05473579
v 0.1441392 -0.6182638 0.05573696
v 0.7924418 0.02768724 0.05647272
v 0.8031715 0.055266 0.05640205
v 0.1976952 -0.4917484 0.05650221
v 0.2143713 -0.47077 0.05654529
v 0.1854197 -0.5436655 0.05619595
v 0.1709172 -0.5550061 0.05611958
v 0.2442728 -0.383613 0.05657526
v 0.2741743 -0.296456 0.05660522
v 0.1985671 -0.4686584 0.05652115
v 0.199439 -0.4455684 0.05654009
v 0.1081049 -0.6689715 0.05456383
v 0.1319374 -0.6137685 0.05565356
v 0.09378776 -0.665294 0.05439186
v 0.1197356 -0.6092731 0.05557016
v 0.1652522 -0.5412134 0.05608736
v 0.1595873 -0.5274208 0.05605512
v 0.07669909 -0.6613454 0.05435517
v 0.1044856 -0.6066376 0.05555237
v 0.6581352 -0.02283855 0.05658364
v 0.6304865 -0.01874813 0.05656649
v 0.8090317 0.0847648 0.05631237
v 0.8148919 0.1142636 0.05622269
v 0.5591829 -0.04018642 0.05656266
v 0.6414752 0.01563034 0.05648234
v 0.4878792 -0.06162471 0.05655883
v 0.6268489 0.02409416 0.05644729
v 0.8182309 0.1474643 0.05610738
v 0.8215699 0.180665 0.05599207
v 0.1587181 -0.4806853 0.05646429
v 0.1790785 -0.4631268 0.05650219
v 0.1417821 -0.5348822 0.05602728
v 0.1239769 -0.5423437 0.05599943
v 0.2189647 -0.3748544 0.05655636
v 0.2588508 -0.2865819 0.05661052
v 0.1637551 -0.4532527 0.05650749
v 0.6815501 0.05984455 0.05637705
v 0.6480572 0.05746296 0.0563762
v 0.5673946 0.01570452 0.05642416
v 0.6469098 0.09303375 0.05628949
v 0.4867318 -0.02605392 0.05647212
v 0.6245541 0.09523574 0.05627388
v 0.8184837 0.2128406 0.05585524
v 0.8153974 0.2450162 0.05571842
v 0.07918446 -0.5920895 0.05559476
v 0.03602358 -0.6307698 0.05474354
v 0.02752022 -0.615692 0.05498051
v 0.1214698 -0.5226712 0.05605113
v 0.8101491 0.2748069 0.05557997
v 0.8049009 0.3045975 0.05544151
v 0.2019636 -0.3514232 0.05659486
v 0.2528991 -0.2676752 0.05664612
v 0.1450763 -0.4162645 0.0565792
v 0.1568885 -0.3880068 0.05662188
v 0.02323454 -0.5986946 0.0552855
v 0.01894886 -0.581697 0.0555905
v 0.0186171 -0.5637348 0.05585441
v 0.01828533 -0.5457726 0.05611831
v 0.6788325 0.1450753 0.05613671
v 0.6388671 0.1291291 0.05619217
v 0.7951654 0.3255427 0.0553386
v 0.7854297 0.3464878 0.05523569
v 0.5579749 0.06416704 0.0562966
v 0.629218 0.154388 0.05612108
v 0.4770827 -0.0007950589 0.05640103
v 0.6052559 0.1457535 0.05613171
v 0.7774518 0.3632113 0.05518297
v 0.7694738 0.3799347 0.05513024
v 0.1179578 -0.4388041 0.05650567
v 0.142791 -0.3959769 0.05663034
v 0.01716316 -0.5327449 0.0562936
v 0.1975384 -0.3246028 0.05665036
v 0.2522859 -0.2532287 0.0566704
v 0.1421779 -0.3815304 0.05665461
v 0.1556621 -0.3591138 0.05667043
v 0.6566291 0.2058577 0.05595555
v 0.6182238 0.1760562 0.05606709
v 0.5438688 0.09477629 0.05622349
v 0.4695138 0.0134964 0.05637989
v 0.7615641 0.3901519 0.05513712
v 0.7536544 0.4003691 0.05514399
v 0.1157505 -0.4023447 0.0566499
v 0.1411968 -0.3668568 0.0566739
v 0.7492297 0.4106292 0.05518174
v 0.7109545 0.3604603 0.05558663
v 0.7448049 0.4208893 0.0552195
v 0.1958484 -0.3040079 0.05667419
v 0.2504999 -0.2411591 0.05667448
v 0.1394109 -0.3547872 0.05667798
v 0.01207541 -0.4874544 0.05665402
v 0.09256907 -0.4001808 0.05667648
v 0.7398797 0.4285672 0.05528175
v 0.7349547 0.4362451 0.055344
v 0.65759 0.2818497 0.05581513
v 0.6042255 0.203239 0.05604362
v 0.5343808 0.1137387 0.0562165
v 0.464536 0.02423836 0.05638939
v 0.731245 0.4469398 0.05542574
v 0.6952202 0.3939584 0.05574604
v 0.7275352 0.4576343 0.05550748
v 0.00441988 -0.4548804 0.05667912
v 0.1930107 -0.2876224 0.05667664
v 0.2489963 -0.2323489 0.05667453
v 0.1355215 -0.3340856 0.05667879
v 0.5925939 0.2270824 0.05608931
v 0.5238212 0.1321467 0.05627056
v 0.4550486 0.03721093 0.0564518
v 0.643907 0.3105204 0.05591768
v 0.7197129 0.4671781 0.0556213
v 0.7118904 0.4767219 0.05573511
v 0.087584 -0.37569 0.05667898
v 0.7003871 0.4904257 0.0558698
v 0.6584448 0.4363431 0.05608968
v 0.1919722 -0.2736887 0.05667664
v 0.2491675 -0.2227731 0.05667448
v 0.134948 -0.3150286 0.05667875
v 0.1494254 -0.2982026 0.0566786
v 0.002883798 -0.4262261 0.05667913
v 0.002888223 -0.4188107 0.05667912
v 0.005099946 -0.4079251 0.05667912
v 0.007311668 -0.3970394 0.05667912
v 0.612157 0.3462399 0.05618031
v 0.5658691 0.2561367 0.05627093
v 0.5705507 0.290508 0.05630861
v 0.6081539 0.3707343 0.05625302
v 0.4996602 0.15328 0.05642367
v 0.5442718 0.2693491 0.05639553
v 0.4334512 0.05042332 0.0565764
v 0.5179929 0.2481902 0.05648245
v 0.6488914 0.5304215 0.05629854
v 0.6248404 0.4581472 0.05630634
v 0.6039236 0.4653338 0.05641525
v 0.6262716 0.5407422 0.05642325
v 0.5845561 0.3637481 0.05635094
v 0.5609583 0.3567621 0.05644885
v 0.1084134 -0.3290463 0.05667888
v 0.135813 -0.3015163 0.05667874
v 0.007510433 -0.3843337 0.05667912
v 0.007709199 -0.371628 0.05667912
v 0.1928203 -0.2545313 0.05667664
v 0.2498275 -0.2075463 0.05667453
v 0.136473 -0.2862895 0.05667879
v 0.1507455 -0.267749 0.05667869
v 0.5088751 0.3145293 0.05657516
v 0.513434 0.2813598 0.05652881
v 0.4591712 0.1694243 0.05659333
v 0.4848912 0.2884254 0.05661025
v 0.4049084 0.0574889 0.05665785
v 0.4609072 0.2623214 0.05664533
v 0.547924 0.3782083 0.05650867
v 0.5824139 0.4750568 0.05648852
v 0.5348897 0.3996545 0.05656848
v 0.5609042 0.4847797 0.05656179
v 0.6015453 0.5498577 0.05649922
v 0.5768189 0.5589733 0.05657519
v 0.007056733 -0.354843 0.05667913
v 0.006404268 -0.3380579 0.05667913
v 0.1099599 -0.2921042 0.05667891
v 0.1364726 -0.264501 0.05667879
v 0.5519879 0.5611072 0.05661195
v 0.5378571 0.4854369 0.05660258
v 0.51481 0.4860941 0.05664337
v 0.5271568 0.5632409 0.0566487
v 0.5113741 0.3869311 0.05660642
v 0.4878586 0.3742077 0.05664435
v 0.1925469 -0.2246928 0.05667665
v 0.2486212 -0.1848846 0.05667451
v 0.1352663 -0.2418393 0.05667877
v 0.1483329 -0.2224255 0.05667866
v 0.003261891 -0.3186977 0.05667913
v -0.003215789 -0.2560405 0.05667913
v -0.006068077 -0.2323858 0.05667912
v 0.5084599 0.5677934 0.05666202
v 0.4975436 0.4920202 0.05665902
v 0.4802771 0.4979464 0.05667467
v 0.4897629 0.5723459 0.05667533
v 0.4761029 0.3928674 0.05665925
v 0.4546623 0.2937146 0.05665947
v 0.4484173 0.3251079 0.05667362
v 0.4643472 0.4115271 0.05667415
v 0.4185054 0.1776465 0.05666682
v 0.4321023 0.2978042 0.05667578
v 0.3823485 0.06157845 0.05667415
v 0.4157873 0.2705005 0.05667795
v 0.4741338 0.5740717 0.05667723
v 0.464876 0.49786 0.05667692
v 0.4484892 0.397832 0.05667635
v 0.4326311 0.384137 0.05667856
v 0.1062979 -0.237883 0.0566789
v 0.1322447 -0.2127981 0.05667877
v -0.007725811 -0.2082735 0.05667913
v -0.009383545 -0.1841612 0.05667913
v 0.1883773 -0.1854237 0.05667664
v 0.24451 -0.1580493 0.05667451
v 0.1281334 -0.1859629 0.05667877
v 0.1401104 -0.1687551 0.05667866
v 0.4035257 0.3357779 0.05667888
v 0.4096565 0.3031392 0.05667841
v 0.386251 0.1851355 0.05667645
v 0.3901536 0.3086925 0.05667874
v 0.3628455 0.06713177 0.05667448
v 0.3767815 0.2816071 0.0566786
v 0.4229499 0.4043396 0.05667879
v 0.4132687 0.4245422 0.05667902
v 0.4304914 0.5879891 0.05667913
v 0.4081093 0.5151771 0.05667916
v 0.3932067 0.5170477 0.05667917
v 0.4157096 0.5924141 0.05667913
v 0.0970249 -0.1732502 0.0566789
v 0.1219775 -0.1546738 0.05667877
v -0.015151 -0.162365 0.05667913
v -0.02091846 -0.1405688 0.05667912
v 0.3991314 0.4119348 0.05667895
v 0.3849941 0.3993274 0.05667888
v 0.3988659 0.5999358 0.05667913
v 0.3761421 0.5249755 0.05667916
v 0.180169 -0.1425682 0.05667664
v 0.2383604 -0.1304625 0.05667451
v 0.115828 -0.1270871 0.05667877
v 0.1278113 -0.1135815 0.05667866
v -0.02644312 -0.1181805 0.05667913
v -0.03196777 -0.09579229 0.05667913
v -0.03963751 -0.07016732 0.05667913
v -0.04730725 -0.04454235 0.05667912
v 0.3711128 0.4201286 0.05667895
v 0.3660834 0.3152817 0.05667874
v 0.3553853 0.3489563 0.05667888
v 0.3572314 0.4409298 0.05667902
v 0.3521816 0.1932929 0.05667661
v 0.3415176 0.3194541 0.05667874
v 0.3382798 0.07130416 0.05667448
v 0.3276499 0.2899519 0.0566786
v 0.3386062 0.6153535 0.05667913
v 0.3386758 0.5321728 0.05667916
v 0.3182739 0.5314424 0.05667917
v 0.3159027 0.6165911 0.05667913
v 0.3400967 0.4258135 0.05667895
v 0.3229619 0.4106972 0.05667888
v 0.08234736 -0.1074018 0.0566789
v 0.108629 -0.09536031 0.05667877
v -0.05127201 -0.02092468 0.05667913
v -0.05523678 0.002692985 0.05667913
v 0.1708377 -0.09960522 0.05667664
v 0.2330464 -0.1038501 0.05667451
v 0.103315 -0.0687479 0.05667877
v 0.1171833 -0.06035667 0.05667866
v 0.290248 0.3516296 0.05667888
v 0.308949 0.3207908 0.05667874
v 0.3075588 0.1942879 0.05667661
v 0.2768379 0.3172716 0.05667874
v 0.3061687 0.067785 0.05667448
v 0.2634277 0.2829136 0.0566786
v 0.3016868 0.4276262 0.05667895
v 0.2944245 0.5344616 0.05667916
v 0.2804116 0.4445552 0.05667902
v 0.2705752 0.5374808 0.05667915
v 0.2895931 0.6183428 0.05667913
v 0.2632834 0.6200945 0.05667912
v 0.06934299 -0.04339643 0.0566789
v 0.09916645 -0.04173866 0.05667877
v -0.05815027 0.02110441 0.05667913
v -0.06106377 0.03951584 0.05667912
v 0.2348244 0.6140997 0.05667913
v 0.2450475 0.5299222 0.05667916
v 0.2195198 0.5223637 0.05667917
v 0.2063654 0.6081049 0.05667913
v 0.2609427 0.4235969 0.05667895
v 0.2414738 0.4026386 0.05667888
v 0.1652566 -0.06293949 0.05667664
v 0.2313468 -0.08414032 0.0566745
v 0.09746677 -0.02202885 0.05667876
v 0.1137839 -0.02093704 0.05667864
v -0.06023319 0.05250534 0.05667913
v -0.05940262 0.06549484 0.05667913
v -0.06042408 0.07849155 0.05667913
v -0.06144554 0.09148826 0.05667912
v 0.1758401 0.6015995 0.05667913
v 0.1914778 0.5173801 0.05667916
v 0.1453148 0.5950941 0.05667912
v 0.2144058 0.4122967 0.05667895
v 0.2373337 0.3072132 0.05667874
v 0.2545536 0.1801528 0.05667661
v 0.2717735 0.05309235 0.05667448
v 0.1163761 0.5802649 0.05667913
v 0.08743736 0.5654356 0.05667913
v 0.06518669 0.004012489 0.0566789
v 0.09721749 -0.003110848 0.05667876
v -0.05926679 0.106374 0.05667913
v -0.05708805 0.1212598 0.05667913
v 0.1646173 -0.03544161 0.05667663
v 0.2320171 -0.06777237 0.0566745
v 0.09788784 0.0132571 0.05667876
v 0.1151247 0.01179886 0.05667864
v 0.1667046 0.269128 0.05667874
v 0.2063289 0.1478849 0.05667661
v 0.1408842 0.2426774 0.05667874
v 0.2459532 0.02664181 0.05667448
v 0.1429967 0.2006272 0.0566786
v 0.127311 0.367739 0.05667895
v 0.08791748 0.4663501 0.05667916
v 0.05980724 0.5492321 0.05667913
v 0.03217712 0.5330284 0.05667912
v 0.066697 0.04487985 0.0566789
v 0.09939881 0.03493404 0.05667876
v -0.05518125 0.1436763 0.05667913
v -0.05327446 0.1660929 0.05667912
v 0.011993 0.5072174 0.05667912
v -0.008191109 0.4814064 0.05667912
v 0.1663423 -0.00436695 0.05667663
v 0.2332858 -0.04366794 0.0566745
v 0.1006675 0.05903847 0.05667876
v 0.117662 0.0600077 0.05667864
v -0.05015636 0.1915197 0.05667913
v -0.04703827 0.2169465 0.05667913
v -0.04746111 0.2484996 0.05667913
v -0.04788395 0.2800528 0.05667912
v 0.1021696 0.2745078 0.05667889
v 0.1198674 0.2059491 0.05667875
v -0.02145315 0.449633 0.05667912
v -0.03471519 0.4178596 0.05667912
v 0.1774682 0.09837224 0.05667661
v 0.1089833 0.1701027 0.05667875
v 0.2350691 -0.009204559 0.05667448
v 0.1212286 0.1289345 0.0566786
v -0.03911673 0.381335 0.05667913
v -0.04351826 0.3448104 0.05667914
v -0.04570111 0.3124316 0.05667914
v 0.07035767 0.1051094 0.0566789
v 0.1016928 0.09330868 0.05667877
v 0.1683809 0.04205206 0.05667663
v 0.103476 0.1277721 0.05667875
v 0.07537645 0.1882998 0.05667889

vt 0.3289655 0.8716794
vt 0.3273285 0.8715141
vt 0.3281286 0.8771793
vt 0.3293472 0.8800944
vt 0.3256915 0.8713487
vt 0.3277102 0.8799291
vt 0.3297289 0.8885095
vt 0.3305387 0.8830495
vt 0.3309437 0.8803196
vt 0.3313254 0.8887346
vt 0.3329218 0.8889598
vt 0.1481513 0.784156
vt 0.1495301 0.7847053
vt 0.1519026 0.7761253
vt 0.1523994 0.7715606
vt 0.1509088 0.7852545
vt 0.1537782 0.7721099
vt 0.1566475 0.7589653
vt 0.1529184 0.7669435
vt 0.1510538 0.7709325
vt 0.155302 0.7583371
vt 0.1539564 0.757709
vt 0.1329493 0.1840377
vt 0.1341171 0.1780771
vt 0.1333954 0.1753213
vt 0.1324507 0.1769238
vt 0.1352848 0.1721164
vt 0.1336184 0.1709631
vt 0.1319521 0.1698098
vt 0.1856439 0.3022095
vt 0.1849059 0.2943699
vt 0.1835176 0.2916248
vt 0.1831924 0.2941719
vt 0.184168 0.2865303
vt 0.1824544 0.2863324
vt 0.1807409 0.2861344
vt 0.346273 0.0391821
vt 0.3536085 0.03839867
vt 0.3562171 0.03696755
vt 0.3538537 0.0366437
vt 0.3609439 0.03761524
vt 0.3611892 0.03586027
vt 0.3614345 0.0341053
vt 0.1448375 0.8224902
vt 0.1477657 0.8149946
vt 0.1478056 0.8119107
vt 0.1463615 0.8141166
vt 0.1506939 0.8074991
vt 0.1492897 0.806621
vt 0.1478855 0.805743
vt 0.134143 0.8597413
vt 0.1382919 0.8503138
vt 0.1386875 0.8466927
vt 0.1368108 0.849596
vt 0.1424408 0.8408862
vt 0.1409597 0.8401684
vt 0.1394786 0.8394506
vt 0.3311419 0.9085413
vt 0.3282671 0.9171064
vt 0.3284627 0.9205109
vt 0.3299979 0.9179307
vt 0.3253923 0.9256716
vt 0.3271231 0.9264958
vt 0.3288539 0.92732
vt 0.3286694 0.8977183
vt 0.3294935 0.9013261
vt 0.3304354 0.8985254
vt 0.3276098 0.9069272
vt 0.3293758 0.9077343
vt 0.3258848 0.8791595
vt 0.3271661 0.8822762
vt 0.3260781 0.8869703
vt 0.3279035 0.8877399
vt 0.323034 0.8549063
vt 0.3224392 0.8623843
vt 0.3235233 0.8653725
vt 0.3243628 0.8631275
vt 0.3218443 0.8698623
vt 0.3237679 0.8706055
vt 0.3254873 0.8359635
vt 0.3222667 0.8447127
vt 0.3225225 0.8481106
vt 0.3242607 0.8454349
vt 0.3190461 0.853462
vt 0.3210401 0.8541842
vt 0.4262704 0.6257793
vt 0.4230393 0.6335503
vt 0.4230382 0.6365954
vt 0.4246533 0.6342324
vt 0.4198082 0.6413213
vt 0.4214222 0.6420034
vt 0.4230362 0.6426855
vt 0.571996 0.5280337
vt 0.5667328 0.5333589
vt 0.5657026 0.5359053
vt 0.567819 0.5345159
vt 0.5614696 0.5386842
vt 0.5625558 0.5398411
vt 0.563642 0.540998
vt 0.4231767 0.6239778
vt 0.4212246 0.6228074
vt 0.4194025 0.6283702
vt 0.4194676 0.6317368
vt 0.4192724 0.621637
vt 0.4175154 0.6305664
vt 0.4157584 0.6394958
vt 0.5697411 0.5258398
vt 0.5683448 0.5244219
vt 0.5651494 0.5281886
vt 0.5642499 0.5307809
vt 0.5669484 0.5230041
vt 0.5628535 0.529363
vt 0.5587586 0.5357221
vt 0.5844822 0.2810169
vt 0.5909797 0.2927196
vt 0.5943844 0.296918
vt 0.592838 0.2931659
vt 0.5974772 0.3044222
vt 0.5993356 0.3048686
vt 0.601194 0.3053149
vt 0.5828107 0.2808264
vt 0.5876995 0.2886916
vt 0.5811392 0.2806358
vt 0.5893082 0.292529
vt 0.5692547 0.259805
vt 0.575197 0.2702204
vt 0.5782921 0.2738193
vt 0.5768684 0.270411
vt 0.5675913 0.259875
vt 0.5721073 0.2667952
vt 0.5659279 0.2599449
vt 0.5735335 0.2702903
vt 0.3460627 0.04265812
vt 0.3458551 0.04482883
vt 0.3506465 0.04388239
vt 0.3531459 0.04232381
vt 0.3456475 0.04699954
vt 0.3529383 0.04449452
vt 0.3602291 0.04198951
vt 0.1366601 0.186458
vt 0.1389835 0.1880141
vt 0.1391513 0.1836731
vt 0.1380736 0.1807244
vt 0.1413068 0.1895703
vt 0.1403969 0.1822806
vt 0.139487 0.1749909
vt 0.1889203 0.3022539
vt 0.1910067 0.3023449
vt 0.1901748 0.2973005
vt 0.1887156 0.2947328
vt 0.1930931 0.302436
vt 0.190802 0.2948239
vt 0.1885109 0.2872118
vt 0.1477894 0.8240747
vt 0.1496801 0.8251143
vt 0.151215 0.8200128
vt 0.1510371 0.8169422
vt 0.1515708 0.8261539
vt 0.1529278 0.8179818
vt 0.1542848 0.8098097
vt 0.137111 0.861029
vt 0.1390045 0.861882
vt 0.1414142 0.8555136
vt 0.1416723 0.8519028
vt 0.1408979 0.8627349
vt 0.1435658 0.8527558
vt 0.1462337 0.8427767
vt 0.1668594 0.9422951
vt 0.1737269 0.942742
vt 0.1679544 0.9410969
vt 0.1616344 0.9400508
vt 0.1805944 0.943189
vt 0.1685019 0.9404978
vt 0.1564094 0.9378065
vt 0.1753067 0.9442874
vt 0.1770693 0.9439213
vt 0.1837541 0.9462796
vt 0.1821743 0.9447343
vt 0.1799438 0.9173744
vt 0.1622443 0.9204588
vt 0.1677876 0.923826
vt 0.179409 0.9239674
vt 0.1445447 0.9235432
vt 0.1617094 0.9270518
vt 0.1788741 0.9305604
vt 0.2552523 0.966085
vt 0.2400115 0.9623712
vt 0.2406985 0.9631102
vt 0.2486624 0.9653366
vt 0.2247707 0.9586574
vt 0.2334216 0.9616228
vt 0.2420725 0.9645882
vt 0.2428638 0.9618245
vt 0.2368328 0.9607689
vt 0.2304752 0.9575641
vt 0.227623 0.9581107
vt 0.3253704 0.9058498
vt 0.3239017 0.9117501
vt 0.3242869 0.9152389
vt 0.3231311 0.9047724
vt 0.3220476 0.9141615
vt 0.3209641 0.9235506
vt 0.2987611 0.9059792
vt 0.3061621 0.9118363
vt 0.2743912 0.907186
vt 0.2976776 0.9153683
vt 0.1814874 0.8980861
vt 0.160168 0.8925306
vt 0.1535842 0.8980989
vt 0.1609521 0.9036608
vt 0.1388485 0.8869749
vt 0.1396326 0.8981052
vt 0.1404167 0.9092355
vt 0.323767 0.8859251
vt 0.3235551 0.8922075
vt 0.3246046 0.8958713
vt 0.321456 0.8848799
vt 0.3222935 0.8948262
vt 0.2768327 0.8884816
vt 0.2526574 0.8900079
vt 0.2599021 0.895734
vt 0.2756119 0.8978338
vt 0.2284822 0.891534
vt 0.2514367 0.8993601
vt 0.3194056 0.8688471
vt 0.320089 0.8741914
vt 0.3216501 0.8773711
vt 0.3169668 0.8678319
vt 0.3192114 0.8763559
vt 0.3165168 0.8524575
vt 0.3166668 0.8575823
vt 0.3180065 0.860647
vt 0.3139874 0.851453
vt 0.3154771 0.8596425
vt 0.2323858 0.8548707
vt 0.2103593 0.8560628
vt 0.2174225 0.8615758
vt 0.2319674 0.8637362
vt 0.1883329 0.8572549
vt 0.2099409 0.8649282
vt 0.231549 0.8726016
vt 0.3215378 0.8345097
vt 0.3190301 0.833505
vt 0.3173492 0.8394877
vt 0.3177626 0.8429813
vt 0.3165224 0.8325004
vt 0.3152549 0.8419767
vt 0.2918364 0.84396
vt 0.2853393 0.8471143
vt 0.2931662 0.852438
vt 0.2696854 0.836467
vt 0.2710153 0.844945
vt 0.2723451 0.8534229
vt 0.1911655 0.8239863
vt 0.1713681 0.8250701
vt 0.1780089 0.8301051
vt 0.191228 0.8320807
vt 0.1714306 0.8331645
vt 0.1912905 0.840175
vt 0.1913808 0.8050556
vt 0.1741791 0.7973701
vt 0.1675476 0.8015167
vt 0.1728328 0.8074327
vt 0.1569774 0.7896847
vt 0.1556311 0.7997472
vt 0.2722836 0.8161008
vt 0.251864 0.8073289
vt 0.2440284 0.8117962
vt 0.2503203 0.8184157
vt 0.2314445 0.798557
vt 0.2299007 0.8096438
vt 0.228357 0.8207306
vt 0.2135067 0.7897543
vt 0.2061314 0.7948548
vt 0.2114126 0.8018063
vt 0.1955689 0.7809516
vt 0.1934748 0.7930036
vt 0.5487798 0.5138041
vt 0.5521061 0.5211102
vt 0.5306113 0.5046042
vt 0.544685 0.5201632
vt 0.5808139 0.493809
vt 0.567996 0.4801551
vt 0.5614814 0.4782192
vt 0.564633 0.4840781
vt 0.5551781 0.4665012
vt 0.551815 0.4704242
vt 0.548452 0.4743473
vt 0.2034343 0.3024496
vt 0.2052224 0.2981299
vt 0.2009459 0.2959631
vt 0.2137755 0.3024633
vt 0.2112871 0.2959768
vt 0.2087986 0.2894902
vt 0.6236625 0.4347159
vt 0.6056679 0.4322938
vt 0.6092085 0.4396164
vt 0.6199759 0.4444887
vt 0.5876733 0.4298717
vt 0.6019814 0.4420666
vt 0.6162894 0.4542615
vt 0.1538954 0.1907301
vt 0.1490926 0.1854837
vt 0.1664839 0.19189
vt 0.1529855 0.1834405
vt 0.515663 0.2207536
vt 0.5058329 0.2258072
vt 0.5073094 0.2304173
vt 0.5129627 0.2301956
vt 0.4960028 0.2308608
vt 0.5031326 0.2352492
vt 0.5102624 0.2396375
vt 0.2374827 0.1150531
vt 0.2442869 0.1258826
vt 0.2478424 0.1279689
vt 0.246218 0.1235973
vt 0.2510911 0.136712
vt 0.2530223 0.1344268
vt 0.2549534 0.1321415
vt 0.2443898 0.1024789
vt 0.2536064 0.1121551
vt 0.2523665 0.1070084
vt 0.2471381 0.09959686
vt 0.2628231 0.1218313
vt 0.2563548 0.1092731
vt 0.2498865 0.09671485
vt 0.3512942 0.06020649
vt 0.3542725 0.05413416
vt 0.3569409 0.07341343
vt 0.358585 0.05770147
vt 0.3124924 0.08780012
vt 0.3144907 0.1007557
vt 0.3168287 0.1025821
vt 0.3169984 0.09701751
vt 0.3164891 0.1137112
vt 0.3189968 0.1099731
vt 0.3215044 0.1062349
vt 0.3444954 0.07860756
vt 0.3494393 0.09660169
vt 0.3519398 0.08887228
vt 0.3507181 0.0760105
vt 0.3543831 0.1145958
vt 0.355662 0.09400463
vt 0.3194815 0.1311061
vt 0.3219236 0.1345728
vt 0.3216484 0.1276087
vt 0.3224739 0.148501
vt 0.3246408 0.1450036
vt 0.3268076 0.1415063
vt 0.3447753 0.1208887
vt 0.3409225 0.123523
vt 0.3409342 0.1393461
vt 0.3428665 0.1459405
vt 0.3370697 0.1261574
vt 0.3390137 0.1485748
vt 0.3409576 0.1709923
vt 0.331462 0.1356942
vt 0.3362098 0.1533432
vt 0.3364964 0.1442813
vt 0.3342659 0.1309258
vt 0.3291348 0.1386002
vt 0.3305584 0.1530541
vt 0.3324338 0.158828
vt 0.3301066 0.161734
vt 0.3334055 0.1819618
vt 0.3442222 0.1578659
vt 0.3458546 0.1513027
vt 0.3439457 0.1763544
vt 0.3469338 0.1817166
vt 0.2957463 0.1521957
vt 0.3055861 0.1706459
vt 0.3044047 0.1641291
vt 0.2988942 0.1516456
vt 0.3154259 0.1890961
vt 0.3087339 0.1700958
vt 0.302042 0.1510955
vt 0.3056428 0.1770286
vt 0.3089038 0.1810511
vt 0.3155392 0.2018615
vt 0.3154826 0.1954788
vt 0.2686598 0.1190031
vt 0.278933 0.1349199
vt 0.2776061 0.1292871
vt 0.271806 0.1185124
vt 0.2892063 0.1508366
vt 0.2820792 0.1344291
vt 0.2749522 0.1180217
vt 0.4046638 0.1403525
vt 0.4011974 0.1347413
vt 0.3957531 0.1471648
vt 0.3947642 0.1561822
vt 0.3977311 0.1291302
vt 0.3912978 0.150571
vt 0.3848646 0.1720119
vt 0.2712803 0.1381465
vt 0.2757781 0.143211
vt 0.2737983 0.1375857
vt 0.2797375 0.1544617
vt 0.2822555 0.1539008
vt 0.2847736 0.15334
vt 0.2583119 0.1267666
vt 0.2690247 0.1406141
vt 0.2669575 0.1343532
vt 0.2605675 0.124299
vt 0.2675757 0.1430711
vt 0.2716296 0.1468679
vt 0.2768394 0.1593755
vt 0.2782885 0.1569186
vt 0.2658964 0.1457585
vt 0.2633682 0.1394279
vt 0.2566326 0.1294541
vt 0.3999985 0.1642005
vt 0.4037522 0.159803
vt 0.4079616 0.1456802
vt 0.3953333 0.1880486
vt 0.4032964 0.1695282
vt 0.4112595 0.1510079
vt 0.4158408 0.1661016
vt 0.4135501 0.1585547
vt 0.4074779 0.168386
vt 0.405587 0.1770751
vt 0.4098864 0.1872402
vt 0.4139255 0.1846293
vt 0.4189223 0.1727546
vt 0.4039321 0.2083787
vt 0.4129679 0.1938932
vt 0.4220038 0.1794077
vt 0.2605232 0.1516483
vt 0.2646577 0.1550836
vt 0.2620089 0.1493332
vt 0.2699553 0.1665845
vt 0.271441 0.1642694
vt 0.2729267 0.1619543
vt 0.4274691 0.1939784
vt 0.4247364 0.186693
vt 0.4178017 0.1939216
vt 0.4157006 0.2011786
vt 0.2581361 0.1703045
vt 0.2726394 0.1857465
vt 0.2696939 0.179649
vt 0.2609695 0.1688793
vt 0.2871428 0.2011884
vt 0.2754728 0.1843213
vt 0.2638029 0.1674541
vt 0.4205999 0.2104234
vt 0.4255202 0.2084587
vt 0.4314149 0.1992539
vt 0.4137307 0.2268683
vt 0.4245456 0.2156989
vt 0.4353607 0.2045295
vt 0.4417086 0.2146537
vt 0.4385346 0.2095916
vt 0.4302666 0.2153505
vt 0.4277196 0.220761
vt 0.2746272 0.1921411
vt 0.2787991 0.1951569
vt 0.2911184 0.2139777
vt 0.2891306 0.2075831
vt 0.4220936 0.2274707
vt 0.4262751 0.2277719
vt 0.4122862 0.2338792
vt 0.4108417 0.2408901
vt 0.244827 0.1746752
vt 0.2612175 0.1894042
vt 0.2575191 0.1832686
vt 0.2474746 0.1728362
vt 0.2776081 0.2041333
vt 0.2638652 0.1875653
vt 0.2501223 0.1709972
vt 0.2638758 0.1957651
vt 0.2684532 0.1985545
vt 0.2829246 0.216855
vt 0.2802663 0.2104942
vt 0.4786987 0.2142959
vt 0.4664667 0.2218447
vt 0.4648921 0.2264912
vt 0.4702208 0.22504
vt 0.4542347 0.2293935
vt 0.4579888 0.2325888
vt 0.4617429 0.2357841
vt 0.4689697 0.2434323
vt 0.4653563 0.2396082
vt 0.4546541 0.2433201
vt 0.4511096 0.247088
vt 0.4474962 0.2432639
vt 0.4332496 0.2507437
vt 0.4583417 0.2525719
vt 0.4660127 0.2518197
vt 0.4751621 0.2468738
vt 0.4477136 0.2617115
vt 0.464534 0.2560134
vt 0.4813545 0.2503153
vt 0.4934928 0.2589041
vt 0.4874237 0.2546097
vt 0.474187 0.256977
vt 0.4706032 0.2603078
vt 0.4811281 0.2668337
vt 0.4905079 0.2673011
vt 0.5013801 0.26357
vt 0.4687634 0.2747633
vt 0.4890155 0.2714996
vt 0.5092675 0.2682359
vt 0.5214056 0.280566
vt 0.5153366 0.2744009
vt 0.4998122 0.2745218
vt 0.4950845 0.2776647
vt 0.1859648 0.1975018
vt 0.1812759 0.1917993
vt 0.169191 0.1861422
vt 0.2054456 0.2031136
vt 0.1886718 0.191754
vt 0.171898 0.1803944
vt 0.5046989 0.2872012
vt 0.5147843 0.289818
vt 0.5281805 0.2878088
vt 0.4879921 0.2938363
vt 0.5114737 0.2944439
vt 0.5349553 0.2950516
vt 0.5415841 0.31044
vt 0.5382698 0.3027458
vt 0.5215105 0.299776
vt 0.5147881 0.3021381
vt 0.2033188 0.2134927
vt 0.2234954 0.2284693
vt 0.2346262 0.2333663
vt 0.2301033 0.2283264
vt 0.243672 0.243446
vt 0.2502799 0.2433031
vt 0.2568879 0.2431602
vt 0.2031523 0.2185531
vt 0.2166589 0.2268507
vt 0.2029858 0.2236134
vt 0.2233289 0.2335297
vt 0.2084332 0.2346029
vt 0.2260526 0.2390245
vt 0.2183637 0.2338875
vt 0.2057095 0.2291082
vt 0.5194921 0.3129263
vt 0.5290666 0.3168358
vt 0.5448998 0.3175474
vt 0.4974002 0.3154126
vt 0.5228078 0.3200337
vt 0.5482154 0.3246549
vt 0.5482795 0.3359242
vt 0.5482475 0.3302895
vt 0.5312984 0.3253306
vt 0.5228398 0.3256684
vt 0.209744 0.2382762
vt 0.2228562 0.2442822
vt 0.2287569 0.2454486
vt 0.2110547 0.2419495
vt 0.2300677 0.2491219
vt 0.2490806 0.2562943
vt 0.5240706 0.3333218
vt 0.5331507 0.3372268
vt 0.5497951 0.3404805
vt 0.4998617 0.3307194
vt 0.5255861 0.3378781
vt 0.5513107 0.3450368
vt 0.1840426 0.2383215
vt 0.1999091 0.2436493
vt 0.2036243 0.2430827
vt 0.1975487 0.2401355
vt 0.2157755 0.2489771
vt 0.2134151 0.2454633
vt 0.232428 0.2526357
vt 0.2253036 0.2490736
vt 0.1862764 0.2459733
vt 0.201026 0.2474752
vt 0.1953649 0.244424
vt 0.1851595 0.2421474
vt 0.5501795 0.3510494
vt 0.5507451 0.3480431
vt 0.5337839 0.3422686
vt 0.5250206 0.3408844
vt 0.216272 0.2518955
vt 0.2286554 0.256379
vt 0.2345988 0.2571615
vt 0.2167685 0.2548139
vt 0.2350953 0.2600799
vt 0.2534221 0.2653459
vt 0.1877304 0.2525274
vt 0.2037665 0.2567601
vt 0.2081005 0.2561114
vt 0.2022494 0.2536707
vt 0.2198026 0.2609927
vt 0.2182855 0.2579033
vt 0.1887544 0.2579097
vt 0.2042785 0.2594512
vt 0.1987625 0.2571433
vt 0.1882424 0.2552186
vt 0.5108333 0.3374813
vt 0.516319 0.3408622
vt 0.49116 0.3306972
vt 0.4824584 0.3306751
vt 0.5527787 0.3618591
vt 0.5530931 0.3594335
vt 0.5358724 0.3528833
vt 0.5271049 0.350821
vt 0.5534075 0.3570079
vt 0.5274193 0.3483953
vt 0.501431 0.3397828
vt 0.2379358 0.2671143
vt 0.2477491 0.2690195
vt 0.2435891 0.2669113
vt 0.2560691 0.2732358
vt 0.2617223 0.2730329
vt 0.2673756 0.27283
vt 0.2197995 0.2631648
vt 0.2318894 0.2665218
vt 0.2197964 0.2653368
vt 0.2379327 0.2692863
vt 0.5127026 0.3465945
vt 0.5183383 0.3500003
vt 0.4926645 0.3389621
vt 0.483898 0.3381414
vt 0.1905499 0.2627275
vt 0.2065997 0.266167
vt 0.2109986 0.2658903
vt 0.2051731 0.2640322
vt 0.2226495 0.2696066
vt 0.2212229 0.2674717
vt 0.1928989 0.2673573
vt 0.2077742 0.268482
vt 0.2020327 0.2665638
vt 0.1917244 0.2650424
vt 0.5536042 0.3770625
vt 0.5547887 0.3730525
vt 0.5375194 0.3650455
vt 0.5282924 0.3630471
vt 0.5559733 0.3690424
vt 0.529477 0.3590371
vt 0.5029806 0.3490317
vt 0.2407574 0.2743708
vt 0.2503461 0.2757671
vt 0.2460865 0.2740832
vt 0.2588653 0.279135
vt 0.2641944 0.2788474
vt 0.2695235 0.2785598
vt 0.2230523 0.2714325
vt 0.23499 0.274
vt 0.2234551 0.2732583
vt 0.2411602 0.2761967
vt 0.2278684 0.2780241
vt 0.2433668 0.2785795
vt 0.2367296 0.2768058
vt 0.2256617 0.2756412
vt 0.5134496 0.3581944
vt 0.518684 0.3627757
vt 0.4933723 0.3487603
vt 0.4837639 0.3484889
vt 0.5975766 0.3988712
vt 0.5752088 0.3940803
vt 0.581784 0.4006025
vt 0.5962554 0.4062592
vt 0.5528409 0.3892893
vt 0.5738876 0.4014682
vt 0.5949343 0.4136471
vt 0.2293202 0.2808536
vt 0.2408747 0.2828604
vt 0.2459261 0.282449
vt 0.230772 0.2836831
vt 0.2473779 0.2852785
vt 0.2639838 0.2868739
vt 0.2368193 0.2915856
vt 0.2504016 0.2892298
vt 0.2438584 0.2873809
vt 0.2337956 0.2876344
vt 0.2387475 0.296663
vt 0.2496757 0.2977211
vt 0.2541757 0.2957115
vt 0.2406757 0.3017404
vt 0.2561039 0.3007889
vt 0.2715321 0.2998374
vt 0.2199752 0.3181403
vt 0.2336395 0.315975
vt 0.2359849 0.3112301
vt 0.2303255 0.3099403
vt 0.2473038 0.3138097
vt 0.2439898 0.307775
vt 0.259418 0.3068236
vt 0.2531705 0.3051292
vt 0.2498919 0.3206578
vt 0.2599657 0.3198246
vt 0.2637087 0.3159838
vt 0.2524799 0.327506
vt 0.2662967 0.322832
vt 0.2801134 0.318158
vt 0.5294423 0.4567254
vt 0.5218778 0.4538493
vt 0.5276004 0.4612222
vt 0.5104325 0.4391035
vt 0.5085906 0.4436004
vt 0.5067487 0.4480971
vt 0.2595093 0.3410583
vt 0.2698114 0.3296081
vt 0.2640342 0.3289074
vt 0.2559946 0.3342821
vt 0.2615783 0.3483007
vt 0.2704069 0.3451538
vt 0.2737867 0.3399591
vt 0.2636473 0.3555432
vt 0.2758557 0.3472016
vt 0.2880642 0.3388599
vt 0.26941 0.3692791
vt 0.2787371 0.3540695
vt 0.2737072 0.3545608
vt 0.2665287 0.3624112
vt 0.5383341 0.4933528
vt 0.5162355 0.4793676
vt 0.5210275 0.4877798
vt 0.5344727 0.4989785
vt 0.494137 0.4653823
vt 0.5123742 0.4849933
vt 0.2718158 0.3773461
vt 0.2798615 0.3715993
vt 0.2826815 0.3646924
vt 0.2742215 0.385413
vt 0.2850872 0.3727593
vt 0.2959529 0.3601057
vt 0.2807851 0.3982362
vt 0.288369 0.379171
vt 0.2836532 0.3812517
vt 0.2775033 0.3918246
vt 0.2831505 0.4040662
vt 0.2901098 0.3951696
vt 0.2924067 0.3878063
vt 0.2855159 0.4098963
vt 0.2947722 0.3936363
vt 0.3040284 0.3773763
vt 0.2909861 0.4164281
vt 0.2975073 0.3969022
vt 0.2935102 0.4012336
vt 0.288251 0.4131622
vt 0.418265 0.5022926
vt 0.4284746 0.5007771
vt 0.4227268 0.4823012
vt 0.4147482 0.473821
vt 0.4386842 0.4992616
vt 0.4249578 0.4723055
vt 0.4112313 0.4453495
vt 0.2929907 0.4204896
vt 0.2990623 0.409782
vt 0.3010958 0.4023974
vt 0.2949952 0.4245512
vt 0.3031004 0.4064589
vt 0.3112055 0.3883667
vt 0.4063596 0.4590292
vt 0.4039237 0.465869
vt 0.4004068 0.4373975
vt 0.3895823 0.4294455
vt 0.3012876 0.4305911
vt 0.3062465 0.4094789
vt 0.3024961 0.414503
vt 0.2981414 0.4275711
vt 0.3783213 0.5019692
vt 0.3885871 0.5041342
vt 0.3862904 0.485749
vt 0.380009 0.4754739
vt 0.398853 0.5062991
vt 0.3902749 0.4776389
vt 0.3816968 0.4489787
vt 0.3051129 0.4361765
vt 0.3102228 0.4241481
vt 0.3108651 0.4153411
vt 0.3089382 0.441762
vt 0.3146904 0.4209266
vt 0.3204427 0.4000912
vt 0.3192104 0.4523988
vt 0.3198265 0.426245
vt 0.3161971 0.4314173
vt 0.3140743 0.4470804
vt 0.3664447 0.4706896
vt 0.3642815 0.4790501
vt 0.3691382 0.4988701
vt 0.3545681 0.43941
vt 0.3572616 0.4675905
vt 0.3599551 0.4957711
vt 0.3433345 0.4814653
vt 0.3516448 0.4886182
vt 0.3526192 0.4722155
vt 0.3489513 0.4604376
vt 0.3245978 0.4605137
vt 0.3278687 0.4466241
vt 0.3268103 0.4356219
vt 0.3299854 0.4686286
vt 0.3321978 0.4437368
vt 0.3344103 0.4188449
vt 0.3388724 0.4501551
vt 0.3359101 0.4563129
vt 0.3366599 0.4750469
vt 0.9124992 0.05031276
vt 0.894496 0.05031276
vt 0.894496 0.05760701
vt 0.9124992 0.05760701
vt 0.8764927 0.05031276
vt 0.8764927 0.05760701
vt 0.8764927 0.06490126
vt 0.894496 0.06490126
vt 0.9124992 0.06490126
vt 0.9485056 0.05031276
vt 0.9305024 0.05031276
vt 0.9305024 0.05760701
vt 0.9485056 0.05760701
vt 0.9305024 0.06490126
vt 0.9485056 0.06490126
vt 0.894496 0.07387185
vt 0.9124992 0.07387185
vt 0.8764927 0.07387185
vt 0.8764927 0.08284244
vt 0.894496 0.08284244
vt 0.9124992 0.08284244
vt 0.9305024 0.07387185
vt 0.9485056 0.07387185
vt 0.9305024 0.08284244
vt 0.9485056 0.08284244
vt 0.894496 0.09002373
vt 0.9124992 0.09002373
vt 0.8764927 0.09002373
vt 0.8764927 0.09720501
vt 0.894496 0.09720501
vt 0.9124992 0.09720501
vt 0.9305024 0.09002373
vt 0.9485056 0.09002373
vt 0.9305024 0.09720501
vt 0.9485056 0.09720501
vt 0.894496 0.1044993
vt 0.9124992 0.1044993
vt 0.8764927 0.1044993
vt 0.8764927 0.1117936
vt 0.894496 0.1117936
vt 0.9124992 0.1117936
vt 0.9305024 0.1044993
vt 0.9485056 0.1044993
vt 0.9305024 0.1117936
vt 0.9485056 0.1117936
vt 0.894496 0.1181718
vt 0.9124992 0.1181718
vt 0.8764927 0.1181718
vt 0.8764927 0.12455
vt 0.894496 0.12455
vt 0.9124992 0.12455
vt 0.9305024 0.1181718
vt 0.9485056 0.1181718
vt 0.9305024 0.12455
vt 0.9485056 0.12455
vt 0.894496 0.1317313
vt 0.9124992 0.1317313
vt 0.8764927 0.1317313
vt 0.8764927 0.1389126
vt 0.894496 0.1389126
vt 0.9124992 0.1389126
vt 0.9305024 0.1317313
vt 0.9485056 0.1317313
vt 0.9305024 0.1389126
vt 0.9485056 0.1389126
vt 0.894496 0.1442382
vt 0.9124992 0.1442382
vt 0.8764927 0.1442382
vt 0.8764927 0.1495637
vt 0.894496 0.1495637
vt 0.9124992 0.1495637
vt 0.9305024 0.1442382
vt 0.9485056 0.1442382
vt 0.9305024 0.1495637
vt 0.9485056 0.1495637
vt 0.894496 0.1559419
vt 0.9124992 0.1559419
vt 0.8764927 0.1559419
vt 0.8764927 0.1623201
vt 0.894496 0.1623201
vt 0.9124992 0.1623201
vt 0.9305024 0.1559419
vt 0.9485056 0.1559419
vt 0.9305024 0.1623201
vt 0.9485056 0.1623201
vt 0.894496 0.1672648
vt 0.9124992 0.1672648
vt 0.8764927 0.1672648
vt 0.8764927 0.1722094
vt 0.894496 0.1722094
vt 0.9124992 0.1722094
vt 0.9305024 0.1672648
vt 0.9485056 0.1672648
vt 0.9305024 0.1722094
vt 0.9485056 0.1722094
vt 0.894496 0.177535
vt 0.9124992 0.177535
vt 0.8764927 0.177535
vt 0.8764927 0.1828605
vt 0.894496 0.1828605
vt 0.9124992 0.1828605
vt 0.9305024 0.177535
vt 0.9485056 0.177535
vt 0.9305024 0.1828605
vt 0.9485056 0.1828605
vt 0.894496 0.1884067
vt 0.9124992 0.1884067
vt 0.8764927 0.1884067
vt 0.8764927 0.1939529
vt 0.894496 0.1939529
vt 0.9124992 0.1939529
vt 0.9305024 0.1884067
vt 0.9485056 0.1884067
vt 0.9305024 0.1939529
vt 0.9485056 0.1939529
vt 0.894496 0.1988975
vt 0.9124992 0.1988975
vt 0.8764927 0.1988975
vt 0.8764927 0.2038421
vt 0.894496 0.2038421
vt 0.9124992 0.2038421
vt 0.9305024 0.1988975
vt 0.9485056 0.1988975
vt 0.9305024 0.2038421
vt 0.9485056 0.2038421
vt 0.894496 0.209996
vt 0.9124992 0.209996
vt 0.8764927 0.209996
vt 0.8764927 0.2161498
vt 0.894496 0.2161498
vt 0.9124992 0.2161498
vt 0.9305024 0.209996
vt 0.9485056 0.209996
vt 0.9305024 0.2161498
vt 0.9485056 0.2161498
vt 0.894496 0.221696
vt 0.9124992 0.221696
vt 0.8764927 0.221696
vt 0.8764927 0.2272422
vt 0.894496 0.2272422
vt 0.9124992 0.2272422
vt 0.9305024 0.221696
vt 0.9485056 0.221696
vt 0.9305024 0.2272422
vt 0.9485056 0.2272422
vt 0.894496 0.2325481
vt 0.9124992 0.2325481
vt 0.8764927 0.2325481
vt 0.8764927 0.237854
vt 0.894496 0.237854
vt 0.9124992 0.237854
vt 0.9305024 0.2325481
vt 0.9485056 0.2325481
vt 0.9305024 0.237854
vt 0.9485056 0.237854
vt 0.894496 0.2440079
vt 0.9124992 0.2440079
vt 0.8764927 0.2440079
vt 0.8764927 0.2501617
vt 0.894496 0.2501617
vt 0.9124992 0.2501617
vt 0.9305024 0.2440079
vt 0.9485056 0.2440079
vt 0.9305024 0.2501617
vt 0.9485056 0.2501617
vt 0.894496 0.2543257
vt 0.9124992 0.2543257
vt 0.8764927 0.2543257
vt 0.8764927 0.2584897
vt 0.894496 0.2584897
vt 0.9124992 0.2584897
vt 0.9305024 0.2543257
vt 0.9485056 0.2543257
vt 0.9305024 0.2584897
vt 0.9485056 0.2584897
vt 0.894496 0.2637957
vt 0.9124992 0.2637957
vt 0.8764927 0.2637957
vt 0.8764927 0.2691017
vt 0.894496 0.2691017
vt 0.9124992 0.2691017
vt 0.9305024 0.2637957
vt 0.9485056 0.2637957
vt 0.9305024 0.2691017
vt 0.9485056 0.2691017
vt 0.894496 0.2731626
vt 0.9124992 0.2731626
vt 0.8764927 0.2731626
vt 0.8764927 0.2772235
vt 0.894496 0.2772235
vt 0.9124992 0.2772235
vt 0.9305024 0.2731626
vt 0.9485056 0.2731626
vt 0.9305024 0.2772235
vt 0.9485056 0.2772235
vt 0.894496 0.2813876
vt 0.9124992 0.2813876
vt 0.8764927 0.2813876
vt 0.8764927 0.2855517
vt 0.894496 0.2855517
vt 0.9124992 0.2855517
vt 0.9305024 0.2813876
vt 0.9485056 0.2813876
vt 0.9305024 0.2855517
vt 0.9485056 0.2855517
vt 0.894496 0.2907758
vt 0.9124992 0.2907758
vt 0.8764927 0.2907758
vt 0.8764927 0.296
vt 0.894496 0.296
vt 0.9124992 0.296
vt 0.9305024 0.2907758
vt 0.9485056 0.2907758
vt 0.9305024 0.296
vt 0.9485056 0.296
vt 0.894496 0.3000609
vt 0.9124992 0.3000609
vt 0.8764927 0.3000609
vt 0.8764927 0.3041219
vt 0.894496 0.3041219
vt 0.9124992 0.3041219
vt 0.9305024 0.3000609
vt 0.9485056 0.3000609
vt 0.9305024 0.3041219
vt 0.9485056 0.3041219
vt 0.894496 0.3108874
vt 0.9124992 0.3108874
vt 0.8764927 0.3108874
vt 0.8764927 0.317653
vt 0.894496 0.317653
vt 0.9124992 0.317653
vt 0.9305024 0.3108874
vt 0.9485056 0.3108874
vt 0.9305024 0.317653
vt 0.9485056 0.317653
vt 0.894496 0.3228772
vt 0.9124992 0.3228772
vt 0.8764927 0.3228772
vt 0.8764927 0.3281014
vt 0.894496 0.3281014
vt 0.9124992 0.3281014
vt 0.9305024 0.3228772
vt 0.9485056 0.3228772
vt 0.9305024 0.3281014
vt 0.9485056 0.3281014
vt 0.894496 0.3352851
vt 0.9124992 0.3352851
vt 0.8764927 0.3352851
vt 0.8764927 0.3424689
vt 0.894496 0.3424689
vt 0.9124992 0.3424689
vt 0.9305024 0.3352851
vt 0.9485056 0.3352851
vt 0.9305024 0.3424689
vt 0.9485056 0.3424689
vt 0.894496 0.3492345
vt 0.9124992 0.3492345
vt 0.8764927 0.3492345
vt 0.8764927 0.356
vt 0.894496 0.356
vt 0.9124992 0.356
vt 0.9305024 0.3492345
vt 0.9485056 0.3492345
vt 0.9305024 0.356
vt 0.9485056 0.356
vt 0.894496 0.3623303
vt 0.9124992 0.3623303
vt 0.8764927 0.3623303
vt 0.8764927 0.3686605
vt 0.894496 0.3686605
vt 0.9124992 0.3686605
vt 0.9305024 0.3623303
vt 0.9485056 0.3623303
vt 0.9305024 0.3686605
vt 0.9485056 0.3686605
vt 0.894496 0.3758442
vt 0.9124992 0.3758442
vt 0.8764927 0.3758442
vt 0.8764927 0.3830279
vt 0.894496 0.3830279
vt 0.9124992 0.3830279
vt 0.9305024 0.3758442
vt 0.9485056 0.3758442
vt 0.9305024 0.3830279
vt 0.9485056 0.3830279
vt 0.894496 0.3879594
vt 0.9124992 0.3879594
vt 0.8764927 0.3879594
vt 0.8764927 0.392891
vt 0.894496 0.392891
vt 0.9124992 0.392891
vt 0.9305024 0.3879594
vt 0.9485056 0.3879594
vt 0.9305024 0.392891
vt 0.9485056 0.392891
vt 0.894496 0.3992212
vt 0.9124992 0.3992212
vt 0.8764927 0.3992212
vt 0.8764927 0.4055516
vt 0.894496 0.4055516
vt 0.9124992 0.4055516
vt 0.9305024 0.3992212
vt 0.9485056 0.3992212
vt 0.9305024 0.4055516
vt 0.9485056 0.4055516
vt 0.894496 0.4097881
vt 0.9124992 0.4097881
vt 0.8764927 0.4097881
vt 0.8764927 0.4140246
vt 0.894496 0.4140246
vt 0.9124992 0.4140246
vt 0.9305024 0.4097881
vt 0.9485056 0.4097881
vt 0.9305024 0.4140246
vt 0.9485056 0.4140246
vt 0.894496 0.4189561
vt 0.9124992 0.4189561
vt 0.8764927 0.4189561
vt 0.8764927 0.4238877
vt 0.894496 0.4238877
vt 0.9124992 0.4238877
vt 0.9305024 0.4189561
vt 0.9485056 0.4189561
vt 0.9305024 0.4238877
vt 0.9485056 0.4238877
vt 0.894496 0.4284795
vt 0.9124992 0.4284795
vt 0.8764927 0.4284795
vt 0.8764927 0.4330713
vt 0.894496 0.4330713
vt 0.9124992 0.4330713
vt 0.9305024 0.4284795
vt 0.9485056 0.4284795
vt 0.9305024 0.4330713
vt 0.9485056 0.4330713
vt 0.894496 0.4373078
vt 0.9124992 0.4373078
vt 0.8764927 0.4373078
vt 0.8764927 0.4415443
vt 0.894496 0.4415443
vt 0.9124992 0.4415443
vt 0.9305024 0.4373078
vt 0.9485056 0.4373078
vt 0.9305024 0.4415443
vt 0.9485056 0.4415443
vt 0.894496 0.4471766
vt 0.9124992 0.4471766
vt 0.8764927 0.4471766
vt 0.8764927 0.4528089
vt 0.894496 0.4528089
vt 0.9124992 0.4528089
vt 0.9305024 0.4471766
vt 0.9485056 0.4471766
vt 0.9305024 0.4528089
vt 0.9485056 0.4528089
vt 0.894496 0.4574008
vt 0.9124992 0.4574008
vt 0.8764927 0.4574008
vt 0.8764927 0.4619926
vt 0.894496 0.4619926
vt 0.9124992 0.4619926
vt 0.9305024 0.4574008
vt 0.9485056 0.4574008
vt 0.9305024 0.4619926
vt 0.9485056 0.4619926
vt 0.894496 0.4679914
vt 0.9124992 0.4679914
vt 0.8764927 0.4679914
vt 0.8764927 0.4739902
vt 0.894496 0.4739902
vt 0.9124992 0.4739902
vt 0.9305024 0.4679914
vt 0.9485056 0.4679914
vt 0.9305024 0.4739902
vt 0.9485056 0.4739902
vt 0.894496 0.4796225
vt 0.9124992 0.4796225
vt 0.8764927 0.4796225
vt 0.8764927 0.4852548
vt 0.894496 0.4852548
vt 0.9124992 0.4852548
vt 0.9305024 0.4796225
vt 0.9485056 0.4796225
vt 0.9305024 0.4852548
vt 0.9485056 0.4852548
vt 0.894496 0.4911122
vt 0.9124992 0.4911122
vt 0.8764927 0.4911122
vt 0.8764927 0.4969696
vt 0.894496 0.4969696
vt 0.9124992 0.4969696
vt 0.9305024 0.4911122
vt 0.9485056 0.4911122
vt 0.9305024 0.4969696
vt 0.9485056 0.4969696
vt 0.894496 0.5029684
vt 0.9124992 0.5029684
vt 0.8764927 0.5029684
vt 0.8764927 0.5089672
vt 0.894496 0.5089672
vt 0.9124992 0.5089672
vt 0.9305024 0.5029684
vt 0.9485056 0.5029684
vt 0.9305024 0.5089672
vt 0.9485056 0.5089672
vt 0.894496 0.5143573
vt 0.9124992 0.5143573
vt 0.8764927 0.5143573
vt 0.8764927 0.5197474
vt 0.894496 0.5197474
vt 0.9124992 0.5197474
vt 0.9305024 0.5143573
vt 0.9485056 0.5143573
vt 0.9305024 0.5197474
vt 0.9485056 0.5197474
vt 0.894496 0.5256048
vt 0.9124992 0.5256048
vt 0.8764927 0.5256048
vt 0.8764927 0.5314622
vt 0.894496 0.5314622
vt 0.9124992 0.5314622
vt 0.9305024 0.5256048
vt 0.9485056 0.5256048
vt 0.9305024 0.5314622
vt 0.9485056 0.5314622
vt 0.894496 0.5367669
vt 0.9124992 0.5367669
vt 0.8764927 0.5367669
vt 0.8764927 0.5420716
vt 0.894496 0.5420716
vt 0.9124992 0.5420716
vt 0.9305024 0.5367669
vt 0.9485056 0.5367669
vt 0.9305024 0.5420716
vt 0.9485056 0.5420716
vt 0.894496 0.5474616
vt 0.9124992 0.5474616
vt 0.8764927 0.5474616
vt 0.8764927 0.5528517
vt 0.894496 0.5528517
vt 0.9124992 0.5528517
vt 0.9305024 0.5474616
vt 0.9485056 0.5474616
vt 0.9305024 0.5528517
vt 0.9485056 0.5528517
vt 0.894496 0.557685
vt 0.9124992 0.557685
vt 0.8764927 0.557685
vt 0.8764927 0.5625182
vt 0.894496 0.5625182
vt 0.9124992 0.5625182
vt 0.9305024 0.557685
vt 0.9485056 0.557685
vt 0.9305024 0.5625182
vt 0.9485056 0.5625182
vt 0.894496 0.5678228
vt 0.9124992 0.5678228
vt 0.8764927 0.5678228
vt 0.8764927 0.5731274
vt 0.894496 0.5731274
vt 0.9124992 0.5731274
vt 0.9305024 0.5678228
vt 0.9485056 0.5678228
vt 0.9305024 0.5731274
vt 0.9485056 0.5731274
vt 0.894496 0.5771636
vt 0.9124992 0.5771636
vt 0.8764927 0.5771636
vt 0.8764927 0.5811998
vt 0.894496 0.5811998
vt 0.9124992 0.5811998
vt 0.9305024 0.5771636
vt 0.9485056 0.5771636
vt 0.9305024 0.5811998
vt 0.9485056 0.5811998
vt 0.894496 0.5860331
vt 0.9124992 0.5860331
vt 0.8764927 0.5860331
vt 0.8764927 0.5908664
vt 0.894496 0.5908664
vt 0.9124992 0.5908664
vt 0.9305024 0.5860331
vt 0.9485056 0.5860331
vt 0.9305024 0.5908664
vt 0.9485056 0.5908664
vt 0.894496 0.5946363
vt 0.9124992 0.5946363
vt 0.8764927 0.5946363
vt 0.8764927 0.5984062
vt 0.894496 0.5984062
vt 0.9124992 0.5984062
vt 0.9305024 0.5946363
vt 0.9485056 0.5946363
vt 0.9305024 0.5984062
vt 0.9485056 0.5984062
vt 0.894496 0.6024423
vt 0.9124992 0.6024423
vt 0.8764927 0.6024423
vt 0.8764927 0.6064785
vt 0.894496 0.6064785
vt 0.9124992 0.6064785
vt 0.9305024 0.6024423
vt 0.9485056 0.6024423
vt 0.9305024 0.6064785
vt 0.9485056 0.6064785
vt 0.894496 0.6098785
vt 0.9124992 0.6098785
vt 0.8764927 0.6098785
vt 0.8764927 0.6132786
vt 0.894496 0.6132786
vt 0.9124992 0.6132786
vt 0.9305024 0.6098785
vt 0.9485056 0.6098785
vt 0.9305024 0.6132786
vt 0.9485056 0.6132786
vt 0.894496 0.6170486
vt 0.9124992 0.6170486
vt 0.8764927 0.6170486
vt 0.8764927 0.6208185
vt 0.894496 0.6208185
vt 0.9124992 0.6208185
vt 0.9305024 0.6170486
vt 0.9485056 0.6170486
vt 0.9305024 0.6208185
vt 0.9485056 0.6208185
vt 0.894496 0.6242733
vt 0.9124992 0.6242733
vt 0.8764927 0.6242733
vt 0.8764927 0.6277281
vt 0.894496 0.6277281
vt 0.9124992 0.6277281
vt 0.9305024 0.6242733
vt 0.9485056 0.6242733
vt 0.9305024 0.6277281
vt 0.9485056 0.6277281
vt 0.894496 0.6311282
vt 0.9124992 0.6311282
vt 0.8764927 0.6311282
vt 0.8764927 0.6345283
vt 0.894496 0.6345283
vt 0.9124992 0.6345283
vt 0.9305024 0.6311282
vt 0.9485056 0.6311282
vt 0.9305024 0.6345283
vt 0.9485056 0.6345283
vt 0.894496 0.6378461
vt 0.9124992 0.6378461
vt 0.8764927 0.6378461
vt 0.8764927 0.6411638
vt 0.894496 0.6411638
vt 0.9124992 0.6411638
vt 0.9305024 0.6378461
vt 0.9485056 0.6378461
vt 0.9305024 0.6411638
vt 0.9485056 0.6411638
vt 0.894496 0.6446187
vt 0.9124992 0.6446187
vt 0.8764927 0.6446187
vt 0.8764927 0.6480736
vt 0.894496 0.6480736
vt 0.9124992 0.6480736
vt 0.9305024 0.6446187
vt 0.9485056 0.6446187
vt 0.9305024 0.6480736
vt 0.9485056 0.6480736
vt 0.894496 0.6511545
vt 0.9124992 0.6511545
vt 0.8764927 0.6511545
vt 0.8764927 0.6542355
vt 0.894496 0.6542355
vt 0.9124992 0.6542355
vt 0.9305024 0.6511545
vt 0.9485056 0.6511545
vt 0.9305024 0.6542355
vt 0.9485056 0.6542355
vt 0.894496 0.6575532
vt 0.9124992 0.6575532
vt 0.8764927 0.6575532
vt 0.8764927 0.6608709
vt 0.894496 0.6608709
vt 0.9124992 0.6608709
vt 0.9305024 0.6575532
vt 0.9485056 0.6575532
vt 0.9305024 0.6608709
vt 0.9485056 0.6608709
vt 0.894496 0.6642865
vt 0.9124992 0.6642865
vt 0.8764927 0.6642865
vt 0.8764927 0.6677021
vt 0.894496 0.6677021
vt 0.9124992 0.6677021
vt 0.9305024 0.6642865
vt 0.9485056 0.6642865
vt 0.9305024 0.6677021
vt 0.9485056 0.6677021
vt 0.894496 0.6707829
vt 0.9124992 0.6707829
vt 0.8764927 0.6707829
vt 0.8764927 0.6738638
vt 0.894496 0.6738638
vt 0.9124992 0.6738638
vt 0.9305024 0.6707829
vt 0.9485056 0.6707829
vt 0.9305024 0.6738638
vt 0.9485056 0.6738638
vt 0.894496 0.6773225
vt 0.9124992 0.6773225
vt 0.8764927 0.6773225
vt 0.8764927 0.6807811
vt 0.894496 0.6807811
vt 0.9124992 0.6807811
vt 0.9305024 0.6773225
vt 0.9485056 0.6773225
vt 0.9305024 0.6807811
vt 0.9485056 0.6807811
vt 0.894496 0.6841966
vt 0.9124992 0.6841967
vt 0.8764927 0.6841967
vt 0.8764927 0.6876122
vt 0.894496 0.6876122
vt 0.9124992 0.6876122
vt 0.9305024 0.6841966
vt 0.9485056 0.6841967
vt 0.9305024 0.6876122
vt 0.9485056 0.6876122
vt 0.894496 0.6910725
vt 0.9124992 0.6910725
vt 0.8764927 0.6910725
vt 0.8764927 0.6945329
vt 0.894496 0.6945329
vt 0.9124992 0.6945329
vt 0.9305024 0.6910725
vt 0.9485056 0.6910725
vt 0.9305024 0.6945329
vt 0.9485056 0.6945329
vt 0.894496 0.6979915
vt 0.9124992 0.6979915
vt 0.8764927 0.6979915
vt 0.8764927 0.7014502
vt 0.894496 0.7014502
vt 0.9124992 0.7014502
vt 0.9305024 0.6979915
vt 0.9485056 0.6979915
vt 0.9305024 0.7014502
vt 0.9485056 0.7014502
vt 0.894496 0.7046258
vt 0.9124992 0.7046258
vt 0.8764927 0.7046258
vt 0.8764927 0.7078015
vt 0.894496 0.7078015
vt 0.9124992 0.7078015
vt 0.9305024 0.7046258
vt 0.9485056 0.7046258
vt 0.9305024 0.7078015
vt 0.9485056 0.7078015
vt 0.894496 0.7112618
vt 0.9124992 0.7112618
vt 0.8764927 0.7112618
vt 0.8764927 0.7147222
vt 0.894496 0.7147222
vt 0.9124992 0.7147222
vt 0.9305024 0.7112618
vt 0.9485056 0.7112618
vt 0.9305024 0.7147222
vt 0.9485056 0.7147222
vt 0.894496 0.7183464
vt 0.9124992 0.7183464
vt 0.8764927 0.7183464
vt 0.8764927 0.7219707
vt 0.894496 0.7219707
vt 0.9124992 0.7219707
vt 0.9305024 0.7183464
vt 0.9485056 0.7183464
vt 0.9305024 0.7219707
vt 0.9485056 0.7219707
vt 0.894496 0.7251463
vt 0.9124992 0.7251463
vt 0.8764927 0.7251463
vt 0.8764927 0.7283219
vt 0.894496 0.7283219
vt 0.9124992 0.7283219
vt 0.9305024 0.7251463
vt 0.9485056 0.7251463
vt 0.9305024 0.7283219
vt 0.9485056 0.7283219
vt 0.894496 0.7326319
vt 0.9124992 0.7326319
vt 0.8764927 0.7326319
vt 0.8764927 0.7369419
vt 0.894496 0.7369419
vt 0.9124992 0.7369419
vt 0.9305024 0.7326319
vt 0.9485056 0.7326319
vt 0.9305024 0.7369419
vt 0.9485056 0.7369419
vt 0.894496 0.7405661
vt 0.9124992 0.7405661
vt 0.8764927 0.7405661
vt 0.8764927 0.7441903
vt 0.894496 0.7441903
vt 0.9124992 0.7441903
vt 0.9305024 0.7405661
vt 0.9485056 0.7405661
vt 0.9305024 0.7441903
vt 0.9485056 0.7441903
vt 0.894496 0.7493285
vt 0.9124992 0.7493285
vt 0.8764927 0.7493285
vt 0.8764927 0.7544668
vt 0.894496 0.7544668
vt 0.9124992 0.7544668
vt 0.9305024 0.7493285
vt 0.9485056 0.7493285
vt 0.9305024 0.7544668
vt 0.9485056 0.7544668
vt 0.894496 0.7587768
vt 0.9124992 0.7587767
vt 0.8764927 0.7587767
vt 0.8764927 0.7630867
vt 0.894496 0.7630867
vt 0.9124992 0.7630867
vt 0.9305024 0.7587768
vt 0.9485056 0.7587767
vt 0.9305024 0.7630867
vt 0.9485056 0.7630867
vt 0.894496 0.7675197
vt 0.9124992 0.7675197
vt 0.8764927 0.7675197
vt 0.8764927 0.7719526
vt 0.894496 0.7719526
vt 0.9124992 0.7719526
vt 0.9305024 0.7675197
vt 0.9485056 0.7675197
vt 0.9305024 0.7719526
vt 0.9485056 0.7719526
vt 0.894496 0.7770908
vt 0.9124992 0.7770908
vt 0.8764927 0.7770908
vt 0.8764927 0.7822289
vt 0.894496 0.7822289
vt 0.9124992 0.7822289
vt 0.9305024 0.7770908
vt 0.9485056 0.7770908
vt 0.9305024 0.7822289
vt 0.9485056 0.7822289
vt 0.894496 0.7859986
vt 0.9124992 0.7859986
vt 0.8764927 0.7859986
vt 0.8764927 0.7897683
vt 0.894496 0.7897683
vt 0.9124992 0.7897683
vt 0.9305024 0.7859986
vt 0.9485056 0.7859986
vt 0.9305024 0.7897683
vt 0.9485056 0.7897683
vt 0.894496 0.7942013
vt 0.9124992 0.7942013
vt 0.8764927 0.7942013
vt 0.8764927 0.7986342
vt 0.894496 0.7986342
vt 0.9124992 0.7986342
vt 0.9305024 0.7942013
vt 0.9485056 0.7942013
vt 0.9305024 0.7986342
vt 0.9485056 0.7986342
vt 0.894496 0.8014807
vt 0.9124992 0.8014807
vt 0.8764927 0.8014807
vt 0.8764927 0.8043271
vt 0.894496 0.8043271
vt 0.9124992 0.8043271
vt 0.9305024 0.8014807
vt 0.9485056 0.8014807
vt 0.9305024 0.8043271
vt 0.9485056 0.8043271
vt 0.894496 0.8080968
vt 0.9124992 0.8080968
vt 0.8764927 0.8080968
vt 0.8764927 0.8118665
vt 0.894496 0.8118665
vt 0.9124992 0.8118665
vt 0.9305024 0.8080968
vt 0.9485056 0.8080968
vt 0.9305024 0.8118665
vt 0.9485056 0.8118665
vt 0.894496 0.8145307
vt 0.9124992 0.8145307
vt 0.8764927 0.8145307
vt 0.8764927 0.8171949
vt 0.894496 0.8171949
vt 0.9124992 0.8171949
vt 0.9305024 0.8145307
vt 0.9485056 0.8145307
vt 0.9305024 0.8171949
vt 0.9485056 0.8171949
vt 0.894496 0.8200414
vt 0.9124992 0.8200414
vt 0.8764927 0.8200414
vt 0.8764927 0.8228878
vt 0.894496 0.8228878
vt 0.9124992 0.8228878
vt 0.9305024 0.8200414
vt 0.9485056 0.8200414
vt 0.9305024 0.8228878
vt 0.9485056 0.8228878
vt 0.894496 0.8259993
vt 0.9124992 0.8259993
vt 0.8764927 0.8259993
vt 0.8764927 0.8291107
vt 0.894496 0.8291107
vt 0.9124992 0.8291107
vt 0.9305024 0.8259993
vt 0.9485056 0.8259993
vt 0.9305024 0.8291107
vt 0.9485056 0.8291107
vt 0.894496 0.831775
vt 0.9124992 0.831775
vt 0.8764927 0.831775
vt 0.8764927 0.8344392
vt 0.894496 0.8344392
vt 0.9124992 0.8344392
vt 0.9305024 0.831775
vt 0.9485056 0.831775
vt 0.9305024 0.8344392
vt 0.9485056 0.8344392
vt 0.9485056 0.8426929
vt 0.9485056 0.8385661
vt 0.9305024 0.8385661
vt 0.9305024 0.8426929
vt 0.9124992 0.8385661
vt 0.9124992 0.8426929
vt 0.894496 0.8385661
vt 0.894496 0.8426929
vt 0.8764927 0.8385661
vt 0.8764927 0.8426929
vt 0.9485056 0.8489159
vt 0.9485056 0.8458045
vt 0.9305024 0.8458045
vt 0.9305024 0.8489159
vt 0.9124992 0.8458045
vt 0.9124992 0.8489159
vt 0.894496 0.8458045
vt 0.894496 0.8489159
vt 0.8764927 0.8458045
vt 0.8764927 0.8489159
vt 0.894496 0.8537186
vt 0.9124992 0.8537186
vt 0.8764927 0.8537186
vt 0.8764927 0.8585214
vt 0.894496 0.8585214
vt 0.9124992 0.8585214
vt 0.9305024 0.8537186
vt 0.9485056 0.8537186
vt 0.9305024 0.8585214
vt 0.9485056 0.8585214
vt 0.894496 0.8626484
vt 0.9124992 0.8626484
vt 0.8764927 0.8626484
vt 0.8764927 0.8667754
vt 0.894496 0.8667754
vt 0.9124992 0.8667754
vt 0.9305024 0.8626484
vt 0.9485056 0.8626484
vt 0.9305024 0.8667754
vt 0.9485056 0.8667754
vt 0.894496 0.8720088
vt 0.9124992 0.8720088
vt 0.8764927 0.8720088
vt 0.8764927 0.8772422
vt 0.894496 0.8772422
vt 0.9124992 0.8772422
vt 0.9305024 0.8720088
vt 0.9485056 0.8720088
vt 0.9305024 0.8772422
vt 0.9485056 0.8772422
vt 0.894496 0.8820449
vt 0.9124992 0.8820449
vt 0.8764927 0.8820449
vt 0.8764927 0.8868476
vt 0.894496 0.8868476
vt 0.9124992 0.8868476
vt 0.9305024 0.8820449
vt 0.9485056 0.8820449
vt 0.9305024 0.8868476
vt 0.9485056 0.8868476
vt 0.894496 0.8921326
vt 0.9124992 0.8921326
vt 0.8764927 0.8921326
vt 0.8764927 0.8974175
vt 0.894496 0.8974175
vt 0.9124992 0.8974175
vt 0.9305024 0.8921326
vt 0.9485056 0.8921326
vt 0.9305024 0.8974175
vt 0.9485056 0.8974175
vt 0.894496 0.902651
vt 0.9124992 0.902651
vt 0.8764927 0.902651
vt 0.8764927 0.9078844
vt 0.894496 0.9078844
vt 0.9124992 0.9078844
vt 0.9305024 0.902651
vt 0.9485056 0.902651
vt 0.9305024 0.9078844
vt 0.9485056 0.9078844
vt 0.894496 0.9126986
vt 0.9124992 0.9126986
vt 0.8764927 0.9126986
vt 0.8764927 0.9175129
vt 0.894496 0.9175129
vt 0.9124992 0.9175129
vt 0.9305024 0.9126986
vt 0.9485056 0.9126986
vt 0.9305024 0.9175129
vt 0.9485056 0.9175129
vt 0.894496 0.9227979
vt 0.9124992 0.9227979
vt 0.8764927 0.9227979
vt 0.8764927 0.9280829
vt 0.894496 0.9280829
vt 0.9124992 0.9280829
vt 0.9305024 0.9227979
vt 0.9485056 0.9227979
vt 0.9305024 0.9280829
vt 0.9485056 0.9280829
vt 0.894496 0.9322593
vt 0.9124992 0.9322593
vt 0.8764927 0.9322593
vt 0.8764927 0.9364357
vt 0.894496 0.9364357
vt 0.9124992 0.9364357
vt 0.9305024 0.9322593
vt 0.9485056 0.9322593
vt 0.9305024 0.9364357
vt 0.9485056 0.9364357
vt 0.894496 0.94125
vt 0.9124992 0.94125
vt 0.8764927 0.94125
vt 0.8764927 0.9460642
vt 0.894496 0.9460642
vt 0.9124992 0.9460642
vt 0.9305024 0.94125
vt 0.9485056 0.94125
vt 0.9305024 0.9460642
vt 0.9485056 0.9460642
vt 0.894496 0.9496053
vt 0.9124992 0.9496053
vt 0.8764927 0.9496053
vt 0.8764927 0.9531463
vt 0.894496 0.9531463
vt 0.9124992 0.9531463
vt 0.9305024 0.9496053
vt 0.9485056 0.9496053
vt 0.9305024 0.9531463
vt 0.9485056 0.9531463
vt 0.894496 0.9573228
vt 0.9124992 0.9573228
vt 0.8764927 0.9573228
vt 0.8764927 0.9614993
vt 0.894496 0.9614993
vt 0.9124992 0.9614993
vt 0.9305024 0.9573228
vt 0.9485056 0.9573228
vt 0.9305024 0.9614993
vt 0.9485056 0.9614993
vt 0.894496 0.969319
vt 0.9124992 0.969319
vt 0.8764927 0.969319
vt 0.8764927 0.9771388
vt 0.894496 0.9771388
vt 0.9124992 0.9771388
vt 0.9305024 0.969319
vt 0.9485056 0.969319
vt 0.9305024 0.9771388
vt 0.9485056 0.9771388
vt 0.894496 0.9806799
vt 0.9124992 0.9806798
vt 0.8764927 0.9806798
vt 0.8764927 0.9842209
vt 0.894496 0.9842209
vt 0.9124992 0.9842209
vt 0.9305024 0.9806799
vt 0.9485056 0.9806798
vt 0.9305024 0.9842209
vt 0.9485056 0.9842209
vt 0.8200849 0.05798379
vt 0.8049459 0.05798379
vt 0.8049459 0.06744383
vt 0.8200849 0.06744383
vt 0.7898069 0.05798379
vt 0.7898069 0.06744383
vt 0.7898069 0.07690388
vt 0.8049459 0.07690388
vt 0.8200849 0.07690388
vt 0.850363 0.05798379
vt 0.835224 0.05798379
vt 0.835224 0.06744383
vt 0.850363 0.06744383
vt 0.835224 0.07690388
vt 0.850363 0.07690388
vt 0.8049459 0.08778915
vt 0.8200849 0.08778915
vt 0.7898069 0.08778915
vt 0.7898069 0.09867442
vt 0.8049459 0.09867442
vt 0.8200849 0.09867442
vt 0.835224 0.08778915
vt 0.850363 0.08778915
vt 0.835224 0.09867442
vt 0.850363 0.09867442
vt 0.8049459 0.1086655
vt 0.8200849 0.1086655
vt 0.7898069 0.1086655
vt 0.7898069 0.1186565
vt 0.8049459 0.1186565
vt 0.8200849 0.1186565
vt 0.835224 0.1086655
vt 0.850363 0.1086655
vt 0.835224 0.1186565
vt 0.850363 0.1186565
vt 0.8049459 0.1287929
vt 0.8200849 0.1287929
vt 0.7898069 0.1287929
vt 0.7898069 0.1389293
vt 0.8049459 0.1389293
vt 0.8200849 0.1389293
vt 0.835224 0.1287929
vt 0.850363 0.1287929
vt 0.835224 0.1389293
vt 0.850363 0.1389293
vt 0.8049459 0.1497345
vt 0.8200849 0.1497345
vt 0.7898069 0.1497345
vt 0.7898069 0.1605396
vt 0.8049459 0.1605396
vt 0.8200849 0.1605396
vt 0.835224 0.1497345
vt 0.850363 0.1497345
vt 0.835224 0.1605396
vt 0.850363 0.1605396
vt 0.8049459 0.1715912
vt 0.8200849 0.1715912
vt 0.7898069 0.1715912
vt 0.7898069 0.1826428
vt 0.8049459 0.1826428
vt 0.8200849 0.1826428
vt 0.835224 0.1715912
vt 0.850363 0.1715912
vt 0.835224 0.1826428
vt 0.850363 0.1826428
vt 0.8049459 0.1935683
vt 0.8200849 0.1935683
vt 0.7898069 0.1935683
vt 0.7898069 0.2044938
vt 0.8049459 0.2044938
vt 0.8200849 0.2044938
vt 0.835224 0.1935683
vt 0.850363 0.1935683
vt 0.835224 0.2044938
vt 0.850363 0.2044938
vt 0.8049459 0.2151487
vt 0.8200849 0.2151487
vt 0.7898069 0.2151487
vt 0.7898069 0.2258035
vt 0.8049459 0.2258035
vt 0.8200849 0.2258035
vt 0.835224 0.2151487
vt 0.850363 0.2151487
vt 0.835224 0.2258035
vt 0.850363 0.2258035
vt 0.8049459 0.2361672
vt 0.8200849 0.2361672
vt 0.7898069 0.2361672
vt 0.7898069 0.2465309
vt 0.8049459 0.2465309
vt 0.8200849 0.2465309
vt 0.835224 0.2361672
vt 0.850363 0.2361672
vt 0.835224 0.2465309
vt 0.850363 0.2465309
vt 0.8049459 0.2571194
vt 0.8200849 0.2571194
vt 0.7898069 0.2571194
vt 0.7898069 0.267708
vt 0.8049459 0.267708
vt 0.8200849 0.267708
vt 0.835224 0.2571194
vt 0.850363 0.2571194
vt 0.835224 0.267708
vt 0.850363 0.267708
vt 0.8049459 0.2787198
vt 0.8200849 0.2787198
vt 0.7898069 0.2787198
vt 0.7898069 0.2897316
vt 0.8049459 0.2897316
vt 0.8200849 0.2897316
vt 0.835224 0.2787198
vt 0.850363 0.2787198
vt 0.835224 0.2897316
vt 0.850363 0.2897316
vt 0.8049459 0.2997291
vt 0.8200849 0.2997291
vt 0.7898069 0.2997291
vt 0.7898069 0.3097266
vt 0.8049459 0.3097266
vt 0.8200849 0.3097266
vt 0.835224 0.2997291
vt 0.850363 0.2997291
vt 0.835224 0.3097266
vt 0.850363 0.3097266
vt 0.8049459 0.3177812
vt 0.8200849 0.3177812
vt 0.7898069 0.3177812
vt 0.7898069 0.3258357
vt 0.8049459 0.3258357
vt 0.8200849 0.3258357
vt 0.835224 0.3177812
vt 0.850363 0.3177812
vt 0.835224 0.3258357
vt 0.850363 0.3258357
vt 0.8049459 0.3332905
vt 0.8200849 0.3332905
vt 0.7898069 0.3332905
vt 0.7898069 0.3407453
vt 0.8049459 0.3407453
vt 0.8200849 0.3407453
vt 0.835224 0.3332905
vt 0.850363 0.3332905
vt 0.835224 0.3407453
vt 0.850363 0.3407453
vt 0.8049459 0.348943
vt 0.8200849 0.348943
vt 0.7898069 0.348943
vt 0.7898069 0.3571407
vt 0.8049459 0.3571407
vt 0.8200849 0.3571407
vt 0.835224 0.348943
vt 0.850363 0.348943
vt 0.835224 0.3571407
vt 0.850363 0.3571407
vt 0.8049459 0.3658604
vt 0.8200849 0.3658604
vt 0.7898069 0.3658604
vt 0.7898069 0.3745801
vt 0.8049459 0.3745801
vt 0.8200849 0.3745801
vt 0.835224 0.3658604
vt 0.850363 0.3658604
vt 0.835224 0.3745801
vt 0.850363 0.3745801
vt 0.8049459 0.3832303
vt 0.8200849 0.3832303
vt 0.7898069 0.3832303
vt 0.7898069 0.3918805
vt 0.8049459 0.3918805
vt 0.8200849 0.3918805
vt 0.835224 0.3832303
vt 0.850363 0.3832303
vt 0.835224 0.3918805
vt 0.850363 0.3918805
vt 0.8049459 0.4000979
vt 0.8200849 0.4000979
vt 0.7898069 0.4000979
vt 0.7898069 0.4083154
vt 0.8049459 0.4083154
vt 0.8200849 0.4083154
vt 0.835224 0.4000979
vt 0.850363 0.4000979
vt 0.835224 0.4083154
vt 0.850363 0.4083154
vt 0.8049459 0.4157879
vt 0.8200849 0.4157879
vt 0.7898069 0.4157879
vt 0.7898069 0.4232604
vt 0.8049459 0.4232604
vt 0.8200849 0.4232604
vt 0.835224 0.4157879
vt 0.850363 0.4157879
vt 0.835224 0.4232604
vt 0.850363 0.4232604
vt 0.8049459 0.4299704
vt 0.8200849 0.4299704
vt 0.7898069 0.4299704
vt 0.7898069 0.4366803
vt 0.8049459 0.4366803
vt 0.8200849 0.4366803
vt 0.835224 0.4299704
vt 0.850363 0.4299704
vt 0.835224 0.4366803
vt 0.850363 0.4366803
vt 0.8049459 0.4426588
vt 0.8200849 0.4426588
vt 0.7898069 0.4426588
vt 0.7898069 0.4486372
vt 0.8049459 0.4486372
vt 0.8200849 0.4486372
vt 0.835224 0.4426588
vt 0.850363 0.4426588
vt 0.835224 0.4486372
vt 0.850363 0.4486372
vt 0.8049459 0.4546835
vt 0.8200849 0.4546835
vt 0.7898069 0.4546835
vt 0.7898069 0.4607299
vt 0.8049459 0.4607299
vt 0.8200849 0.4607299
vt 0.835224 0.4546835
vt 0.850363 0.4546835
vt 0.835224 0.4607299
vt 0.850363 0.4607299
vt 0.8049459 0.4769282
vt 0.8200849 0.4769282
vt 0.7898069 0.4769282
vt 0.7898069 0.4931265
vt 0.8049459 0.4931265
vt 0.8200849 0.4931265
vt 0.835224 0.4769282
vt 0.850363 0.4769282
vt 0.835224 0.4931265
vt 0.850363 0.4931265
vt 0.8049459 0.5091472
vt 0.8200849 0.5091472
vt 0.7898069 0.5091472
vt 0.7898069 0.5251678
vt 0.8049459 0.5251678
vt 0.8200849 0.5251678
vt 0.835224 0.5091472
vt 0.850363 0.5091472
vt 0.835224 0.5251678
vt 0.850363 0.5251678
vt 0.8049459 0.539133
vt 0.8200849 0.539133
vt 0.7898069 0.539133
vt 0.7898069 0.5530983
vt 0.8049459 0.5530983
vt 0.8200849 0.5530983
vt 0.835224 0.539133
vt 0.850363 0.539133
vt 0.835224 0.5530983
vt 0.850363 0.5530983
vt 0.8049459 0.5692966
vt 0.8200849 0.5692966
vt 0.7898069 0.5692966
vt 0.7898069 0.585495
vt 0.8049459 0.585495
vt 0.8200849 0.585495
vt 0.835224 0.5692966
vt 0.850363 0.5692966
vt 0.835224 0.585495
vt 0.850363 0.585495
vt 0.8049459 0.5915413
vt 0.8200849 0.5915413
vt 0.7898069 0.5915413
vt 0.7898069 0.5975876
vt 0.8049459 0.5975876
vt 0.8200849 0.5975876
vt 0.835224 0.5915413
vt 0.850363 0.5915413
vt 0.835224 0.5975876
vt 0.850363 0.5975876
vt 0.8049459 0.6035661
vt 0.8200849 0.6035661
vt 0.7898069 0.6035661
vt 0.7898069 0.6095445
vt 0.8049459 0.6095445
vt 0.8200849 0.6095445
vt 0.835224 0.6035661
vt 0.850363 0.6035661
vt 0.835224 0.6095445
vt 0.850363 0.6095445
vt 0.8049459 0.6162544
vt 0.8200849 0.6162544
vt 0.7898069 0.6162544
vt 0.7898069 0.6229644
vt 0.8049459 0.6229644
vt 0.8200849 0.6229644
vt 0.835224 0.6162544
vt 0.850363 0.6162544
vt 0.835224 0.6229644
vt 0.850363 0.6229644
vt 0.8049459 0.6304369
vt 0.8200849 0.6304369
vt 0.7898069 0.6304369
vt 0.7898069 0.6379095
vt 0.8049459 0.6379095
vt 0.8200849 0.6379095
vt 0.835224 0.6304369
vt 0.850363 0.6304369
vt 0.835224 0.6379095
vt 0.850363 0.6379095
vt 0.8049459 0.6461269
vt 0.8200849 0.6461269
vt 0.7898069 0.6461269
vt 0.7898069 0.6543444
vt 0.8049459 0.6543444
vt 0.8200849 0.6543444
vt 0.835224 0.6461269
vt 0.850363 0.6461269
vt 0.835224 0.6543444
vt 0.850363 0.6543444
vt 0.8049459 0.6629945
vt 0.8200849 0.6629945
vt 0.7898069 0.6629945
vt 0.7898069 0.6716447
vt 0.8049459 0.6716447
vt 0.8200849 0.6716447
vt 0.835224 0.6629945
vt 0.850363 0.6629945
vt 0.835224 0.6716447
vt 0.850363 0.6716447
vt 0.8049459 0.6803644
vt 0.8200849 0.6803644
vt 0.7898069 0.6803644
vt 0.7898069 0.6890841
vt 0.8049459 0.6890841
vt 0.8200849 0.6890841
vt 0.835224 0.6803644
vt 0.850363 0.6803644
vt 0.835224 0.6890841
vt 0.850363 0.6890841
vt 0.8049459 0.6972818
vt 0.8200849 0.6972818
vt 0.7898069 0.6972818
vt 0.7898069 0.7054795
vt 0.8049459 0.7054795
vt 0.8200849 0.7054795
vt 0.835224 0.6972818
vt 0.850363 0.6972818
vt 0.835224 0.7054795
vt 0.850363 0.7054795
vt 0.8049459 0.7129343
vt 0.8200849 0.7129343
vt 0.7898069 0.7129343
vt 0.7898069 0.7203891
vt 0.8049459 0.7203891
vt 0.8200849 0.7203891
vt 0.835224 0.7129343
vt 0.850363 0.7129343
vt 0.835224 0.7203891
vt 0.850363 0.7203891
vt 0.8049459 0.7284436
vt 0.8200849 0.7284436
vt 0.7898069 0.7284436
vt 0.7898069 0.7364982
vt 0.8049459 0.7364982
vt 0.8200849 0.7364982
vt 0.835224 0.7284436
vt 0.850363 0.7284436
vt 0.835224 0.7364982
vt 0.850363 0.7364982
vt 0.8049459 0.7464957
vt 0.8200849 0.7464957
vt 0.7898069 0.7464957
vt 0.7898069 0.7564932
vt 0.8049459 0.7564932
vt 0.8200849 0.7564932
vt 0.835224 0.7464957
vt 0.850363 0.7464957
vt 0.835224 0.7564932
vt 0.850363 0.7564932
vt 0.8049459 0.767505
vt 0.8200849 0.767505
vt 0.7898069 0.767505
vt 0.7898069 0.7785168
vt 0.8049459 0.7785168
vt 0.8200849 0.7785168
vt 0.835224 0.767505
vt 0.850363 0.767505
vt 0.835224 0.7785168
vt 0.850363 0.7785168
vt 0.8049459 0.7891054
vt 0.8200849 0.7891054
vt 0.7898069 0.7891054
vt 0.7898069 0.7996939
vt 0.8049459 0.7996939
vt 0.8200849 0.7996939
vt 0.835224 0.7891054
vt 0.850363 0.7891054
vt 0.835224 0.7996939
vt 0.850363 0.7996939
vt 0.8049459 0.8100576
vt 0.8200849 0.8100576
vt 0.7898069 0.8100576
vt 0.7898069 0.8204213
vt 0.8049459 0.8204213
vt 0.8200849 0.8204213
vt 0.835224 0.8100576
vt 0.850363 0.8100576
vt 0.835224 0.8204213
vt 0.850363 0.8204213
vt 0.8049459 0.8310761
vt 0.8200849 0.8310761
vt 0.7898069 0.8310761
vt 0.7898069 0.841731
vt 0.8049459 0.841731
vt 0.8200849 0.841731
vt 0.835224 0.8310761
vt 0.850363 0.8310761
vt 0.835224 0.841731
vt 0.850363 0.841731
vt 0.8049459 0.8526565
vt 0.8200849 0.8526565
vt 0.7898069 0.8526565
vt 0.7898069 0.863582
vt 0.8049459 0.863582
vt 0.8200849 0.863582
vt 0.835224 0.8526565
vt 0.850363 0.8526565
vt 0.835224 0.863582
vt 0.850363 0.863582
vt 0.8049459 0.8746336
vt 0.8200849 0.8746336
vt 0.7898069 0.8746336
vt 0.7898069 0.8856852
vt 0.8049459 0.8856852
vt 0.8200849 0.8856852
vt 0.835224 0.8746336
vt 0.850363 0.8746336
vt 0.835224 0.8856852
vt 0.850363 0.8856852
vt 0.8049459 0.8964902
vt 0.8200849 0.8964903
vt 0.7898069 0.8964903
vt 0.7898069 0.9072953
vt 0.8049459 0.9072953
vt 0.8200849 0.9072953
vt 0.835224 0.8964902
vt 0.850363 0.8964903
vt 0.835224 0.9072953
vt 0.850363 0.9072953
vt 0.8049459 0.9174318
vt 0.8200849 0.9174318
vt 0.7898069 0.9174318
vt 0.7898069 0.9275682
vt 0.8049459 0.9275682
vt 0.8200849 0.9275682
vt 0.835224 0.9174318
vt 0.850363 0.9174318
vt 0.835224 0.9275682
vt 0.850363 0.9275682
vt 0.8049459 0.9375592
vt 0.8200849 0.9375592
vt 0.7898069 0.9375592
vt 0.7898069 0.9475504
vt 0.8049459 0.9475504
vt 0.8200849 0.9475504
vt 0.835224 0.9375592
vt 0.850363 0.9375592
vt 0.835224 0.9475504
vt 0.850363 0.9475504
vt 0.8049459 0.9584356
vt 0.8200849 0.9584356
vt 0.7898069 0.9584356
vt 0.7898069 0.9693208
vt 0.8049459 0.9693208
vt 0.8200849 0.9693208
vt 0.835224 0.9584356
vt 0.850363 0.9584356
vt 0.835224 0.9693208
vt 0.850363 0.9693208
vt 0.8049459 0.9787809
vt 0.8200849 0.9787809
vt 0.7898069 0.9787809
vt 0.7898069 0.9882408
vt 0.8049459 0.9882408
vt 0.8200849 0.9882408
vt 0.835224 0.9787809
vt 0.850363 0.9787809
vt 0.835224 0.9882408
vt 0.850363 0.9882408
vt 0.1533108 0.237756
vt 0.1514602 0.2380674
vt 0.1519625 0.2413077
vt 0.1538013 0.2410223
vt 0.1496097 0.2383789
vt 0.1501237 0.2415931
vt 0.1506377 0.2448074
vt 0.1524647 0.244548
vt 0.1542917 0.2442886
vt 0.1529742 0.2474507
vt 0.1547895 0.2471394
vt 0.1511588 0.2477621
vt 0.15168 0.2507169
vt 0.1534836 0.2503535
vt 0.1552872 0.2499901
vt 0.1501343 0.2335698
vt 0.1482833 0.2339623
vt 0.1519854 0.2331773
vt 0.15066 0.2285985
vt 0.1488084 0.2290722
vt 0.1469569 0.2295458
vt 0.1542952 0.2531019
vt 0.1560738 0.2526373
vt 0.1525166 0.2535665
vt 0.1533533 0.2564162
vt 0.1551069 0.2558504
vt 0.1568605 0.2552845
vt 0.1457919 0.2224775
vt 0.1439299 0.2229898
vt 0.147654 0.2219651
vt 0.1446479 0.2153317
vt 0.1427754 0.2158827
vt 0.140903 0.2164338
vt 0.1564028 0.258569
vt 0.1581114 0.2578804
vt 0.1546942 0.2592576
vt 0.1560351 0.262099
vt 0.1576987 0.2612877
vt 0.1593622 0.2604764
vt 0.1386539 0.2079293
vt 0.1367392 0.2084303
vt 0.1405687 0.2074283
vt 0.1364895 0.1995248
vt 0.1345325 0.1999759
vt 0.1325754 0.2004269
vt 0.1599637 0.2645083
vt 0.1615814 0.2635992
vt 0.158346 0.2654174
vt 0.1606568 0.2687358
vt 0.1622287 0.2677289
vt 0.1638006 0.266722
vt 0.1309651 0.1915277
vt 0.1289608 0.1917463
vt 0.1329694 0.1913092
vt 0.1294494 0.1830935
vt 0.1273978 0.1830796
vt 0.1253462 0.1830657
vt 0.1656913 0.2719157
vt 0.167283 0.2709269
vt 0.1640996 0.2729045
vt 0.1675424 0.2770733
vt 0.1691539 0.2761025
vt 0.1707655 0.2751317
vt 0.1272344 0.1751212
vt 0.1252869 0.1746645
vt 0.1291819 0.1755779
vt 0.1289144 0.1680623
vt 0.127071 0.1671628
vt 0.1252275 0.1662633
vt 0.1725482 0.2817375
vt 0.1742264 0.2809105
vt 0.1708699 0.2825646
vt 0.1741975 0.288056
vt 0.1759424 0.2873726
vt 0.1776874 0.2866892
vt 0.1314012 0.1602498
vt 0.1297637 0.1590788
vt 0.1330386 0.1614208
vt 0.1371628 0.1547793
vt 0.1357313 0.1533368
vt 0.1342999 0.1518943
vt 0.1784221 0.2953014
vt 0.1801812 0.2946972
vt 0.176663 0.2959056
vt 0.1791285 0.3037553
vt 0.1809017 0.3032302
vt 0.182675 0.3027051
vt 0.1420984 0.1477669
vt 0.1407676 0.1462407
vt 0.1434292 0.1492932
vt 0.1496957 0.1438071
vt 0.1484655 0.1421971
vt 0.1472353 0.1405871
vt 0.1841451 0.313125
vt 0.185894 0.3125221
vt 0.1823963 0.313728
vt 0.1856641 0.3237008
vt 0.1873885 0.3230199
vt 0.189113 0.322339
vt 0.153809 0.1383194
vt 0.1526292 0.136677
vt 0.1549887 0.1399619
vt 0.1602817 0.1361167
vt 0.1591524 0.1344417
vt 0.158023 0.1327668
vt 0.19317 0.3339865
vt 0.1948607 0.3332214
vt 0.1914793 0.3347515
vt 0.1972945 0.3458022
vt 0.1989514 0.344953
vt 0.2006083 0.3441038
vt 0.1634139 0.1319364
vt 0.1623338 0.1302397
vt 0.164494 0.1336331
vt 0.1687063 0.1311496
vt 0.1676755 0.1294311
vt 0.1666446 0.1277125
vt 0.2048026 0.3552161
vt 0.2064732 0.3543943
vt 0.203132 0.356038
vt 0.2089695 0.3662738
vt 0.2106538 0.3654794
vt 0.212338 0.3646849
vt 0.1712721 0.1277403
vt 0.1702336 0.12602
vt 0.1723106 0.1294606
vt 0.1759148 0.1277716
vt 0.1748687 0.1260495
vt 0.1738226 0.1243275
vt 0.2139251 0.3739309
vt 0.2156546 0.3732425
vt 0.2121957 0.3746192
vt 0.2154219 0.3829647
vt 0.2171965 0.3823824
vt 0.218971 0.3818001
vt 0.1774955 0.1245194
vt 0.1763792 0.1228445
vt 0.1786118 0.1261943
vt 0.1813089 0.124617
vt 0.1801223 0.1229892
vt 0.1789358 0.1213614
vt 0.2198181 0.3922316
vt 0.2215954 0.3916744
vt 0.2180408 0.3927889
vt 0.2206596 0.4026131
vt 0.2224397 0.4020809
vt 0.2242197 0.4015487
vt 0.182077 0.1210783
vt 0.180879 0.119502
vt 0.183275 0.1226546
vt 0.1852412 0.1206921
vt 0.1840317 0.1191673
vt 0.1828221 0.1176426
vt 0.2265947 0.4155028
vt 0.2283611 0.4149278
vt 0.2248284 0.4160779
vt 0.2289972 0.4295428
vt 0.2307498 0.4289249
vt 0.2325025 0.428307
vt 0.1868316 0.1167781
vt 0.1857077 0.1151974
vt 0.1879554 0.1183587
vt 0.1906697 0.1160253
vt 0.1896315 0.1143888
vt 0.1885934 0.1127522
vt 0.2355422 0.441507
vt 0.237268 0.4408231
vt 0.2338164 0.4421908
vt 0.2386356 0.4548388
vt 0.2403346 0.454089
vt 0.2420335 0.4533393
vt 0.1948104 0.1120009
vt 0.1939161 0.1102866
vt 0.1957047 0.1137151
vt 0.2007398 0.111405
vt 0.1999893 0.1096129
vt 0.1992387 0.1078209
vt 0.2441688 0.4615215
vt 0.2458262 0.4606969
vt 0.2425114 0.4623461
vt 0.2463871 0.4698534
vt 0.248003 0.468954
vt 0.2496188 0.4680546
vt 0.2062342 0.108129
vt 0.2055889 0.1063037
vt 0.2068795 0.1099544
vt 0.2130193 0.1085038
vt 0.2124792 0.1066451
vt 0.211939 0.1047865
vt 0.2507598 0.4733799
vt 0.2523715 0.4724535
vt 0.2491482 0.4743064
vt 0.2519093 0.4787594
vt 0.2535167 0.4778059
vt 0.2551241 0.4768523
vt 0.2178162 0.1060722
vt 0.2172318 0.1042141
vt 0.2184006 0.1079302
vt 0.223782 0.1073566
vt 0.2231533 0.1054992
vt 0.2225246 0.1036417
vt 0.2559819 0.4822641
vt 0.2575895 0.4813238
vt 0.2543743 0.4832044
vt 0.2568394 0.4876494
vt 0.2584471 0.4867223
vt 0.2600548 0.4857953
vt 0.2265703 0.1044947
vt 0.2257051 0.1027718
vt 0.2274354 0.1062175
vt 0.2310889 0.1050785
vt 0.2299873 0.1034902
vt 0.2288856 0.1019019
vt 0.2617645 0.4925082
vt 0.2633857 0.4915995
vt 0.2601434 0.4934169
vt 0.2634475 0.4991845
vt 0.265082 0.4982941
vt 0.2667165 0.4974037
vt 0.2318022 0.1010102
vt 0.2304999 0.0995729
vt 0.2331045 0.1024475
vt 0.23512 0.09981644
vt 0.2336171 0.09853016
vt 0.2321142 0.09724388
vt 0.2692732 0.5060396
vt 0.2710329 0.5053248
vt 0.2675135 0.5067543
vt 0.2715794 0.5143241
vt 0.2734644 0.513785
vt 0.2753493 0.513246
vt 0.2356261 0.09499551
vt 0.2341855 0.09370053
vt 0.2370666 0.0962905
vt 0.2390133 0.09276456
vt 0.2376351 0.09146087
vt 0.2362569 0.09015718
vt 0.2732602 0.5199921
vt 0.2750692 0.5201793
vt 0.2714512 0.5198048
vt 0.2713231 0.5252855
vt 0.273056 0.526199
vt 0.274789 0.5271125
vt 0.2408294 0.08835803
vt 0.239599 0.08691679
vt 0.2420598 0.08979927
vt 0.2451064 0.08683398
vt 0.2440237 0.08525519
vt 0.2429411 0.0836764
vt 0.2634664 0.5360234
vt 0.265058 0.5370715
vt 0.2618747 0.5349754
vt 0.2524264 0.5446653
vt 0.2538768 0.5458478
vt 0.2553271 0.5470303
vt 0.247978 0.08343741
vt 0.2471271 0.08174062
vt 0.248829 0.08513419
vt 0.2525516 0.0834344
vt 0.2519323 0.08161962
vt 0.2513131 0.07980484
vt 0.2424348 0.5578409
vt 0.2439332 0.5589368
vt 0.2409364 0.5567451
vt 0.2294463 0.5688249
vt 0.2309928 0.5698341
vt 0.2325393 0.5708433
vt 0.2558791 0.08126456
vt 0.2554678 0.07939862
vt 0.2562904 0.08313051
vt 0.2600292 0.08282661
vt 0.2598258 0.08090951
vt 0.2596225 0.0789924
vt 0.2251135 0.5819166
vt 0.2267649 0.582723
vt 0.223462 0.5811103
vt 0.2174778 0.5933957
vt 0.2192341 0.5939991
vt 0.2209905 0.5946026
vt 0.263997 0.08123808
vt 0.2638695 0.07931815
vt 0.2641245 0.08315802
vt 0.2682198 0.08348942
vt 0.2681681 0.08156666
vt 0.2681165 0.07964391
vt 0.2167098 0.6051043
vt 0.2184981 0.605611
vt 0.2149215 0.6045976
vt 0.2123652 0.6157994
vt 0.2141855 0.6162093
vt 0.2160057 0.6166193
vt 0.2729325 0.0817416
vt 0.2728568 0.07983579
vt 0.2730082 0.08364742
vt 0.2777965 0.08380541
vt 0.2776968 0.08191654
vt 0.2775972 0.08002767
vt 0.2119067 0.625148
vt 0.2136997 0.6256602
vt 0.2101137 0.6246357
vt 0.2078622 0.633472
vt 0.2096279 0.6340866
vt 0.2113937 0.6347012
vt 0.2831399 0.08170281
vt 0.2829737 0.07982942
vt 0.283306 0.0835762
vt 0.2888155 0.08334699
vt 0.2885829 0.08148909
vt 0.2883503 0.07963118
vt 0.2054002 0.6434267
vt 0.2071033 0.6441708
vt 0.2036971 0.6426826
vt 0.199532 0.6518931
vt 0.2011725 0.6527667
vt 0.2028129 0.6536404
vt 0.2943026 0.08067477
vt 0.2938867 0.07885271
vt 0.2947186 0.08249682
vt 0.3006216 0.08164665
vt 0.3000224 0.07986045
vt 0.2994232 0.07807425
vt 0.1939531 0.664771
vt 0.1955699 0.6656817
vt 0.1923363 0.6638603
vt 0.1851406 0.6758274
vt 0.1867337 0.6767753
vt 0.1883268 0.6777231
vt 0.3043121 0.07765337
vt 0.3034392 0.07602932
vt 0.3051849 0.07927743
vt 0.3097482 0.0769082
vt 0.3086017 0.07544629
vt 0.3074553 0.07398438
vt 0.1798538 0.6881363
vt 0.18146 0.6890591
vt 0.1782476 0.6872136
vt 0.1713546 0.6985998
vt 0.1729739 0.6994975
vt 0.1745932 0.7003952
vt 0.3111058 0.07142289
vt 0.3097697 0.07013282
vt 0.312442 0.07271296
vt 0.3151357 0.06851771
vt 0.31361 0.06739949
vt 0.3120843 0.06628126
vt 0.1689672 0.7074819
vt 0.1706272 0.7082975
vt 0.1673071 0.7066662
vt 0.1632596 0.7147326
vt 0.1649604 0.7154662
vt 0.1666612 0.7161998
vt 0.3167004 0.06164212
vt 0.315243 0.0604575
vt 0.3181578 0.06282674
vt 0.3211798 0.05713576
vt 0.3197908 0.05588475
vt 0.3184018 0.05463374
vt 0.162008 0.7238727
vt 0.1637416 0.7245257
vt 0.1602744 0.7232196
vt 0.1572893 0.7317066
vt 0.1590557 0.7322792
vt 0.1608221 0.7328517
vt 0.3251641 0.04990821
vt 0.3239376 0.0485099
vt 0.3263906 0.05130652
vt 0.3316014 0.04547727
vt 0.3305374 0.04393166
vt 0.3294734 0.04238605
vt 0.1556097 0.7447553
vt 0.1573893 0.7452804
vt 0.1538301 0.7442301
vt 0.150371 0.7567536
vt 0.1521637 0.7572314
vt 0.3377747 0.03912345
vt 0.3369104 0.03746952
vt 0.338639 0.04077737
vt 0.3456766 0.03607747
vt 0.345012 0.03431523
vt 0.3443474 0.03255299
vt 0.1492498 0.7705047
vt 0.1474457 0.7700769
vt 0.1445203 0.7834002
vt 0.1463358 0.7837781
vt 0.3531255 0.0316997
vt 0.3526976 0.02989547
vt 0.3535534 0.03350393
vt 0.3614302 0.0309304
vt 0.3612389 0.02908418
vt 0.3610477 0.02723795
vt 0.1447852 0.7940925
vt 0.1466079 0.7944498
vt 0.1429624 0.7937352
vt 0.1414045 0.8040702
vt 0.1432345 0.8044069
vt 0.1450644 0.8047437
vt 0.3698803 0.02915774
vt 0.3699196 0.02730665
vt 0.369841 0.03100884
vt 0.3782517 0.03108728
vt 0.3785216 0.02923131
vt 0.3787915 0.02737534
vt 0.1417163 0.8126904
vt 0.1435335 0.8130909
vt 0.139899 0.81229
vt 0.1383935 0.8205097
vt 0.140198 0.8209739
vt 0.1420026 0.8214381
vt 0.3874784 0.03207661
vt 0.3879107 0.03025927
vt 0.3870461 0.03389396
vt 0.3958405 0.03670064
vt 0.3964351 0.03492191
vt 0.3970298 0.03314319
vt 0.1375474 0.8294449
vt 0.1393397 0.8299292
vt 0.1357551 0.8289607
vt 0.1331167 0.8374117
vt 0.1348968 0.837916
vt 0.1366769 0.8384204
vt 0.4048182 0.03938606
vt 0.4055146 0.03764835
vt 0.4041218 0.04112376
vt 0.4124031 0.04554689
vt 0.4132013 0.0438502
vt 0.4139994 0.04215351
vt 0.1321716 0.8482839
vt 0.133976 0.8486887
vt 0.1303672 0.8478791
vt 0.1276177 0.8583465
vt 0.1294464 0.8586518
vt 0.1312752 0.8589571
vt 0.4201373 0.0490016
vt 0.4210829 0.04739296
vt 0.4191918 0.05061023
vt 0.4259806 0.05567357
vt 0.4270734 0.054153
vt 0.4281663 0.05263242
vt 0.1282655 0.8714145
vt 0.1301084 0.8715813
vt 0.1264226 0.8712476
vt 0.1252276 0.8841488
vt 0.1270846 0.8841772
vt 0.1289415 0.8842056
vt 0.4324633 0.06103633
vt 0.4337524 0.05970867
vt 0.4311743 0.06236398
vt 0.436368 0.06905439
vt 0.4378532 0.06791966
vt 0.4393385 0.06678492
vt 0.1277723 0.8959808
vt 0.1296175 0.8958527
vt 0.1259271 0.8961089
vt 0.1266266 0.9080688
vt 0.1284601 0.9077843
vt 0.1302935 0.9074998
vt 0.4417337 0.07749788
vt 0.4433335 0.07656941
vt 0.4401339 0.07842636
vt 0.4438998 0.08779833
vt 0.4456141 0.08707611
vt 0.4473285 0.0863539
vt 0.1306627 0.9155174
vt 0.1324303 0.9150044
vt 0.1288952 0.9160303
vt 0.1311637 0.9239918
vt 0.1328654 0.9232504
vt 0.1345671 0.922509
vt 0.4485146 0.09830196
vt 0.450264 0.0976824
vt 0.4467652 0.09892152
vt 0.4496305 0.1100447
vt 0.4514151 0.1095278
vt 0.4531996 0.1090109
vt 0.1363221 0.928557
vt 0.1378806 0.9275819
vt 0.1347635 0.9295321
vt 0.1383634 0.9350724
vt 0.1397788 0.9338636
vt 0.1411941 0.9326549
vt 0.4543202 0.1208884
vt 0.4560949 0.1203342
vt 0.4525455 0.1214426
vt 0.4554605 0.1328405
vt 0.4572253 0.1322489
vt 0.4589901 0.1316574
vt 0.1448149 0.9386657
vt 0.1460439 0.9372765
vt 0.1435859 0.940055
vt 0.1488084 0.9450377
vt 0.1498511 0.9434679
vt 0.1508937 0.9418981
vt 0.4612299 0.1421655
vt 0.4629284 0.1414199
vt 0.4595315 0.1429112
vt 0.4636024 0.152982
vt 0.4652345 0.1520821
vt 0.4668666 0.1511823
vt 0.1566563 0.947301
vt 0.1574701 0.9456367
vt 0.1558425 0.9489654
vt 0.1628767 0.9528932
vt 0.1634616 0.9511342
vt 0.1640465 0.9493753
vt 0.4708019 0.1595868
vt 0.4723237 0.1585384
vt 0.4692799 0.1606352
vt 0.4749576 0.1682884
vt 0.4763692 0.1670915
vt 0.4777809 0.1658946
vt 0.1718464 0.953674
vt 0.172336 0.9518886
vt 0.1713568 0.9554593
vt 0.179837 0.9580254
vt 0.1802312 0.9562137
vt 0.1806254 0.954402
vt 0.4823156 0.1727242
vt 0.4836707 0.1714695
vt 0.4809605 0.1739788
vt 0.4869635 0.1796692
vt 0.4882619 0.1783568
vt 0.4895604 0.1770445
vt 0.189607 0.9587539
vt 0.1900389 0.956947
vt 0.1891751 0.9605609
vt 0.1985132 0.9630964
vt 0.1989827 0.9612942
vt 0.1994523 0.9594919
vt 0.4931212 0.1830082
vt 0.4944354 0.1817049
vt 0.491807 0.1843116
vt 0.4966505 0.1889539
vt 0.4979804 0.1876596
vt 0.4993103 0.1863653
vt 0.2088257 0.9647266
vt 0.2093186 0.9629299
vt 0.2083327 0.9665233
vt 0.2181523 0.9699503
vt 0.2186686 0.9681591
vt 0.2191848 0.9663679
vt 0.5019056 0.1919473
vt 0.5032547 0.1906666
vt 0.5005565 0.1932281
vt 0.5044626 0.1975023
vt 0.5058309 0.196235
vt 0.5071991 0.1949678
vt 0.2285254 0.971037
vt 0.2289145 0.969219
vt 0.2281363 0.9728549
vt 0.2381203 0.9757595
vt 0.2383822 0.9739147
vt 0.2386442 0.97207
vt 0.5097148 0.2005841
vt 0.5110446 0.1992721
vt 0.5083849 0.2018961
vt 0.5123072 0.20629
vt 0.5135987 0.2049332
vt 0.5148902 0.2035763
vt 0.2479486 0.9743489
vt 0.2479566 0.9725051
vt 0.2479405 0.9761927
vt 0.2577608 0.976626
vt 0.257515 0.9747831
vt 0.2572691 0.9729402
vt 0.5190893 0.2095775
vt 0.5202972 0.2081531
vt 0.5178814 0.2110018
vt 0.5234556 0.2157136
vt 0.5245799 0.2142218
vt 0.5257041 0.2127299
vt 0.2672539 0.972684
vt 0.2668094 0.9708893
vt 0.2676985 0.9744788
vt 0.2776361 0.9723318
vt 0.2769929 0.970585
vt 0.2763497 0.9688383
vt 0.5329733 0.2195838
vt 0.5340818 0.218082
vt 0.5318649 0.2210857
vt 0.5402741 0.2264577
vt 0.5413668 0.2249459
vt 0.5424594 0.2234341
vt 0.2872531 0.9667665
vt 0.286496 0.9650675
vt 0.2880102 0.9684653
vt 0.2983843 0.964599
vt 0.2975133 0.9629478
vt 0.2966423 0.9612967
vt 0.5506685 0.2318584
vt 0.5518463 0.2304103
vt 0.5494907 0.2333065
vt 0.5587074 0.2401553
vt 0.5599703 0.2387709
vt 0.5612332 0.2373864
vt 0.3065081 0.9582283
vt 0.3055073 0.9566565
vt 0.3075089 0.9598003
vt 0.3166335 0.9550017
vt 0.3155029 0.9535089
vt 0.3143723 0.9520162
vt 0.5679801 0.247761
vt 0.569334 0.2464666
vt 0.566626 0.2490553
vt 0.5745447 0.2579554
vt 0.5759898 0.2567511
vt 0.5774349 0.2555468
vt 0.3213351 0.9482445
vt 0.3200046 0.9469607
vt 0.3226657 0.9495282
vt 0.3286978 0.9440548
vt 0.3271674 0.9429801
vt 0.325637 0.9419053
vt 0.5837059 0.2676651
vt 0.5851789 0.2664904
vt 0.5822328 0.2688398
vt 0.5899211 0.2797242
vt 0.591422 0.2785791
vt 0.5929228 0.2774341
vt 0.3303714 0.9359843
vt 0.3287221 0.9351798
vt 0.3320206 0.9367886
vt 0.3353435 0.9295224
vt 0.3335754 0.9289883
vt 0.3318073 0.9284543
vt 0.5999979 0.2910056
vt 0.6015139 0.2898705
vt 0.598482 0.2921408
vt 0.607043 0.3045574
vt 0.6085739 0.3034322
vt 0.6101049 0.3023069
vt 0.3348493 0.9192172
vt 0.3330316 0.918877
vt 0.3366669 0.9195573
vt 0.3379903 0.9095923
vt 0.3361231 0.909446
vt 0.3342559 0.9092997
vt 0.6158398 0.3157914
vt 0.6174263 0.3147336
vt 0.6142534 0.3168493
vt 0.6214639 0.3291411
vt 0.6231058 0.3281507
vt 0.6247478 0.3271603
vt 0.335456 0.8991294
vt 0.3335889 0.8991297
vt 0.3373231 0.8991289
vt 0.3366559 0.8886656
vt 0.3347888 0.8888127
vt 0.6266921 0.338772
vt 0.6284144 0.3379323
vt 0.6249698 0.3396116
vt 0.6284757 0.3500822
vt 0.6302783 0.3493932
vt 0.632081 0.3487043
vt 0.3328106 0.8801177
vt 0.3346775 0.8799157
vt 0.3326992 0.8711659
vt 0.3308324 0.8714226
vt 0.6311969 0.3577547
vt 0.6330452 0.3572139
vt 0.6293486 0.3582954
vt 0.6302215 0.3665087
vt 0.6321154 0.3661161
vt 0.6340094 0.3657235
vt 0.3295185 0.8634408
vt 0.3276476 0.8635672
vt 0.3313894 0.8633144
vt 0.3300795 0.8554629
vt 0.3282046 0.855459
vt 0.3263297 0.855455
vt 0.6321418 0.3721307
vt 0.6340447 0.3717897
vt 0.6302388 0.3724717
vt 0.6302562 0.3784348
vt 0.6321681 0.3781454
vt 0.6340801 0.3778559
vt 0.3293713 0.8462972
vt 0.3275067 0.8461303
vt 0.331236 0.846464
vt 0.3323925 0.8374651
vt 0.330538 0.8371353
vt 0.3286836 0.8368056
vt 0.6322957 0.3825323
vt 0.6341956 0.3821953
vt 0.6303958 0.3828693
vt 0.6305354 0.3873038
vt 0.6324233 0.3869193
vt 0.6343111 0.3865347
vt 0.3340591 0.8257962
vt 0.3322263 0.8253848
vt 0.3358919 0.8262078
vt 0.3393913 0.8149503
vt 0.3375801 0.8144572
vt 0.3357689 0.813964
vt 0.6330304 0.3906038
vt 0.6348896 0.3901606
vt 0.6311712 0.3910471
vt 0.631807 0.3947904
vt 0.6336375 0.3942884
vt 0.6354681 0.3937864
vt 0.3427293 0.8012515
vt 0.3409349 0.8007108
vt 0.3445237 0.8017923
vt 0.3496562 0.7886342
vt 0.3478785 0.7880459
vt 0.3461008 0.7874576
vt 0.6344954 0.3978257
vt 0.6363194 0.3973363
vt 0.6326715 0.3983151
vt 0.6335359 0.4018398
vt 0.6353533 0.401363
vt 0.6371707 0.4008861
vt 0.3533883 0.7759285
vt 0.351633 0.7752847
vt 0.3551437 0.7765723
vt 0.3606311 0.7645104
vt 0.3588981 0.7638111
vt 0.357165 0.7631118
vt 0.6360384 0.4053588
vt 0.6378766 0.4049947
vt 0.6342002 0.405723
vt 0.6348644 0.4096062
vt 0.6367235 0.4093547
vt 0.6385825 0.4091033
vt 0.3638225 0.7546966
vt 0.3621194 0.7539352
vt 0.3655257 0.755458
vt 0.3704202 0.7464055
vt 0.368747 0.745582
vt 0.3670737 0.7447585
vt 0.6367453 0.4154475
vt 0.6386111 0.4153696
vt 0.6348795 0.4155254
vt 0.6348945 0.4214446
vt 0.6367671 0.4215403
vt 0.6386397 0.4216359
vt 0.3743506 0.7365679
vt 0.3727065 0.7356918
vt 0.3759947 0.7374439
vt 0.3815693 0.7284824
vt 0.3799542 0.7275537
vt 0.3783392 0.7266251
vt 0.635295 0.4308254
vt 0.6371355 0.4311031
vt 0.6334546 0.4305477
vt 0.6320148 0.4396508
vt 0.633823 0.4401106
vt 0.6356313 0.4405703
vt 0.3877257 0.7162011
vt 0.3861272 0.7152442
vt 0.3893242 0.717158
vt 0.3970791 0.7058337
vt 0.3954972 0.7048484
vt 0.3939152 0.7038632
vt 0.6298991 0.4505337
vt 0.6316321 0.4512045
vt 0.6281663 0.449863
vt 0.6243178 0.4600751
vt 0.6259753 0.4609569
vt 0.6276328 0.4618386
vt 0.4034926 0.6932446
vt 0.4018942 0.6922845
vt 0.4050911 0.6942048
vt 0.4131031 0.6825759
vt 0.4114881 0.6816409
vt 0.409873 0.6807058
vt 0.6193821 0.4700734
vt 0.620925 0.4711056
vt 0.6178391 0.4690412
vt 0.6113605 0.4780074
vt 0.6127889 0.47919
vt 0.6142172 0.4803726
vt 0.416862 0.6717224
vt 0.4151931 0.6708975
vt 0.4185309 0.6725473
vt 0.4239587 0.6625188
vt 0.4222359 0.661804
vt 0.4205131 0.6610892
vt 0.605926 0.4860183
vt 0.6073063 0.4872504
vt 0.6045456 0.4847861
vt 0.5977308 0.4915648
vt 0.599063 0.4928466
vt 0.6003954 0.4941283
vt 0.4249892 0.6529801
vt 0.4232317 0.6523843
vt 0.4267466 0.6535759
vt 0.4295346 0.6446329
vt 0.4277425 0.6441561
vt 0.4259503 0.6436793
vt 0.5944539 0.497343
vt 0.5958356 0.4985755
vt 0.5930722 0.4961106
vt 0.5884137 0.5006562
vt 0.5898447 0.5018395
vt 0.5912757 0.5030227
vt 0.4292326 0.6359954
vt 0.4274985 0.6354133
vt 0.4309667 0.6365777
vt 0.4323987 0.6285224
vt 0.4307227 0.6278348
vt 0.4290467 0.6271473
vt 0.5872386 0.5056144
vt 0.5887733 0.5066689
vt 0.5857039 0.5045599
vt 0.5829942 0.5084634
vt 0.5846325 0.5093893
vt 0.5862708 0.5103152
vt 0.4344404 0.6214111
vt 0.4329269 0.620396
vt 0.435954 0.6224263
vt 0.4395093 0.6163301
vt 0.4381582 0.6149874
vt 0.436807 0.6136448
vt 0.5827907 0.5141026
vt 0.5844631 0.5149475
vt 0.5811182 0.5132576
vt 0.5792423 0.5180517
vt 0.5809488 0.5188158
vt 0.5826554 0.5195798
vt 0.4462873 0.6114366
vt 0.4452474 0.6099015
vt 0.4473271 0.6129717
vt 0.455145 0.6096133
vt 0.4544164 0.6078857
vt 0.4536878 0.6061582
vt 0.5785041 0.5247438
vt 0.5801681 0.5255815
vt 0.5768402 0.5239061
vt 0.5744379 0.5297605
vt 0.5760595 0.5306718
vt 0.5776809 0.5315832
vt 0.4652792 0.6052126
vt 0.4645999 0.6034718
vt 0.4659585 0.6069535
vt 0.4767721 0.6042938
vt 0.4761421 0.6025395
vt 0.4755121 0.6007853
vt 0.5717018 0.5374101
vt 0.5732417 0.5384424
vt 0.5701618 0.5363778
vt 0.5658857 0.5429951
vt 0.5673441 0.5441483
vt 0.5688025 0.5453016
vt 0.4873044 0.5985332
vt 0.4865933 0.5968142
vt 0.4880156 0.6002522
vt 0.499259 0.5962106
vt 0.4984668 0.5945268
vt 0.4976746 0.5928431
vt 0.560959 0.55111
vt 0.5623305 0.5523589
vt 0.5595875 0.5498612
vt 0.5532893 0.5567273
vt 0.5545739 0.5580717
vt 0.5558585 0.5594161
vt 0.508947 0.5891901
vt 0.5080724 0.5875551
vt 0.5098216 0.5908252
vt 0.5203842 0.5854399
vt 0.5194272 0.5838535
vt 0.5184703 0.582267
vt 0.5464773 0.5647994
vt 0.5476786 0.5662146
vt 0.545276 0.5633843
vt 0.5372628 0.5700412
vt 0.5383807 0.5715271
vt 0.5394986 0.5730131
vt 0.528904 0.5776903
vt 0.5278665 0.5761541
vt 0.5299414 0.5792265
vt 0.5647638 0.5419965
vt 0.5689904 0.5354468
vt 0.573217 0.528897
vt 0.5512798 0.554489
vt 0.5522845 0.5556082
vt 0.5585242 0.5488024
vt 0.5574609 0.5477435
vt 0.5354869 0.5676126
vt 0.5363749 0.5688269
vt 0.5443297 0.5622176
vt 0.5433834 0.5610508
vt 0.5169149 0.5796896
vt 0.5176926 0.5809783
vt 0.5270337 0.5749027
vt 0.5262009 0.5736511
vt 0.4963232 0.5901302
vt 0.4969989 0.5914866
vt 0.5073457 0.5862325
vt 0.506619 0.5849099
vt 0.4742844 0.5979911
vt 0.4748982 0.5993882
vt 0.4859486 0.5954374
vt 0.4853038 0.5940607
vt 0.5755919 0.5230756
vt 0.5743437 0.5222452
vt 0.5779669 0.5172542
vt 0.5766914 0.5164568
vt 0.4639188 0.6021004
vt 0.4632376 0.6007291
vt 0.4521909 0.6034672
vt 0.4529393 0.6048127
vt 0.5798511 0.5124247
vt 0.578584 0.5115918
vt 0.5817353 0.5075951
vt 0.5804765 0.5067268
vt 0.4443126 0.6086882
vt 0.4433778 0.6074748
vt 0.4345646 0.6114825
vt 0.4356858 0.6125636
vt 0.584502 0.5036381
vt 0.5833002 0.5027164
vt 0.5872688 0.4996811
vt 0.586124 0.498706
vt 0.4316722 0.6195135
vt 0.4304175 0.6186309
vt 0.4276585 0.6264633
vt 0.5919544 0.4951095
vt 0.5908364 0.4941085
vt 0.5966398 0.4905379
vt 0.5955487 0.4895109
vt 0.4260759 0.6348228
vt 0.4244933 0.6431824
vt 0.6034303 0.4837955
vt 0.6023151 0.482805
vt 0.610221 0.4770532
vt 0.6090814 0.476099
vt 0.4217892 0.6518508
vt 0.4203466 0.6513174
vt 0.417657 0.6599493
vt 0.419085 0.6605192
vt 0.6166408 0.4681751
vt 0.6154425 0.4673089
vt 0.6230606 0.459297
vt 0.6218035 0.4585189
vt 0.4137921 0.6702685
vt 0.4123911 0.6696395
vt 0.4071253 0.6793298
vt 0.4084992 0.6800178
vt 0.626851 0.4492033
vt 0.6255357 0.4485437
vt 0.6306413 0.4391096
vt 0.629268 0.4385684
vt 0.4005347 0.6915696
vt 0.3991753 0.6908548
vt 0.3912252 0.7023799
vt 0.3925702 0.7031215
vt 0.6320477 0.4301151
vt 0.6306407 0.4296826
vt 0.633454 0.4211206
vt 0.6320135 0.4207967
vt 0.3847711 0.7145123
vt 0.383415 0.7137805
vt 0.3756048 0.7251812
vt 0.376972 0.7259032
vt 0.6334214 0.4152843
vt 0.6319634 0.4150432
vt 0.6333888 0.4094479
vt 0.6319132 0.4092896
vt 0.3713075 0.7350102
vt 0.3699085 0.7343286
vt 0.3642122 0.743476
vt 0.365643 0.7441173
vt 0.6327017 0.4056139
vt 0.6312033 0.4055048
vt 0.6320146 0.4017799
vt 0.6304933 0.4017199
vt 0.3606552 0.7533388
vt 0.3591909 0.7527424
vt 0.3541697 0.7620088
vt 0.3556674 0.7625604
vt 0.6311364 0.3982627
vt 0.6296014 0.3982103
vt 0.6302582 0.3947455
vt 0.6287093 0.3947007
vt 0.3501147 0.7747551
vt 0.3485965 0.7742255
vt 0.3430233 0.7864422
vt 0.3445621 0.7869499
vt 0.6296227 0.3909792
vt 0.6280741 0.3909113
vt 0.6289872 0.3872129
vt 0.6274389 0.387122
vt 0.3393834 0.8002136
vt 0.3378319 0.7997165
vt 0.3326404 0.8129908
vt 0.3342047 0.8134774
vt 0.6288593 0.3827642
vt 0.6273227 0.3826591
vt 0.6287314 0.3783155
vt 0.6272066 0.3781962
vt 0.3306451 0.824931
vt 0.3290639 0.8244771
vt 0.3270855 0.8363845
vt 0.628711 0.3723907
vt 0.6271831 0.3723098
vt 0.6286906 0.366466
vt 0.6271597 0.3664234
vt 0.3258837 0.8457826
vt 0.3246819 0.8551806
vt 0.6278157 0.3583543
vt 0.6262829 0.3584132
vt 0.626941 0.3502426
vt 0.6254062 0.350403
vt 0.3260052 0.8633473
vt 0.6234559 0.3398919
vt 0.621942 0.3401721
vt 0.6199709 0.3295412
vt 0.6184779 0.3299413
vt 0.6128008 0.3173292
vt 0.6113483 0.3178092
vt 0.6056308 0.3051172
vt 0.6042187 0.3056771
vt 0.3320121 0.8988275
vt 0.3326989 0.9089205
vt 0.5971031 0.2927423
vt 0.5957242 0.2933438
vt 0.5885755 0.2803673
vt 0.5872298 0.2810104
vt 0.3315148 0.9184039
vt 0.3303306 0.9278872
vt 0.5809141 0.2695287
vt 0.5795953 0.2702175
vt 0.5732527 0.25869
vt 0.5719607 0.2594247
vt 0.3272954 0.934512
vt 0.3258687 0.933844
vt 0.3228834 0.9403681
vt 0.3242602 0.9411367
vt 0.5653807 0.2498713
vt 0.5641354 0.2506873
vt 0.5575088 0.2410526
vt 0.5563102 0.2419499
vt 0.318686 0.9460899
vt 0.3173673 0.9452192
vt 0.3118512 0.9500703
vt 0.3131117 0.9510432
vt 0.5483454 0.2342742
vt 0.5472 0.2352419
vt 0.539182 0.2274958
vt 0.5380899 0.2285338
vt 0.304314 0.9556172
vt 0.3031207 0.954578
vt 0.2943903 0.9590857
vt 0.2955163 0.9601912
vt 0.5307817 0.2221367
vt 0.5296986 0.2231876
vt 0.5223815 0.2167775
vt 0.5213073 0.2178415
vt 0.2855127 0.9638911
vt 0.2845295 0.9627149
vt 0.2746687 0.9663441
vt 0.2755092 0.9675912
vt 0.5167837 0.2120293
vt 0.5156859 0.2130567
vt 0.5111859 0.207281
vt 0.5100645 0.208272
vt 0.2662621 0.9695641
vt 0.2657148 0.9682391
vt 0.2567609 0.970134
vt 0.257015 0.9715371
vt 0.5072584 0.202863
vt 0.5061318 0.2038298
vt 0.5033308 0.1984449
vt 0.5021991 0.1993876
vt 0.2480082 0.9711102
vt 0.2480597 0.9697153
vt 0.2393584 0.9692966
vt 0.2390013 0.9706833
vt 0.4994348 0.1941793
vt 0.4983131 0.1951305
vt 0.4955388 0.1899136
vt 0.4944271 0.1908733
vt 0.2293973 0.9678577
vt 0.22988 0.9664962
vt 0.2204017 0.9636959
vt 0.2197933 0.9650319
vt 0.4907089 0.1852818
vt 0.4896108 0.186252
vt 0.485879 0.18065
vt 0.4847944 0.1816308
vt 0.209894 0.9615797
vt 0.2104695 0.9602295
vt 0.2005374 0.956763
vt 0.1999948 0.9581275
vt 0.4798629 0.1749358
vt 0.4787652 0.1758929
vt 0.4738468 0.1692217
vt 0.4727361 0.1701551
vt 0.1905063 0.9555662
vt 0.1909736 0.9541854
vt 0.1814099 0.9516077
vt 0.1810177 0.9530048
vt 0.4681191 0.161511
vt 0.4669582 0.1623868
vt 0.4623914 0.1538002
vt 0.4611804 0.1546185
vt 0.172772 0.9505234
vt 0.1732081 0.9491582
vt 0.1650063 0.9467087
vt 0.1645264 0.948042
vt 0.4582854 0.1436757
vt 0.4570392 0.1444402
vt 0.4541793 0.1335512
vt 0.4528981 0.1342619
vt 0.1581587 0.9444349
vt 0.1588472 0.9432333
vt 0.1526881 0.9397578
vt 0.1517909 0.940828
vt 0.4512604 0.1221677
vt 0.4499754 0.1228928
vt 0.4483415 0.1107841
vt 0.4470526 0.1115236
vt 0.1471427 0.9364139
vt 0.1482415 0.9355513
vt 0.1437949 0.9313447
vt 0.1424945 0.9319998
vt 0.445512 0.09975065
vt 0.4442589 0.1005798
vt 0.4426825 0.08871716
vt 0.4414652 0.089636
vt 0.1392583 0.9271175
vt 0.1406359 0.9266531
vt 0.137477 0.9219614
vt 0.1360221 0.9222352
vt 0.439009 0.07947449
vt 0.437884 0.08052263
vt 0.4353355 0.07023183
vt 0.4343029 0.07140926
vt 0.1339026 0.9148639
vt 0.1353749 0.9147234
vt 0.1332727 0.9074854
vt 0.1317831 0.9074926
vt 0.4302641 0.06364635
vt 0.4293538 0.06492873
vt 0.4251927 0.05706088
vt 0.4244048 0.0584482
vt 0.1311005 0.8959513
vt 0.1325835 0.8960499
vt 0.1318942 0.8846143
vt 0.1304179 0.88441
vt 0.4184944 0.05205027
vt 0.4177969 0.05349031
vt 0.411796 0.04703966
vt 0.411189 0.04853243
vt 0.1315635 0.8718796
vt 0.1330186 0.8721778
vt 0.1327091 0.8593493
vt 0.4035899 0.04263874
vt 0.4030579 0.04415372
vt 0.3953837 0.03823783
vt 0.3949269 0.03977501
vt 0.1353934 0.8491424
vt 0.1380778 0.8389355
vt 0.3866884 0.03544143
vt 0.3863307 0.0369889
vt 0.377993 0.03264503
vt 0.3777344 0.03420278
vt 0.1407489 0.8304498
vt 0.142158 0.8309704
vt 0.14342 0.8219641
vt 0.3697127 0.03258144
vt 0.3695844 0.03415404
vt 0.3614323 0.03251785
vt 0.1449475 0.8136038
vt 0.146475 0.8052434
vt 0.3537036 0.03507382
vt 0.3459748 0.03762978
vt 0.1480025 0.7949743
vt 0.1493971 0.7954987
vt 0.3390791 0.04227395
vt 0.3395193 0.04377054
vt 0.3321835 0.04691812
vt 0.3327657 0.04835898
vt 0.3270925 0.05267225
vt 0.3277944 0.05403799
vt 0.3220015 0.05842638
vt 0.3228231 0.059717
vt 0.1587214 0.7459273
vt 0.1600535 0.7465742
vt 0.1634595 0.734183
vt 0.1621408 0.7335174
vt 0.3190289 0.06410693
vt 0.3199001 0.06538711
vt 0.3160564 0.06978747
vt 0.3169771 0.07105723
vt 0.1650485 0.7251885
vt 0.1663553 0.7258513
vt 0.1692512 0.7175195
vt 0.1679562 0.7168596
vt 0.3132735 0.07407127
vt 0.3141052 0.07542957
vt 0.3104907 0.07835506
vt 0.3112332 0.07980192
vt 0.1719199 0.7089598
vt 0.1732125 0.7096221
vt 0.1771737 0.7017248
vt 0.1758835 0.70106
vt 0.3057743 0.08073405
vt 0.3063637 0.08219068
vt 0.3010579 0.08311304
vt 0.3014943 0.08457944
vt 0.1827505 0.6897367
vt 0.1840409 0.6904142
vt 0.1909081 0.6791035
vt 0.1896175 0.6784133
vt 0.2951073 0.08398061
vt 0.2954961 0.08546439
vt 0.2891567 0.08484817
vt 0.289498 0.08634934
vt 0.1968695 0.6663651
vt 0.1981691 0.6670487
vt 0.2054301 0.6549938
vt 0.2041215 0.6543171
vt 0.2836318 0.08510658
vt 0.2839577 0.08663696
vt 0.2781069 0.085365
vt 0.2784173 0.08692458
vt 0.2084447 0.644779
vt 0.2097861 0.6453873
vt 0.2141422 0.6357807
vt 0.212768 0.6352409
vt 0.2733203 0.08523386
vt 0.2736326 0.0868203
vt 0.2685338 0.08510272
vt 0.2688479 0.08671603
vt 0.2150855 0.6261306
vt 0.2164712 0.6266009
vt 0.2188002 0.6174211
vt 0.2174029 0.6170202
vt 0.2644806 0.08475738
vt 0.2648367 0.08635674
vt 0.2604274 0.08441204
vt 0.2608255 0.08599746
vt 0.2198786 0.6060354
vt 0.221259 0.6064597
vt 0.2237179 0.5954983
vt 0.2223542 0.5950505
vt 0.2567775 0.08467185
vt 0.2572646 0.0862132
vt 0.2531277 0.08493167
vt 0.2537038 0.08642894
vt 0.2281615 0.5832053
vt 0.2295581 0.5836878
vt 0.2353982 0.5718772
vt 0.2339687 0.5713603
vt 0.2495113 0.08657512
vt 0.2501937 0.08801605
vt 0.2458949 0.08821857
vt 0.2466835 0.08960316
vt 0.24555 0.5593376
vt 0.2471668 0.5597384
vt 0.2589353 0.5475996
vt 0.2571312 0.547315
vt 0.2429538 0.09113354
vt 0.2438478 0.09246781
vt 0.2400126 0.09404851
vt 0.241012 0.09533247
vt 0.267011 0.5373373
vt 0.2689639 0.5376031
vt 0.2789925 0.5276066
vt 0.2768908 0.5273596
vt 0.2381062 0.09758209
vt 0.2391458 0.09887367
vt 0.2361998 0.1011157
vt 0.2372796 0.1024149
vt 0.2770094 0.5201128
vt 0.2789497 0.5200464
vt 0.2789068 0.512486
vt 0.2771281 0.512866
vt 0.2341319 0.1038162
vt 0.2351592 0.1051849
vt 0.2320639 0.1065167
vt 0.2330389 0.1079549
vt 0.2725714 0.5047425
vt 0.2741098 0.5041602
vt 0.2693127 0.4958343
vt 0.2680146 0.496619
vt 0.2283009 0.1076659
vt 0.2291664 0.1091142
vt 0.224538 0.108815
vt 0.2252939 0.1102735
vt 0.2646025 0.4907026
vt 0.2658193 0.4898057
vt 0.262326 0.483777
vt 0.2611904 0.4847862
vt 0.2191254 0.1093848
vt 0.2198501 0.1108395
vt 0.2137128 0.1099546
vt 0.2144063 0.1114055
vt 0.2587283 0.4802958
vt 0.2598671 0.4792678
vt 0.2574082 0.4747587
vt 0.2562662 0.4758055
vt 0.2076284 0.1113858
vt 0.2083773 0.1128172
vt 0.2015441 0.1128169
vt 0.2023484 0.1142289
vt 0.2535109 0.4714254
vt 0.2546504 0.4703974
vt 0.2518925 0.4660362
vt 0.2507557 0.4670454
vt 0.1965803 0.1150765
vt 0.1974559 0.1164379
vt 0.1916166 0.117336
vt 0.1925635 0.1186468
vt 0.2470009 0.4597435
vt 0.2481756 0.4587901
vt 0.2444588 0.451544
vt 0.2432461 0.4524416
vt 0.1889461 0.1196651
vt 0.1899368 0.1209714
vt 0.1862757 0.1219941
vt 0.1873102 0.1232961
vt 0.2385239 0.4400147
vt 0.2397798 0.4392062
vt 0.2351009 0.4268683
vt 0.2338017 0.4275877
vt 0.1843453 0.123997
vt 0.1854155 0.1253394
vt 0.1824149 0.1259999
vt 0.1835209 0.1273827
vt 0.2296873 0.4142842
vt 0.2310136 0.4136405
vt 0.2269262 0.4004127
vt 0.2255729 0.4009807
vt 0.1796876 0.1275742
vt 0.1807633 0.128954
vt 0.1769603 0.1291485
vt 0.1780057 0.1305253
vt 0.2229575 0.3911083
vt 0.2243197 0.3905422
vt 0.2217132 0.3806717
vt 0.2203421 0.3812359
vt 0.1733484 0.1308249
vt 0.1743863 0.1321891
vt 0.1697366 0.1325013
vt 0.1707668 0.133853
vt 0.2170127 0.3726379
vt 0.2183708 0.3720334
vt 0.2150284 0.3633951
vt 0.2136832 0.36404
vt 0.1655498 0.1349824
vt 0.1666056 0.1363316
vt 0.1613631 0.1374635
vt 0.1624444 0.1388103
vt 0.2078308 0.3537798
vt 0.2091884 0.3531653
vt 0.2033484 0.3429354
vt 0.2019784 0.3435196
vt 0.156113 0.1412911
vt 0.1572372 0.1426204
vt 0.1508628 0.1451187
vt 0.15203 0.1464304
vt 0.1962633 0.3327278
vt 0.197666 0.3322341
vt 0.1919835 0.3215328
vt 0.1905482 0.3219359
vt 0.1446652 0.1505276
vt 0.1459011 0.1517619
vt 0.1384675 0.1559364
vt 0.1397722 0.1570935
vt 0.1873538 0.3121966
vt 0.1888137 0.3118712
vt 0.1841594 0.3024573
vt 0.1344504 0.1624362
vt 0.1358621 0.1634516
vt 0.1304333 0.1689361
vt 0.1816868 0.2944345
vt 0.1792141 0.2864118
vt 0.1308163 0.1762508
vt 0.1311994 0.1835656
vt 0.1757459 0.2805701
vt 0.1772654 0.2802297
vt 0.17379 0.2743251
vt 0.1722777 0.2747284
vt 0.1347361 0.1916416
vt 0.1365027 0.1919739
vt 0.1382728 0.1997175
vt 0.1400561 0.1999101
vt 0.1687863 0.2705279
vt 0.1702896 0.2701288
vt 0.1667892 0.2659326
vt 0.1652949 0.2663273
vt 0.1423056 0.207548
vt 0.1440426 0.2076677
vt 0.1463385 0.2153785
vt 0.1480291 0.2154253
vt 0.163075 0.2632644
vt 0.1645686 0.2629296
vt 0.162348 0.2599266
vt 0.1608551 0.2602015
vt 0.149302 0.2219803
vt 0.15095 0.2219956
vt 0.1522655 0.2285822
vt 0.153871 0.2285658
vt 0.1596037 0.2576699
vt 0.1610961 0.2574594
vt 0.1598441 0.2549922
vt 0.1583523 0.2551384
vt 0.1535653 0.2331731
vt 0.1551453 0.2331689
vt 0.1548652 0.237764
vt 0.1564195 0.2377719
vt 0.1575661 0.252542
vt 0.1590583 0.2524468
vt 0.1582725 0.2499013
vt 0.1567799 0.2499457
vt 0.155331 0.2410327
vt 0.1568608 0.2410431
vt 0.1557969 0.2443014
vt 0.1573021 0.2443143
vt 0.1562884 0.2471236
vt 0.1577873 0.2471078
vt 0.1439582 0.2020997
vt 0.1420072 0.2010049
vt 0.1459506 0.208634
vt 0.1478585 0.2096004
vt 0.1498939 0.2162632
vt 0.1517588 0.2171011
vt 0.1527543 0.2226954
vt 0.1545585 0.2233953
vt 0.1556146 0.2291277
vt 0.1573582 0.2296895
vt 0.1568568 0.2336564
vt 0.1585684 0.2341439
vt 0.158099 0.2381851
vt 0.1597785 0.2385983
vt 0.1585159 0.241439
vt 0.1601711 0.241835
vt 0.1589329 0.244693
vt 0.1605637 0.2450718
vt 0.1594096 0.247487
vt 0.1610319 0.2478662
vt 0.1598863 0.250281
vt 0.1615 0.2506607
vt 0.1606758 0.2528321
vt 0.1622932 0.2532173
vt 0.1614653 0.2553831
vt 0.1630864 0.255774
vt 0.1384059 0.1931264
vt 0.1403092 0.1942788
vt 0.1348047 0.1852479
vt 0.1627347 0.2578626
vt 0.1643733 0.2582658
vt 0.1640041 0.2603421
vt 0.1656602 0.2607576
vt 0.1360953 0.1794007
vt 0.1373859 0.1735536
vt 0.1662554 0.2633416
vt 0.1679423 0.2637537
vt 0.1685068 0.2663411
vt 0.1702244 0.2667497
vt 0.1374833 0.1646276
vt 0.1391045 0.1658036
vt 0.1429241 0.1594909
vt 0.1413482 0.1582922
vt 0.1720192 0.2704979
vt 0.1737488 0.2708669
vt 0.1755316 0.2746546
vt 0.1772732 0.2749841
vt 0.147409 0.1530176
vt 0.148917 0.1542732
vt 0.1549098 0.1490554
vt 0.1534699 0.1477429
vt 0.178993 0.2804935
vt 0.1807206 0.2807572
vt 0.1586348 0.1439486
vt 0.1600325 0.1452769
vt 0.1651551 0.1414984
vt 0.1637998 0.1401544
vt 0.1679489 0.1376649
vt 0.1692921 0.1389982
vt 0.1734291 0.136498
vt 0.172098 0.1351755
vt 0.1872821 0.3022317
vt 0.1868108 0.2945514
vt 0.1863395 0.2868711
vt 0.1904138 0.3117958
vt 0.1920139 0.3117205
vt 0.1935455 0.32136
vt 0.1951075 0.3211872
vt 0.1757153 0.1335373
vt 0.1770444 0.1348855
vt 0.1806597 0.133273
vt 0.1793327 0.1318991
vt 0.1991697 0.3319378
vt 0.2006735 0.3316414
vt 0.2047939 0.3425155
vt 0.2062394 0.3420956
vt 0.1820785 0.1303733
vt 0.1833938 0.1317925
vt 0.1861279 0.130312
vt 0.1848243 0.1288474
vt 0.2105669 0.3526363
vt 0.2119454 0.3521074
vt 0.2163398 0.3627572
vt 0.2176513 0.3621193
vt 0.1866628 0.1267753
vt 0.1879101 0.1282112
vt 0.1896923 0.1261103
vt 0.1885013 0.1247032
vt 0.219641 0.3713603
vt 0.2209112 0.3706873
vt 0.2229422 0.3799635
vt 0.2241712 0.3792553
vt 0.1911056 0.1223392
vt 0.1922745 0.123707
vt 0.1948566 0.1213037
vt 0.19371 0.1199752
vt 0.2255187 0.3897964
vt 0.2267177 0.3890507
vt 0.2280952 0.3996294
vt 0.2292642 0.398846
vt 0.1985753 0.117777
vt 0.1996946 0.1191161
vt 0.2045327 0.1169285
vt 0.2034405 0.1155787
vt 0.2321268 0.412716
vt 0.23324 0.4117915
vt 0.2361584 0.4258026
vt 0.2372159 0.4247369
vt 0.2094443 0.1141675
vt 0.2105113 0.1155178
vt 0.2164899 0.1141071
vt 0.2154481 0.1127563
vt 0.2407736 0.4379869
vt 0.2417674 0.4367676
vt 0.2453889 0.4501711
vt 0.246319 0.4487982
vt 0.2208955 0.1122154
vt 0.2219408 0.1135913
vt 0.2273917 0.1130754
vt 0.2263428 0.1116744
vt 0.249089 0.4573607
vt 0.2500023 0.4559313
vt 0.252789 0.4645503
vt 0.2536855 0.4630644
vt 0.2302034 0.1106113
vt 0.2312404 0.1121084
vt 0.2350891 0.1111414
vt 0.234064 0.1095482
vt 0.2555556 0.468892
vt 0.2564609 0.4673866
vt 0.2583223 0.4732338
vt 0.2592363 0.4717088
vt 0.2361089 0.106793
vt 0.2370585 0.108401
vt 0.2390279 0.1056607
vt 0.2381537 0.1040378
vt 0.2607913 0.477777
vt 0.2617154 0.4762862
vt 0.2632602 0.4823203
vt 0.2641945 0.4808636
vt 0.2399665 0.1004812
vt 0.2407872 0.1020888
vt 0.2425466 0.09851697
vt 0.2417793 0.09692472
vt 0.2669926 0.4886083
vt 0.2681659 0.4874109
vt 0.270725 0.4948963
vt 0.2721374 0.4939582
vt 0.2445992 0.09405713
vt 0.2453507 0.09564644
vt 0.2481547 0.09277591
vt 0.2474191 0.09118953
vt 0.2760673 0.5035475
vt 0.2780249 0.5029349
vt 0.2814096 0.5121988
vt 0.2839125 0.5119115
vt 0.2509122 0.08960605
vt 0.2516308 0.09119606
vt 0.2551069 0.08961621
vt 0.2544053 0.08802257
vt 0.2819408 0.5195743
vt 0.284932 0.5191023
vt 0.282472 0.5269499
vt 0.2859514 0.5262932
vt 0.2579746 0.08783141
vt 0.2586846 0.08944961
vt 0.2622623 0.08928302
vt 0.2615439 0.08764024
vt 0.2721559 0.5368975
vt 0.2753479 0.5361919
vt 0.2618398 0.5468451
vt 0.2647443 0.5460906
vt 0.265542 0.08802381
vt 0.2662473 0.08969088
vt 0.2702323 0.09009874
vt 0.2695401 0.08840738
vt 0.2495178 0.5593606
vt 0.2518689 0.5589828
vt 0.2371958 0.5718761
vt 0.2389935 0.571875
vt 0.2742972 0.08849556
vt 0.2749618 0.09017082
vt 0.2796914 0.09024289
vt 0.2790543 0.08858374
vt 0.231108 0.5838826
vt 0.2326578 0.5840775
vt 0.22502 0.5958892
vt 0.2263221 0.59628
vt 0.2845609 0.0882735
vt 0.2851643 0.08991005
vt 0.2906371 0.0895772
vt 0.2900676 0.08796327
vt 0.2225357 0.6069143
vt 0.2238123 0.6073689
vt 0.2200513 0.6179395
vt 0.2213025 0.6184579
vt 0.2960049 0.08709822
vt 0.2965137 0.08873205
vt 0.3023902 0.0878869
vt 0.3019422 0.08623317
vt 0.2177379 0.6271636
vt 0.2190046 0.6277263
vt 0.2154244 0.6363877
vt 0.2167066 0.6369947
vt 0.3067499 0.08389885
vt 0.3071362 0.08560702
vt 0.3118821 0.08332714
vt 0.3115577 0.08156453
vt 0.2110893 0.6460034
vt 0.2123926 0.6466196
vt 0.2067543 0.6556191
vt 0.2080785 0.6562444
vt 0.3143747 0.07716563
vt 0.3146441 0.07890168
vt 0.3174061 0.07447621
vt 0.3171916 0.07276672
vt 0.1995012 0.6676403
vt 0.2008333 0.668232
vt 0.192248 0.6796615
vt 0.193588 0.6802195
vt 0.3200866 0.06705671
vt 0.320273 0.0687263
vt 0.3231399 0.06297639
vt 0.3229815 0.06134669
vt 0.1853685 0.6909773
vt 0.1866962 0.6915404
vt 0.178489 0.702293
vt 0.1798043 0.7028612
vt 0.3279026 0.05568622
vt 0.3280109 0.05733445
vt 0.3328818 0.05169252
vt 0.3328238 0.05002575
vt 0.1744976 0.7102956
vt 0.1757827 0.710969
vt 0.1705061 0.7182982
vt 0.171761 0.7190768
vt 0.3394958 0.04547293
vt 0.3394723 0.04717532
vt 0.3461679 0.04092011
vt 0.1676017 0.7267401
vt 0.1688481 0.727629
vt 0.1646973 0.7351821
vt 0.1659352 0.7361812
vt 0.3533772 0.04036124
vt 0.3605865 0.03980237
vt 0.1613112 0.7475867
vt 0.1625689 0.7485993
vt 0.1579251 0.7599913
vt 0.1592027 0.7610174
vt 0.3692833 0.0359016
vt 0.3689822 0.03764915
vt 0.3770204 0.03768307
vt 0.3773774 0.03594293
vt 0.1550845 0.7730994
vt 0.1563908 0.7740889
vt 0.1522439 0.7862074
vt 0.1535789 0.7871604
vt 0.3859081 0.03871977
vt 0.3854856 0.04045063
vt 0.3939508 0.0432182
vt 0.3944389 0.0414966
vt 0.1507668 0.7964143
vt 0.1521364 0.7973297
vt 0.4025029 0.0458563
vt 0.4019478 0.04755887
vt 0.4099448 0.05189955
vt 0.4105669 0.05021599
vt 0.4171326 0.0551423
vt 0.4164684 0.05679429
vt 0.4229919 0.06168902
vt 0.4236984 0.06006861
vt 0.1463134 0.8232825
vt 0.1494014 0.8159684
vt 0.1524893 0.8086544
vt 0.1436366 0.8317255
vt 0.1451151 0.8324805
vt 0.4286183 0.06650555
vt 0.4278827 0.06808238
vt 0.4327734 0.07447574
vt 0.4335381 0.0729425
vt 0.4370772 0.08198038
vt 0.4362703 0.08343814
vt 0.4397671 0.09240055
vt 0.4406161 0.09101827
vt 0.135627 0.8603852
vt 0.1399821 0.8511083
vt 0.1443373 0.8418314
vt 0.1345256 0.8727507
vt 0.1360326 0.8733234
vt 0.1334243 0.8851161
vt 0.1349543 0.8856179
vt 0.4433811 0.1018719
vt 0.4425034 0.103164
vt 0.4452397 0.1139275
vt 0.4461461 0.1127256
vt 0.1341349 0.8964804
vt 0.1356864 0.896911
vt 0.1348456 0.9078448
vt 0.1364185 0.9082042
vt 0.449055 0.1240159
vt 0.4481347 0.1251391
vt 0.4510296 0.1363508
vt 0.4519639 0.1353063
vt 0.1369414 0.9150555
vt 0.1385079 0.9153877
vt 0.1390371 0.9222663
vt 0.1405972 0.9225712
vt 0.4560899 0.1454289
vt 0.4551407 0.1464176
vt 0.4592517 0.1564844
vt 0.460216 0.1555514
vt 0.1421032 0.9268349
vt 0.1435705 0.9270168
vt 0.1451693 0.9314036
vt 0.1465438 0.9314624
vt 0.4659688 0.163281
vt 0.4649794 0.1641752
vt 0.4707071 0.171866
vt 0.4717216 0.1710106
vt 0.149349 0.935325
vt 0.1504565 0.9350987
vt 0.1535287 0.9392464
vt 0.1543693 0.938735
vt 0.4777181 0.1767218
vt 0.476671 0.1775507
vt 0.4826348 0.1832353
vt 0.4837146 0.182433
vt 0.1594723 0.9424677
vt 0.1600974 0.9417022
vt 0.1654159 0.9456891
vt 0.1658256 0.9446695
vt 0.4885077 0.1870411
vt 0.4874047 0.1878301
vt 0.4921747 0.192425
vt 0.4933009 0.1916491
vt 0.1736644 0.948047
vt 0.1741207 0.946936
vt 0.1819129 0.9504051
vt 0.1824159 0.9492024
vt 0.4971731 0.1959011
vt 0.496033 0.1966717
vt 0.4998912 0.2009185
vt 0.5010452 0.2001531
vt 0.1916351 0.952996
vt 0.1922965 0.9518068
vt 0.2013572 0.9555871
vt 0.2021771 0.9544111
vt 0.5049564 0.2045892
vt 0.5037811 0.2053486
vt 0.5076709 0.2097786
vt 0.5088677 0.2090253
vt 0.2113484 0.9590728
vt 0.2122272 0.9579161
vt 0.2213395 0.9625584
vt 0.2222774 0.961421
vt 0.5144627 0.213783
vt 0.5132396 0.2145093
vt 0.5188083 0.2192399
vt 0.5200578 0.2185407
vt 0.2306398 0.9653866
vt 0.2313995 0.964277
vt 0.23994 0.9682149
vt 0.2405217 0.9671331
vt 0.5284134 0.2238211
vt 0.5271283 0.2244545
vt 0.5354483 0.2296691
vt 0.5367691 0.2291014
vt 0.248183 0.968693
vt 0.2483064 0.9676706
vt 0.256426 0.969171
vt 0.2560912 0.9682081
vt 0.5458556 0.2357171
vt 0.5445113 0.2361924
vt 0.5535742 0.2427158
vt 0.5549422 0.2423329
vt 0.2649016 0.9673647
vt 0.2640883 0.9664903
vt 0.2733771 0.9655583
vt 0.2720855 0.9647725
vt 0.562775 0.2509739
vt 0.5614145 0.2512604
vt 0.5706077 0.2596148
vt 0.283006 0.9619906
vt 0.2814824 0.9612662
vt 0.2926348 0.9584228
vt 0.2908792 0.95776
vt 0.5782318 0.2703143
vt 0.585856 0.2810137
vt 0.3013249 0.9539288
vt 0.2995291 0.9532797
vt 0.3100151 0.9494349
vt 0.308179 0.9487995
vt 0.5942812 0.2932549
vt 0.6027063 0.305496
vt 0.3155694 0.944542
vt 0.3137714 0.9438649
vt 0.3211236 0.9396492
vt 0.3193638 0.9389303
vt 0.6097711 0.3175328
vt 0.6081939 0.3172565
vt 0.6151938 0.3291981
vt 0.6168359 0.3295697
vt 0.3241234 0.9330724
vt 0.3223781 0.9323009
vt 0.6203046 0.339707
vt 0.6186672 0.339242
vt 0.6221406 0.3492858
vt 0.6237735 0.3498444
vt 0.6246852 0.3577791
vt 0.6230875 0.357145
vt 0.6240343 0.3650041
vt 0.625597 0.3657137
vt 0.326277 0.9161727
vt 0.3231782 0.9246111
vt 0.6256379 0.3715584
vt 0.6240926 0.370807
vt 0.6241509 0.3766099
vt 0.6256787 0.377403
vt 0.326637 0.8967948
vt 0.6257905 0.3818439
vt 0.6242583 0.3810287
vt 0.6243657 0.3854476
vt 0.6259023 0.3862848
vt 0.3237675 0.8782653
vt 0.626551 0.39006
vt 0.625028 0.3892087
vt 0.6256903 0.3929699
vt 0.6271998 0.3938353
vt 0.3202228 0.8615156
vt 0.6281273 0.3973544
vt 0.6266533 0.3964985
vt 0.6276163 0.4000271
vt 0.6290548 0.4008735
vt 0.3235126 0.8352366
vt 0.3200147 0.8438471
vt 0.3271095 0.8237585
vt 0.325155 0.8230399
vt 0.3307063 0.8122804
vt 0.3287722 0.81157
vt 0.6298119 0.4046942
vt 0.6284205 0.4038836
vt 0.6292245 0.4077401
vt 0.6305689 0.4085149
vt 0.3359217 0.7990426
vt 0.3340116 0.7983687
vt 0.3411372 0.7858047
vt 0.339251 0.7851674
vt 0.6306481 0.4142802
vt 0.6293328 0.4135173
vt 0.629441 0.4192945
vt 0.6307272 0.4200456
vt 0.3467472 0.7736059
vt 0.3448979 0.7729864
vt 0.3523572 0.7614071
vt 0.3505447 0.7608054
vt 0.6293733 0.4288934
vt 0.6281059 0.4281043
vt 0.6267709 0.436914
vt 0.6280195 0.4377412
vt 0.3574396 0.7521058
vt 0.3556883 0.7514691
vt 0.3625221 0.7428044
vt 0.360832 0.7421329
vt 0.6243017 0.4476652
vt 0.6230677 0.4467868
vt 0.6193644 0.4566595
vt 0.620584 0.4575892
vt 0.3682755 0.733621
vt 0.3666424 0.7329135
vt 0.3740289 0.7244376
vt 0.3724529 0.7236941
vt 0.614238 0.4663337
vt 0.6130335 0.4653584
vt 0.6067026 0.4740573
vt 0.607892 0.4750781
vt 0.381855 0.7130498
vt 0.3802949 0.712319
vt 0.389681 0.7016619
vt 0.3881369 0.7009439
vt 0.6011403 0.4817602
vt 0.5999655 0.4807155
vt 0.5932285 0.4873738
vt 0.5943886 0.4884423
vt 0.3976124 0.6901727
vt 0.3960494 0.6894907
vt 0.4055436 0.6786836
vt 0.403962 0.6780375
vt 0.5896689 0.4930363
vt 0.5885014 0.4919642
vt 0.5837743 0.4965547
vt 0.5849491 0.4976304
vt 0.4107875 0.6690089
vt 0.4091837 0.6683783
vt 0.4160312 0.6593342
vt 0.4144055 0.6587191
vt 0.5821205 0.501636
vt 0.5809407 0.5005556
vt 0.5781072 0.5045565
vt 0.5792918 0.5056416
vt 0.4187267 0.6506689
vt 0.4171069 0.6500202
vt 0.5774168 0.5105061
vt 0.5762497 0.5094204
vt 0.5743922 0.5142844
vt 0.5755418 0.5153706
vt 0.5732052 0.5211537
vt 0.5720667 0.5200621
vt 0.5708686 0.5269368
vt 0.4247236 0.6248785
vt 0.4212534 0.6326435
vt 0.4177833 0.6404085
vt 0.4289641 0.6175762
vt 0.4275107 0.6165216
vt 0.4332046 0.610274
vt 0.4318446 0.6090654
vt 0.5654913 0.53207
vt 0.5601141 0.5372032
vt 0.4421849 0.6061587
vt 0.4409919 0.6048427
vt 0.4511651 0.6020436
vt 0.4501392 0.60062
vt 0.5564148 0.5465474
vt 0.5553687 0.5453513
vt 0.5492677 0.5520183
vt 0.5502738 0.5532537
vt 0.4283334 0.606034
vt 0.430089 0.6075497
vt 0.4394353 0.6032004
vt 0.4378786 0.6015581
vt 0.4487815 0.5988511
vt 0.4474238 0.5970821
vt 0.4623227 0.5992767
vt 0.4614077 0.5978242
vt 0.4734802 0.5965097
vt 0.4726761 0.5950283
vt 0.4256568 0.6151786
vt 0.4238029 0.6138355
vt 0.4845163 0.5925983
vt 0.4837289 0.591136
vt 0.4955525 0.5886869
vt 0.4947817 0.5872437
vt 0.5424241 0.5597793
vt 0.5414649 0.5585078
vt 0.5336621 0.5649973
vt 0.5345745 0.5663049
vt 0.4602001 0.5960099
vt 0.4589925 0.5941955
vt 0.4716187 0.5931686
vt 0.4705612 0.591309
vt 0.5058197 0.5835
vt 0.5050205 0.5820901
vt 0.5160871 0.578313
vt 0.5152592 0.5769364
vt 0.5253308 0.572309
vt 0.5244607 0.5709668
vt 0.4827039 0.5892951
vt 0.4816788 0.5874541
vt 0.4937891 0.5854216
vt 0.4927965 0.5835993
vt 0.5039968 0.5803085
vt 0.5029731 0.5785269
vt 0.5142044 0.5751954
vt 0.5131497 0.5734544
vt 0.5233564 0.5692679
vt 0.5222521 0.5675691
vt 0.5325084 0.5633405
vt 0.5313545 0.5616837
vt 0.5402547 0.5568939
vt 0.5390446 0.5552801
vt 0.5480012 0.5504475
vt 0.5467346 0.5488766
vt 0.5540576 0.5438253
vt 0.5527467 0.5422993
vt 0.5706512 0.5186549
vt 0.5692356 0.5172477
vt 0.5729575 0.5128878
vt 0.5715228 0.5114914
vt 0.5747889 0.5080302
vt 0.5733281 0.50664
vt 0.5766202 0.5031726
vt 0.5751333 0.5017887
vt 0.5794572 0.4991772
vt 0.5779736 0.4977988
vt 0.5822941 0.4951818
vt 0.5870249 0.4906005
vt 0.5855485 0.4892368
vt 0.5917558 0.4860192
vt 0.5902832 0.4846646
vt 0.5984737 0.47939
vt 0.5969819 0.4780644
vt 0.6051916 0.4727607
vt 0.6036806 0.4714642
vt 0.6115093 0.4641106
vt 0.609985 0.4628628
vt 0.6178269 0.4554605
vt 0.6215218 0.4456378
vt 0.6252167 0.435815
vt 0.626537 0.4270317
vt 0.6249681 0.4259592
vt 0.6278573 0.4182485
vt 0.6262736 0.4172024
vt 0.6277155 0.4124312
vt 0.626098 0.4113452
vt 0.6275735 0.406614
vt 0.6259226 0.4054879
vt 0.6267073 0.4027056
vt 0.624994 0.4015276
vt 0.625841 0.3987972
vt 0.6240656 0.3975673
vt 0.6248309 0.3952546
vt 0.6230084 0.3940107
vt 0.6238208 0.391712
vt 0.6219513 0.3904541
vt 0.6231395 0.3879604
vt 0.621251 0.3867121
vt 0.6224582 0.3842088
vt 0.6205506 0.38297
vt 0.6223495 0.3798165
vt 0.6204407 0.3786042
vt 0.6222408 0.3754241
vt 0.6203308 0.3742383
vt 0.6221601 0.369672
vt 0.6202276 0.3685369
vt 0.6220794 0.3639199
vt 0.6201244 0.3628356
vt 0.6210893 0.356148
vt 0.6190912 0.3551511
vt 0.6200992 0.3483762
vt 0.6180578 0.3474666
vt 0.6166248 0.3384418
vt 0.6145823 0.3376417
vt 0.6131504 0.3285075
vt 0.6111068 0.3278169
vt 0.606243 0.316688
vt 0.604292 0.3161196
vt 0.5597278 0.2514552
vt 0.5580411 0.25165
vt 0.5518643 0.2430354
vt 0.5501543 0.2433551
vt 0.5428239 0.236634
vt 0.5411364 0.2370755
vt 0.5337834 0.2302325
vt 0.5321186 0.2307959
vt 0.5255096 0.2251146
vt 0.5238908 0.2257748
vt 0.5172356 0.2199968
vt 0.5117042 0.2153165
vt 0.5101689 0.2161238
vt 0.5061728 0.2106363
vt 0.5046747 0.2114939
vt 0.5023115 0.2062235
vt 0.500842 0.2070983
vt 0.4984502 0.2018106
vt 0.4970093 0.2027028
vt 0.494611 0.1975736
vt 0.493189 0.1984755
vt 0.4907717 0.1933366
vt 0.4893688 0.1942483
vt 0.4860328 0.1887623
vt 0.4846609 0.1896945
vt 0.4812939 0.184188
vt 0.479953 0.1851408
vt 0.4753793 0.1785497
vt 0.4740878 0.1795488
vt 0.4694648 0.1729115
vt 0.4682225 0.1739569
vt 0.463785 0.1652909
vt 0.4625905 0.1664066
vt 0.4581051 0.1576703
vt 0.4569585 0.1588563
vt 0.4540257 0.1476942
vt 0.4529107 0.1489709
vt 0.4499463 0.1377181
vt 0.4488629 0.1390855
vt 0.4470718 0.1266103
vt 0.446009 0.1280815
vt 0.4441974 0.1155025
vt 0.4431551 0.1170774
vt 0.4414876 0.1048378
vt 0.4404718 0.1065115
vt 0.4387778 0.0941731
vt 0.4377885 0.09594566
vt 0.4353132 0.08528253
vt 0.4343561 0.08712693
vt 0.4318486 0.07639197
vt 0.4309237 0.07830819
vt 0.4269756 0.07003716
vt 0.4260686 0.07199195
vt 0.4221027 0.06368236
vt 0.4212135 0.06567571
vt 0.4156218 0.05882085
vt 0.4147752 0.06084742
vt 0.4091408 0.05395934
vt 0.4083368 0.05601913
vt 0.4012246 0.04964799
vt 0.4005014 0.05173711
vt 0.3933083 0.04533665
vt 0.3926659 0.0474551
vt 0.3849243 0.04259058
vt 0.3843629 0.04473053
vt 0.3765402 0.03984451
vt 0.37606 0.04200596
vt 0.3685634 0.03982344
vt 0.3681446 0.04199773
vt 0.339349 0.04930729
vt 0.3392257 0.05143926
vt 0.3328428 0.05378574
vt 0.3328038 0.05587897
vt 0.3280151 0.0594155
vt 0.3280193 0.06149654
vt 0.3231874 0.06504525
vt 0.3232348 0.06711411
vt 0.320376 0.07083814
vt 0.320479 0.07294998
vt 0.3175647 0.07663102
vt 0.3177232 0.07878584
vt 0.314876 0.08109733
vt 0.3151078 0.08329298
vt 0.3121873 0.08556363
vt 0.3075389 0.08779003
vt 0.3079416 0.08997303
vt 0.3028905 0.09001642
vt 0.3033909 0.09214595
vt 0.2971179 0.09081948
vt 0.2977222 0.09290691
vt 0.2913453 0.09162253
vt 0.2920535 0.09366786
vt 0.2859347 0.09196132
vt 0.286705 0.09401259
vt 0.280524 0.0923001
vt 0.2813566 0.09435731
vt 0.2758258 0.09223636
vt 0.2766897 0.09430191
vt 0.2711275 0.09217262
vt 0.2720228 0.09424651
vt 0.2671443 0.09173901
vt 0.2680413 0.09378713
vt 0.263161 0.09130539
vt 0.2640597 0.09332776
vt 0.259564 0.09144342
vt 0.2604434 0.09343722
vt 0.2559671 0.09158145
vt 0.2568272 0.09354669
vt 0.2524939 0.09316342
vt 0.2533569 0.09513077
vt 0.2490206 0.09474538
vt 0.2462444 0.09762165
vt 0.2434682 0.1004979
vt 0.2418016 0.1040681
vt 0.242816 0.1060473
vt 0.240135 0.1076382
vt 0.2412422 0.1096158
vt 0.2382105 0.1103677
vt 0.2393624 0.1123345
vt 0.2362859 0.1130973
vt 0.232457 0.1139721
vt 0.2336737 0.1158358
vt 0.2286282 0.114847
vt 0.2298646 0.1166185
vt 0.2232137 0.1152974
vt 0.2244865 0.1170035
vt 0.2177991 0.1157478
vt 0.2191083 0.1173885
vt 0.2118589 0.1171494
vt 0.2132065 0.1187809
vt 0.2059187 0.118551
vt 0.2073047 0.1201734
vt 0.2011139 0.120739
vt 0.2025333 0.1223619
vt 0.1963092 0.1229271
vt 0.1977618 0.1245505
vt 0.1937732 0.1253585
vt 0.195272 0.12701
vt 0.1912372 0.1277899
vt 0.1927821 0.1294696
vt 0.1894914 0.1299248
vt 0.1910727 0.1316384
vt 0.1877455 0.1320596
vt 0.1893632 0.1338073
vt 0.1850198 0.1335231
vt 0.1866457 0.1352537
vt 0.182294 0.1349865
vt 0.1839283 0.1367001
vt 0.1786912 0.1365572
vt 0.180338 0.1382289
vt 0.1750885 0.1381278
vt 0.1767478 0.1397576
vt 0.1709738 0.1406219
vt 0.1726554 0.1422455
vt 0.1668591 0.1431159
vt 0.1685631 0.1447334
vt 0.1617875 0.1468731
vt 0.1635425 0.1484692
vt 0.1567159 0.1506302
vt 0.1585219 0.152205
vt 0.1508051 0.155787
vt 0.1526932 0.1573008
vt 0.1448943 0.1609438
vt 0.1468644 0.1623966
vt 0.1411401 0.1672487
vt 0.1431757 0.1686938
vt 0.1426847 0.195785
vt 0.1450602 0.1972913
vt 0.1463859 0.203556
vt 0.1488135 0.2050124
vt 0.1502391 0.210896
vt 0.1526197 0.2121916
vt 0.1540924 0.218236
vt 0.156426 0.2193709
vt 0.1568228 0.2243455
vt 0.159087 0.2252956
vt 0.1595532 0.2304549
vt 0.1617481 0.2312204
vt 0.1607237 0.2348278
vt 0.1628791 0.2355117
vt 0.1618943 0.2392007
vt 0.1640101 0.239803
vt 0.1622608 0.2424303
vt 0.1643506 0.2430256
vt 0.1626274 0.24566
vt 0.1646912 0.2462482
vt 0.1630861 0.2484617
vt 0.1651403 0.2490571
vt 0.1635447 0.2512633
vt 0.1655894 0.2518659
vt 0.1643442 0.2538326
vt 0.1663951 0.254448
vt 0.1651436 0.256402
vt 0.1672007 0.25703
vt 0.1664535 0.2589065
vt 0.1685336 0.2595472
vt 0.1677634 0.261411
vt 0.1698665 0.2620643
vt 0.1700745 0.2643947
vt 0.1722067 0.2650357
vt 0.1723856 0.2673784
vt 0.1745469 0.2680072
vt 0.1759242 0.2714411
vt 0.1780996 0.2720152
vt 0.1794628 0.2755037
vt 0.1816524 0.2760232
vt 0.1829011 0.2811874
vt 0.1850817 0.2816175
vt 0.1940476 0.3116775
vt 0.1960814 0.3116345
vt 0.1970886 0.3210101
vt 0.1990697 0.3208329
vt 0.2025733 0.3312979
vt 0.2044731 0.3309545
vt 0.208058 0.3415858
vt 0.2098765 0.341076
vt 0.2136705 0.351451
vt 0.2153956 0.3507946
vt 0.219283 0.3613162
vt 0.2209147 0.3605132
vt 0.2224843 0.3698364
vt 0.2240573 0.3689855
vt 0.2256856 0.3783566
vt 0.2271999 0.3774579
vt 0.2281875 0.3880963
vt 0.2296574 0.3871419
vt 0.2306895 0.397836
vt 0.2321148 0.3968259
vt 0.2345863 0.4105889
vt 0.2359325 0.4093863
vt 0.238483 0.4233418
vt 0.2397501 0.4219467
vt 0.2429505 0.4351642
vt 0.2441336 0.4335608
vt 0.247418 0.4469866
vt 0.248517 0.4451748
vt 0.251081 0.4540393
vt 0.2521598 0.4521472
vt 0.254744 0.461092
vt 0.2558025 0.4591196
vt 0.2575263 0.4653888
vt 0.2585917 0.4633909
vt 0.2603086 0.4696856
vt 0.2613809 0.4676623
vt 0.2628154 0.4743035
vt 0.2639155 0.4723208
vt 0.2653223 0.4789214
vt 0.2664501 0.4769793
vt 0.2696165 0.4857645
vt 0.2710671 0.4841181
vt 0.2739108 0.4926076
vt 0.2756842 0.491257
vt 0.280565 0.5019784
vt 0.283105 0.5010219
vt 0.2872192 0.5113492
vt 0.2905259 0.5107868
vt 0.2888362 0.5185456
vt 0.2927405 0.5179889
vt 0.2904533 0.5257421
vt 0.2949551 0.5251909
vt 0.2794899 0.5354793
vt 0.2836319 0.5347667
vt 0.2685265 0.5452166
vt 0.2723087 0.5443425
vt 0.2549298 0.5584969
vt 0.2579906 0.5580109
vt 0.241333 0.5717772
vt 0.2436725 0.5716794
vt 0.2346458 0.5842606
vt 0.2366337 0.5844438
vt 0.2279585 0.5967441
vt 0.2295949 0.5972081
vt 0.2254101 0.6079252
vt 0.227008 0.6084813
vt 0.2228617 0.6191062
vt 0.224421 0.6197546
vt 0.2205888 0.6284314
vt 0.2221731 0.6291366
vt 0.2183159 0.6377567
vt 0.2199252 0.6385187
vt 0.2140363 0.6473954
vt 0.21568 0.6481713
vt 0.2097567 0.6570342
vt 0.2114348 0.6578239
vt 0.2025238 0.6689728
vt 0.2042142 0.6697138
vt 0.1952908 0.6809116
vt 0.1969937 0.6816037
vt 0.1883834 0.69224
vt 0.1900707 0.6929396
vt 0.1814761 0.7035685
vt 0.1831478 0.7042756
vt 0.1774166 0.7118244
vt 0.1790506 0.7126798
vt 0.1733572 0.7200804
vt 0.1749534 0.721084
vt 0.1704323 0.7287863
vt 0.1720164 0.7299436
vt 0.1675074 0.7374923
vt 0.1690795 0.7388033
vt 0.164167 0.7499326
vt 0.1657651 0.7512659
vt 0.1608267 0.762373
vt 0.1624506 0.7637284
vt 0.1580524 0.7753978
vt 0.159714 0.7767066
vt 0.1552781 0.7884225
vt 0.1538838 0.7985384
vt 0.1470087 0.8334728
vt 0.1489023 0.8344653
vt 0.1379529 0.8740891
vt 0.1398732 0.8748549
vt 0.1369014 0.8862964
vt 0.1376595 0.8975081
vt 0.1384176 0.9087198
vt 0.1404943 0.9158885
vt 0.1424807 0.9163893
vt 0.142571 0.9230572
vt 0.1454072 0.9273816
vt 0.1472439 0.9277464
vt 0.1482435 0.9317061
vt 0.1499431 0.9319497
vt 0.1518164 0.9349884
vt 0.1531762 0.9348781
vt 0.1553893 0.9382708
vt 0.1608659 0.9408765
vt 0.1663425 0.9434823
vt 0.1747137 0.9456117
vt 0.183085 0.947741
vt 0.1931782 0.9503605
vt 0.1940599 0.9489143
vt 0.2032714 0.95298
vt 0.2043657 0.951549
vt 0.1788523 0.9384979
vt 0.1643977 0.9352238
vt 0.1664498 0.9378607
vt 0.1797234 0.9408435
vt 0.1630535 0.9311378
vt 0.1788632 0.9345291
vt 0.1615982 0.9120598
vt 0.1807156 0.9077302
vt 0.2133977 0.9565096
vt 0.2145682 0.9551032
vt 0.223524 0.9600392
vt 0.2053916 0.9497333
vt 0.192993 0.9464611
vt 0.1935265 0.9476877
vt 0.2048786 0.9506412
vt 0.2081989 0.9459453
vt 0.1935256 0.9422216
vt 0.1932593 0.9443414
vt 0.2067952 0.9478393
vt 0.2138022 0.93848
vt 0.1963381 0.9345202
vt 0.1949319 0.9383709
vt 0.2110006 0.9422126
vt 0.2324106 0.9629499
vt 0.2412971 0.9658607
vt 0.2179334 0.9536487
vt 0.2162508 0.954376
vt 0.2383103 0.954124
vt 0.2232546 0.9500346
vt 0.220594 0.9518417
vt 0.2343928 0.955844
vt 0.2484844 0.9665036
vt 0.2556717 0.9671465
vt 0.2630455 0.9655284
vt 0.2620026 0.9645665
vt 0.2704192 0.9639103
vt 0.2687528 0.9630481
vt 0.2481977 0.9602053
vt 0.2535316 0.958586
vt 0.2795087 0.9604656
vt 0.277535 0.9596648
vt 0.2885982 0.9570208
vt 0.2863171 0.9562815
vt 0.2607951 0.9551185
vt 0.2440553 0.9505722
vt 0.2680587 0.951651
vt 0.2498003 0.9470204
vt 0.2971978 0.9525424
vt 0.2948664 0.9518049
vt 0.3057973 0.9480639
vt 0.3034156 0.9473283
vt 0.2275279 0.9463924
vt 0.2318013 0.9427502
vt 0.2752528 0.9468082
vt 0.2556393 0.9418115
vt 0.282447 0.9419655
vt 0.2614783 0.9366026
vt 0.311445 0.9430521
vt 0.3091185 0.9422392
vt 0.3170927 0.9380402
vt 0.3148215 0.9371501
vt 0.236296 0.9371789
vt 0.2169527 0.9325461
vt 0.2407908 0.9316075
vt 0.2201033 0.9266123
vt 0.2873185 0.936112
vt 0.2655185 0.9299847
vt 0.2921901 0.9302585
vt 0.2695588 0.9233669
vt 0.3201354 0.9313257
vt 0.3178928 0.9303504
vt 0.1981809 0.9282568
vt 0.2000236 0.9219934
vt 0.2439972 0.9242161
vt 0.2224759 0.9184475
vt 0.2472036 0.9168248
vt 0.2248484 0.9102826
vt 0.2949339 0.9228134
vt 0.271975 0.9152765
vt 0.2015958 0.9130889
vt 0.2031679 0.9041843
vt 0.2493201 0.9080924
vt 0.2266653 0.9009084
vt 0.2989527 0.8963299
vt 0.2991443 0.8866807
vt 0.2047567 0.8941349
vt 0.1828481 0.8873614
vt 0.2063454 0.8840854
vt 0.1842087 0.8766367
vt 0.1613606 0.8811082
vt 0.1625533 0.8696858
vt 0.2761566 0.8698821
vt 0.2764946 0.8791819
vt 0.297853 0.8777689
vt 0.2965617 0.868857
vt 0.2300156 0.8820678
vt 0.2532551 0.8806248
vt 0.2538528 0.8712419
vt 0.2081432 0.8745068
vt 0.1862708 0.8669459
vt 0.1649183 0.8598508
vt 0.1672833 0.8500158
vt 0.2742509 0.8616525
vt 0.294864 0.8606475
vt 0.2531091 0.8626943
vt 0.2523654 0.8541468
vt 0.169357 0.8415902
vt 0.1898117 0.8487149
vt 0.2105051 0.8477291
vt 0.2106509 0.8393953
vt 0.2311986 0.8467431
vt 0.2300114 0.8386155
vt 0.3226736 0.8220552
vt 0.320192 0.8210706
vt 0.3263169 0.8106053
vt 0.3238617 0.8096406
vt 0.2931197 0.8341303
vt 0.2709845 0.8262839
vt 0.294403 0.8243006
vt 0.2511069 0.845844
vt 0.2498484 0.8375413
vt 0.2102061 0.8308768
vt 0.2097612 0.8223584
vt 0.2291842 0.8296731
vt 0.1721005 0.8162514
vt 0.1912731 0.814521
vt 0.3315891 0.7974612
vt 0.3291666 0.7965535
vt 0.3368613 0.7843169
vt 0.3344715 0.7834663
vt 0.2980458 0.8127573
vt 0.2758996 0.804444
vt 0.3016887 0.8012139
vt 0.2795157 0.7927871
vt 0.2500843 0.8279785
vt 0.2105869 0.8120824
vt 0.3425547 0.7721697
vt 0.3402115 0.771353
vt 0.3482481 0.7600225
vt 0.3459514 0.7592397
vt 0.3069151 0.7885301
vt 0.2846637 0.7805067
vt 0.3121416 0.7758463
vt 0.2898118 0.7682263
vt 0.2554572 0.7955025
vt 0.2350148 0.7865611
vt 0.2590503 0.7836761
vt 0.238585 0.7745651
vt 0.1765944 0.7848551
vt 0.1790098 0.7723401
vt 0.3534697 0.7506495
vt 0.351251 0.7498297
vt 0.3586913 0.7412763
vt 0.3565505 0.7404197
vt 0.3180234 0.7640122
vt 0.2958353 0.7566715
vt 0.3239052 0.7521782
vt 0.3018589 0.7451168
vt 0.2170455 0.7776018
vt 0.1990763 0.7686424
vt 0.2205843 0.7654492
vt 0.2025837 0.7563333
vt 0.2640033 0.7718477
vt 0.2433429 0.7631888
vt 0.2689563 0.7600194
vt 0.2481008 0.7518125
vt 0.1824207 0.7599542
vt 0.1858316 0.7475683
vt 0.3645733 0.7320163
vt 0.3625041 0.731119
vt 0.3704553 0.7227561
vt 0.3684578 0.7218182
vt 0.3297433 0.7424791
vt 0.3082356 0.7351285
vt 0.3355814 0.73278
vt 0.3146122 0.7251403
vt 0.2249406 0.7546209
vt 0.2065383 0.7460528
vt 0.2292969 0.7437924
vt 0.210493 0.7357723
vt 0.2749399 0.7488662
vt 0.2540445 0.741061
vt 0.2809235 0.7377132
vt 0.2599882 0.7303095
vt 0.1892774 0.7379982
vt 0.1927232 0.7284281
vt 0.3783145 0.7114022
vt 0.3763341 0.7104855
vt 0.3861736 0.7000483
vt 0.3842103 0.6991528
vt 0.3419278 0.7231497
vt 0.3213516 0.7151804
vt 0.3482744 0.7135193
vt 0.3280909 0.7052205
vt 0.2348954 0.73354
vt 0.2157464 0.726019
vt 0.240494 0.7232876
vt 0.2209997 0.7162657
vt 0.2876605 0.7274907
vt 0.2670856 0.7198528
vt 0.2943976 0.7172682
vt 0.274183 0.7093961
vt 0.1973985 0.7193494
vt 0.2020738 0.7102706
vt 0.3940595 0.6886408
vt 0.3920696 0.6877911
vt 0.4019454 0.6772335
vt 0.3999289 0.6764294
vt 0.3558109 0.7022161
vt 0.3352877 0.6939468
vt 0.3633474 0.690913
vt 0.3424845 0.6826732
vt 0.2476552 0.7125942
vt 0.2282248 0.7053356
vt 0.2548164 0.7019008
vt 0.2354498 0.6944055
vt 0.3014058 0.7070397
vt 0.2814599 0.6988989
vt 0.3084139 0.6968111
vt 0.2887369 0.6884018
vt 0.2091478 0.6991376
vt 0.2162217 0.6880046
vt 0.4071415 0.6675812
vt 0.4050993 0.6667842
vt 0.4123376 0.6579291
vt 0.4102696 0.6571389
vt 0.3704972 0.6795548
vt 0.3489247 0.6713185
vt 0.3776469 0.6681967
vt 0.3553649 0.6599639
vt 0.2621564 0.6911222
vt 0.242853 0.6833454
vt 0.2694965 0.6803436
vt 0.2502562 0.6722854
vt 0.3152125 0.6857337
vt 0.2951372 0.6775205
vt 0.3220111 0.6746562
vt 0.3015375 0.6666392
vt 0.2235336 0.6765296
vt 0.2308455 0.6650547
vt 0.4150605 0.6491688
vt 0.4130141 0.6483173
vt 0.3824357 0.6582324
vt 0.3597721 0.6496806
vt 0.3872245 0.6482681
vt 0.3641793 0.6393973
vt 0.2754065 0.6697658
vt 0.2556757 0.6620112
vt 0.2813165 0.6591881
vt 0.2610953 0.651737
vt 0.3277378 0.6634623
vt 0.3065509 0.6556062
vt 0.3334646 0.6522685
vt 0.3115643 0.644573
vt 0.2356779 0.6550912
vt 0.2405103 0.6451278
vt 0.3904161 0.6390942
vt 0.3678182 0.629871
vt 0.3936078 0.6299202
vt 0.3714572 0.6203448
vt 0.2855539 0.6484796
vt 0.2645569 0.6413532
vt 0.2897914 0.6377712
vt 0.2680185 0.6309694
vt 0.3374455 0.6416456
vt 0.315119 0.6336105
vt 0.3414265 0.6310226
vt 0.3186736 0.6226479
vt 0.243365 0.6352449
vt 0.2462197 0.625362
vt 0.3966088 0.6207924
vt 0.3757021 0.6110183
vt 0.3996097 0.6116644
vt 0.379947 0.6016919
vt 0.2931328 0.6266032
vt 0.2711467 0.6195961
vt 0.2964743 0.6154354
vt 0.2742749 0.6082228
vt 0.3456045 0.6210319
vt 0.3233908 0.6121928
vt 0.3497826 0.6110412
vt 0.3281081 0.6017377
vt 0.2490773 0.6140387
vt 0.2519349 0.6027155
vt 0.4026963 0.6021566
vt 0.3815897 0.5904778
vt 0.4057828 0.5926489
vt 0.3832323 0.5792637
vt 0.3017534 0.6042294
vt 0.280116 0.596266
vt 0.3070326 0.5930234
vt 0.2859571 0.5843092
vt 0.3554684 0.6015677
vt 0.3352347 0.5921171
vt 0.3611541 0.5920942
vt 0.3423613 0.5824965
vt 0.2583749 0.5903549
vt 0.2648148 0.5779943
vt 0.3159493 0.5827789
vt 0.2966639 0.5734406
vt 0.324866 0.5725342
vt 0.3073707 0.5625719
vt 0.2773273 0.5657257
vt 0.2898397 0.5534573
vt 0.3644971 0.5811267
vt 0.3474045 0.5717756
vt 0.36784 0.5701591
vt 0.3524477 0.5610546
vt 0.3319449 0.5620572
vt 0.3164852 0.5523388
vt 0.3390237 0.5515802
vt 0.3255997 0.5421057
vt 0.3000585 0.5435528
vt 0.3102774 0.5336483
vt 0.3729253 0.5451406
vt 0.3780788 0.5622021
vt 0.3958302 0.5714383
vt 0.3858775 0.5502277
vt 0.4135816 0.5806744
vt 0.3988298 0.5553148
vt 0.3494869 0.5298974
vt 0.3509673 0.545476
vt 0.3645231 0.5538391
vt 0.3612061 0.537519
vt 0.3300801 0.5129868
vt 0.3278399 0.5275463
vt 0.3394036 0.5365111
vt 0.3397835 0.5214421
vt 0.3134494 0.4954599
vt 0.3042022 0.5103254
vt 0.3160211 0.5189359
vt 0.3217647 0.5042233
vt 0.4243802 0.5786376
vt 0.4108817 0.5557172
vt 0.4351787 0.5766008
vt 0.4229335 0.5561196
vt 0.2996216 0.5027977
vt 0.3065027 0.4876066
vt 0.299556 0.4797532
vt 0.2950409 0.49527
vt 0.4467543 0.5741225
vt 0.4345161 0.5540495
vt 0.4583299 0.5716442
vt 0.4460987 0.5519794
vt 0.2883034 0.4868288
vt 0.2935017 0.4726357
vt 0.2874475 0.4655182
vt 0.2815658 0.4783876
vt 0.4693814 0.5681729
vt 0.457084 0.5488917
vt 0.4804329 0.5647016
vt 0.4680693 0.5458039
vt 0.2773293 0.4722374
vt 0.2835913 0.4603567
vt 0.2797352 0.4551953
vt 0.2730927 0.4660873
vt 0.4904487 0.5599625
vt 0.4779242 0.541398
vt 0.5004644 0.5552233
vt 0.4877791 0.5369922
vt 0.2705685 0.4616358
vt 0.2772214 0.4509507
vt 0.2747076 0.4467062
vt 0.2680442 0.4571843
vt 0.5093768 0.5498136
vt 0.4965014 0.5320581
vt 0.5182891 0.5444039
vt 0.5052238 0.527124
vt 0.2652532 0.4529098
vt 0.2719147 0.4424286
vt 0.2691217 0.4381511
vt 0.2624621 0.4486353
vt 0.5256683 0.5383726
vt 0.512292 0.521465
vt 0.5330475 0.5323413
vt 0.5193604 0.515806
vt 0.259008 0.4419288
vt 0.2658563 0.4317104
vt 0.2625909 0.4252697
vt 0.255554 0.4352223
vt 0.5388662 0.5262523
vt 0.5249858 0.5102051
vt 0.2514565 0.4247385
vt 0.2587795 0.4159161
vt 0.2549681 0.4065627
vt 0.2473591 0.4142547
vt 0.2437414 0.402831
vt 0.2515504 0.3962757
vt 0.2481327 0.3859887
vt 0.2401237 0.3914073
vt 0.5518541 0.5081131
vt 0.5549284 0.5024221
vt 0.2375552 0.3822185
vt 0.2454531 0.3772953
vt 0.2427734 0.3686018
vt 0.2349867 0.3730298
vt 0.5438544 0.4834453
vt 0.5410942 0.488399
vt 0.5572112 0.4975195
vt 0.5594938 0.492617
vt 0.2319777 0.3647537
vt 0.2398982 0.3605219
vt 0.2370229 0.352442
vt 0.2289688 0.3564776
vt 0.5461532 0.4788963
vt 0.5620634 0.4883476
vt 0.2240509 0.3473569
vt 0.2327061 0.3439192
vt 0.2283894 0.3353964
vt 0.2191329 0.3382362
vt 0.5726359 0.475531
vt 0.5597233 0.4618251
vt 0.5772758 0.4709069
vt 0.5642684 0.457149
vt 0.2143277 0.3288614
vt 0.2241823 0.3267683
vt 0.2095225 0.3194866
vt 0.5837107 0.4645749
vt 0.5704396 0.4510853
vt 0.5901457 0.4582429
vt 0.5766108 0.4450216
vt 0.2064784 0.3109681
vt 0.2168753 0.3103018
vt 0.5960635 0.4501547
vt 0.5821421 0.4374466
vt 0.1982616 0.2897408
vt 0.2057213 0.2846578
vt 0.2026439 0.2798253
vt 0.1955774 0.2835186
vt 0.1924686 0.2789666
vt 0.1998556 0.2763157
vt 0.1970673 0.2728062
vt 0.1893598 0.2744147
vt 0.5913038 0.4217594
vt 0.6081359 0.4238593
vt 0.6106039 0.4154248
vt 0.1865414 0.2710485
vt 0.1949831 0.2700818
vt 0.1837229 0.2676823
vt 0.6111767 0.4088022
vt 0.6117495 0.4021796
vt 0.1819655 0.2650391
vt 0.1802082 0.2623959
vt 0.5978093 0.3884479
vt 0.597693 0.3936596
vt 0.6113435 0.3975936
vt 0.6109375 0.3930076
vt 0.1790929 0.2599329
vt 0.1896521 0.2603186
vt 0.1779775 0.2574698
vt 0.5959522 0.3808482
vt 0.5968807 0.3846481
vt 0.6099446 0.3893294
vt 0.6089517 0.3856512
vt 0.1773187 0.2548333
vt 0.1766599 0.2521967
vt 0.5943396 0.3744721
vt 0.5951459 0.3776602
vt 0.6081984 0.3821861
vt 0.6074451 0.3787211
vt 0.1760719 0.2491537
vt 0.1870034 0.2492504
vt 0.1754838 0.2461108
vt 0.5926601 0.3678237
vt 0.5934998 0.3711479
vt 0.6069703 0.374876
vt 0.6064954 0.371031
vt 0.1747551 0.2425865
vt 0.1740264 0.2390623
vt 0.5922155 0.3600778
vt 0.5924378 0.3639507
vt 0.6063327 0.3662438
vt 0.6061699 0.3614567
vt 0.1723288 0.2346195
vt 0.1817785 0.2337273
vt 0.1795144 0.229133
vt 0.1706312 0.2301767
vt 0.5911635 0.3496988
vt 0.5916895 0.3548883
vt 0.6053903 0.3550197
vt 0.6046107 0.3485827
vt 0.1678869 0.2244727
vt 0.1766868 0.2236497
vt 0.1738592 0.2181665
vt 0.1651426 0.2187687
vt 0.5891933 0.3358467
vt 0.5901784 0.3427727
vt 0.6023803 0.3402072
vt 0.60015 0.3318318
vt 0.1617399 0.2118863
vt 0.1708601 0.211581
vt 0.167861 0.2049955
vt 0.1583372 0.2050039
vt 0.5830152 0.3185565
vt 0.5861043 0.3272016
vt 0.5951982 0.3216606
vt 0.5902462 0.3114894
vt 0.1561163 0.197867
vt 0.1671725 0.1984428
vt 0.5719992 0.29886
vt 0.5775072 0.3087083
vt 0.5834077 0.3006186
vt 0.5765692 0.2897479
vt 0.5573306 0.2795329
vt 0.5646649 0.2891964
vt 0.5690992 0.2797434
vt 0.5616293 0.2697389
vt 0.1561833 0.177418
vt 0.1593812 0.1713955
vt 0.5422717 0.2631581
vt 0.5498012 0.2713455
vt 0.5539211 0.2614977
vt 0.546213 0.2532566
vt 0.1646391 0.1665961
vt 0.176585 0.1758914
vt 0.1812719 0.1713885
vt 0.1698969 0.1617968
vt 0.5262843 0.2500693
vt 0.534278 0.2566137
vt 0.5377072 0.2468446
vt 0.5292014 0.2404326
vt 0.174554 0.1582068
vt 0.1855655 0.1679444
vt 0.1898591 0.1645003
vt 0.1792111 0.1546168
vt 0.5182734 0.2448534
vt 0.521082 0.2353141
vt 0.1831868 0.1522287
vt 0.1937182 0.1622119
vt 0.1975773 0.1599234
vt 0.1871625 0.1498405
vt 0.5006355 0.2213716
vt 0.4911022 0.2266194
vt 0.4954381 0.216936
vt 0.4862015 0.222378
vt 0.1905161 0.1482117
vt 0.2006942 0.1581944
vt 0.2038111 0.1564654
vt 0.1938697 0.1465828
vt 0.4916461 0.2127177
vt 0.4824501 0.2183369
vt 0.487854 0.2084993
vt 0.1965273 0.1451229
vt 0.2064089 0.1549921
vt 0.2090068 0.1535188
vt 0.199185 0.143663
vt 0.4841882 0.2043552
vt 0.4751874 0.2102349
vt 0.4805225 0.2002111
vt 0.4716761 0.2061739
vt 0.2010026 0.1415927
vt 0.2109326 0.1515469
vt 0.2128584 0.1495751
vt 0.2028203 0.1395223
vt 0.4761054 0.1957517
vt 0.4675499 0.2018088
vt 0.4716884 0.1912922
vt 0.4634237 0.1974437
vt 0.2053852 0.1373267
vt 0.2154985 0.1476435
vt 0.2181386 0.1457119
vt 0.2079502 0.1351312
vt 0.4664057 0.1857817
vt 0.4587236 0.1920145
vt 0.461123 0.1802711
vt 0.4540235 0.1865853
vt 0.212332 0.1331255
vt 0.2221308 0.143889
vt 0.226123 0.1420661
vt 0.2167139 0.1311198
vt 0.455955 0.1731032
vt 0.4493194 0.1797998
vt 0.4507869 0.1659354
vt 0.4446153 0.1730144
vt 0.2220739 0.1298583
vt 0.2309413 0.1409357
vt 0.2357596 0.1398053
vt 0.227434 0.1285969
vt 0.4469441 0.1567007
vt 0.4409776 0.1644304
vt 0.4431014 0.147466
vt 0.4373399 0.1558464
vt 0.2322778 0.1280708
vt 0.2400692 0.139138
vt 0.2443787 0.1384707
vt 0.2371216 0.1275446
vt 0.4401861 0.137367
vt 0.4343633 0.1466526
vt 0.4372709 0.1272681
vt 0.4313867 0.1374587
vt 0.2407043 0.1267136
vt 0.2477349 0.1375914
vt 0.4345631 0.1175232
vt 0.4286544 0.1285348
vt 0.4318553 0.1077783
vt 0.4259221 0.1196109
vt 0.2479976 0.1208943
vt 0.249777 0.1181912
vt 0.4284657 0.09962463
vt 0.4225753 0.1121223
vt 0.4250761 0.09147096
vt 0.4192285 0.1046337
vt 0.2516918 0.1151731
vt 0.4204563 0.08538476
vt 0.4148441 0.09877758
vt 0.4158366 0.07929857
vt 0.4104596 0.09292144
vt 0.409753 0.07470999
vt 0.4047308 0.08857256
vt 0.4036694 0.07012141
vt 0.399002 0.08422369
vt 0.2595492 0.107774
vt 0.2657415 0.1204172
vt 0.2627435 0.1062749
vt 0.3963463 0.0661245
vt 0.3921912 0.08051188
vt 0.3890231 0.06212759
vt 0.3853804 0.07680008
vt 0.2661247 0.1059748
vt 0.2695059 0.1056747
vt 0.3812232 0.05980837
vt 0.3780834 0.07488622
vt 0.3734232 0.05748916
vt 0.3707864 0.07297236
vt 0.273324 0.1060298
vt 0.2786068 0.1182724
vt 0.2822614 0.1185231
vt 0.2771421 0.1063848
vt 0.3660041 0.05759531
vt 0.3638636 0.07319289
vt 0.2815486 0.1064199
vt 0.2864074 0.118538
vt 0.2905534 0.1185529
vt 0.285955 0.1064551
vt 0.2909257 0.106256
vt 0.2951463 0.1184994
vt 0.2997393 0.1184459
vt 0.2958964 0.1060569
vt 0.3449719 0.06372488
vt 0.3386496 0.06724326
vt 0.3010096 0.1053458
vt 0.3042971 0.1177846
vt 0.308855 0.1171234
vt 0.3061229 0.1046347
vt 0.3341274 0.08662558
vt 0.3393114 0.08261657
vt 0.3336654 0.07205655
vt 0.3286811 0.07686985
vt 0.3103068 0.1026952
vt 0.312672 0.1154173
vt 0.3264919 0.09674695
vt 0.3303097 0.09168626
vt 0.3253943 0.08231812
vt 0.3221076 0.08776639
vt 0.319553 0.09239195
vt 0.3239982 0.1014909
vt 0.3394513 0.1037571
vt 0.3444453 0.1001794
vt 0.3495792 0.1177423
vt 0.3317808 0.1114522
vt 0.3356161 0.1076047
vt 0.3264832 0.1209646
vt 0.329132 0.1162084
vt 0.3240658 0.1242866
vt 0.3160159 0.132354
vt 0.3193598 0.1492906
vt 0.3125503 0.1336018
vt 0.3162457 0.1500803
vt 0.3618487 0.0940488
vt 0.3598337 0.1149047
vt 0.3652843 0.1152136
vt 0.3680354 0.09409297
vt 0.3288065 0.1677631
vt 0.3329722 0.1905226
vt 0.3275064 0.1737922
vt 0.3325389 0.1990833
vt 0.3531842 0.1622808
vt 0.3537836 0.1384383
vt 0.3498191 0.1448705
vt 0.350059 0.1719987
vt 0.3581599 0.1423868
vt 0.3625361 0.1463353
vt 0.356486 0.1698689
vt 0.3597878 0.1774571
vt 0.3086298 0.1345415
vt 0.3129626 0.1512982
vt 0.3047094 0.1354811
vt 0.3096795 0.1525162
vt 0.3005036 0.1351526
vt 0.3058608 0.1518058
vt 0.2962977 0.1348242
vt 0.3242159 0.1714711
vt 0.3209254 0.1691501
vt 0.325605 0.18822
vt 0.329072 0.1936516
vt 0.3190104 0.1731863
vt 0.3250582 0.1950743
vt 0.3170955 0.1772224
vt 0.3245114 0.2019286
vt 0.3386988 0.1911448
vt 0.3398282 0.1810685
vt 0.336131 0.1699483
vt 0.3360522 0.1865533
vt 0.3452439 0.2088893
vt 0.3465421 0.2414242
vt 0.3543853 0.2917036
vt 0.3506595 0.2367101
vt 0.3397571 0.2159734
vt 0.3434621 0.2453935
vt 0.3535728 0.2032895
vt 0.3570865 0.2345803
vt 0.3342602 0.2202339
vt 0.3394483 0.2468161
vt 0.3680021 0.1428471
vt 0.3712534 0.1156412
vt 0.3647509 0.1700529
vt 0.3697139 0.1626488
vt 0.3734682 0.1393588
vt 0.3772224 0.1160688
vt 0.3645499 0.2033991
vt 0.3720132 0.1722179
vt 0.3643489 0.2367453
vt 0.3743126 0.181787
vt 0.3199686 0.1955124
vt 0.3129147 0.1736591
vt 0.3274654 0.2211474
vt 0.3349622 0.2467825
vt 0.3746684 0.0952637
vt 0.3813014 0.09643443
vt 0.3873725 0.1000915
vt 0.3825538 0.1196712
vt 0.3878851 0.1232736
vt 0.3934435 0.1037486
vt 0.3772835 0.1459445
vt 0.3810988 0.1525303
vt 0.2926508 0.1350918
vt 0.2890039 0.1353594
vt 0.2855415 0.1348943
vt 0.2924763 0.1515162
vt 0.3210676 0.2213997
vt 0.3313914 0.2473303
vt 0.3107437 0.1954691
vt 0.3059483 0.1890767
vt 0.3071729 0.1960169
vt 0.3083976 0.2029571
vt 0.30161 0.1734926
vt 0.2975773 0.1699566
vt 0.3795886 0.1768994
vt 0.3748186 0.2095985
vt 0.3852882 0.1824518
vt 0.3700486 0.2422977
vt 0.3857118 0.1928917
vt 0.3861983 0.1515507
vt 0.3928081 0.1262019
vt 0.3987694 0.1073872
vt 0.4040954 0.1110258
vt 0.4080208 0.1167594
vt 0.4119461 0.1224931
vt 0.2970814 0.1740526
vt 0.2869899 0.1520883
vt 0.2965856 0.1781486
vt 0.2763657 0.1362528
vt 0.2991362 0.191904
vt 0.3037669 0.1974305
vt 0.2930112 0.1756657
vt 0.2894368 0.1731828
vt 0.3163204 0.2233149
vt 0.328874 0.2491993
vt 0.3012495 0.1992995
vt 0.3033628 0.206695
vt 0.289769 0.178109
vt 0.2901011 0.1830353
vt 0.3926434 0.1733262
vt 0.3905225 0.1904702
vt 0.4152685 0.1289012
vt 0.4185908 0.1353094
vt 0.382329 0.2204874
vt 0.3946095 0.198677
vt 0.3741355 0.2505045
vt 0.3938857 0.2093054
vt 0.4211023 0.1435448
vt 0.4236138 0.1517802
vt 0.2748831 0.1606649
vt 0.2639527 0.1475459
vt 0.2939804 0.1970127
vt 0.2986716 0.2018538
vt 0.2867773 0.1812594
vt 0.2834536 0.1794835
vt 0.3125582 0.226609
vt 0.3264448 0.2513642
vt 0.2962424 0.2040188
vt 0.2985044 0.2110249
vt 0.402248 0.1929586
vt 0.3989089 0.2088421
vt 0.3885365 0.2341019
vt 0.4029375 0.2176993
vt 0.3781641 0.2593617
vt 0.4019428 0.2270199
vt 0.4266428 0.1597036
vt 0.4296719 0.167627
vt 0.2838417 0.1841441
vt 0.2842298 0.1888047
vt 0.257307 0.1523053
vt 0.2668791 0.1670193
vt 0.2540908 0.1529624
vt 0.432857 0.1755617
vt 0.4360422 0.1834964
vt 0.2928236 0.2061067
vt 0.2798513 0.186563
vt 0.3077877 0.2294737
vt 0.3227518 0.2528406
vt 0.2505193 0.1540087
vt 0.2469479 0.1550549
vt 0.2425353 0.1557933
vt 0.2541292 0.1706509
vt 0.2381227 0.1565317
vt 0.4117686 0.2140613
vt 0.4078367 0.2269441
vt 0.4403671 0.1895269
vt 0.4446921 0.1955574
vt 0.3952251 0.2466205
vt 0.3826135 0.2662968
vt 0.4486291 0.200803
vt 0.4525661 0.2060487
vt 0.2348027 0.1583626
vt 0.2314828 0.1601935
vt 0.2843632 0.2090555
vt 0.2692462 0.1898532
vt 0.3015091 0.2316674
vt 0.318655 0.2542793
vt 0.4235938 0.2400323
vt 0.4172178 0.2404612
vt 0.4019962 0.2559152
vt 0.4213789 0.2455335
vt 0.3867746 0.2713691
vt 0.4191639 0.2510346
vt 0.4313095 0.2293274
vt 0.4454012 0.2181935
vt 0.4363438 0.2308828
vt 0.4490938 0.2217333
vt 0.4564756 0.2100011
vt 0.4603849 0.2139536
vt 0.2286987 0.1615945
vt 0.2418989 0.1755456
vt 0.2259146 0.1629956
vt 0.2389708 0.1764161
vt 0.4634258 0.2178991
vt 0.4516642 0.2255634
vt 0.4365215 0.2355484
vt 0.4366993 0.2402141
vt 0.2693427 0.2079112
vt 0.2761337 0.2123831
vt 0.2590163 0.1939644
vt 0.2541567 0.1921636
vt 0.295867 0.2342838
vt 0.3156004 0.2561845
vt 0.2730791 0.2142883
vt 0.2768155 0.2206653
vt 0.2242449 0.1650376
vt 0.2375572 0.1785284
vt 0.2225752 0.1670797
vt 0.2361436 0.1806407
vt 0.2553181 0.1964083
vt 0.2564795 0.200653
vt 0.2199116 0.1682625
vt 0.2334142 0.1815329
vt 0.217248 0.1694453
vt 0.2306848 0.1824251
vt 0.4739032 0.2289726
vt 0.4775856 0.2329052
vt 0.4420978 0.241739
vt 0.4262068 0.2508892
vt 0.4089958 0.2635007
vt 0.431217 0.2556323
vt 0.3917848 0.2761123
vt 0.4291844 0.2605209
vt 0.4831321 0.2367466
vt 0.4886786 0.2405881
vt 0.2146967 0.1713994
vt 0.2286992 0.1846043
vt 0.2121454 0.1733534
vt 0.2267135 0.1867834
vt 0.2629369 0.2125176
vt 0.2698762 0.2165915
vt 0.2516452 0.1990622
vt 0.2468109 0.1974713
vt 0.2911888 0.2375067
vt 0.3125015 0.258422
vt 0.2667773 0.218829
vt 0.2706177 0.2251404
vt 0.4447793 0.2541021
vt 0.438449 0.2611162
vt 0.4190935 0.2711971
vt 0.4464023 0.266282
vt 0.3997381 0.2812781
vt 0.4450909 0.2708525
vt 0.4952781 0.2449294
vt 0.5018776 0.2492708
vt 0.2477383 0.2017166
vt 0.2486656 0.2059619
vt 0.2083098 0.1752671
vt 0.2229014 0.1883223
vt 0.2044743 0.1771807
vt 0.2190894 0.1898611
vt 0.5098268 0.2542117
vt 0.5177759 0.2591526
vt 0.2544645 0.2184339
vt 0.2625411 0.2217871
vt 0.2427213 0.2050547
vt 0.2367769 0.2041475
vt 0.2854492 0.2418082
vt 0.3083573 0.2618292
vt 0.2583969 0.2251944
vt 0.2623293 0.2319549
vt 0.2009185 0.1805781
vt 0.2162714 0.1932118
vt 0.1973627 0.1839755
vt 0.2134534 0.1965625
vt 0.2373342 0.2092031
vt 0.2378914 0.2142587
vt 0.1930173 0.1878647
vt 0.2094495 0.199838
vt 0.4637652 0.2665579
vt 0.4569272 0.272808
vt 0.5248073 0.2655073
vt 0.5318387 0.2718621
vt 0.4330496 0.2805044
vt 0.4663612 0.2797307
vt 0.4091721 0.2882009
vt 0.4639589 0.2846981
vt 0.5389908 0.2795772
vt 0.5461429 0.2872922
vt 0.2451001 0.2283767
vt 0.2537147 0.2301658
vt 0.2315821 0.2150019
vt 0.2252729 0.2157452
vt 0.2796756 0.2487988
vt 0.3056366 0.2674319
vt 0.250994 0.2357685
vt 0.48553 0.283466
vt 0.4759755 0.2892672
vt 0.445769 0.2934667
vt 0.4823658 0.2987326
vt 0.4155624 0.2976663
vt 0.4767396 0.303629
vt 0.5514673 0.2959711
vt 0.5567917 0.30465
vt 0.2043822 0.2083031
vt 0.1857773 0.203373
vt 0.1855899 0.2092441
vt 0.2276881 0.2220358
vt 0.5612035 0.3131278
vt 0.5656153 0.3216057
vt 0.2786881 0.2586713
vt 0.3070963 0.2740396
vt 0.2517397 0.2499108
vt 0.2598073 0.2563756
vt 0.1870062 0.215067
vt 0.1884225 0.22089
vt 0.1911981 0.2263789
vt 0.1939738 0.231868
vt 0.500929 0.3058295
vt 0.4870699 0.3095208
vt 0.5671759 0.3287456
vt 0.5687364 0.3358855
vt 0.4524047 0.3077833
vt 0.4892469 0.3179004
vt 0.4177395 0.3060458
vt 0.4810937 0.3203881
vt 0.5699868 0.3416266
vt 0.5712371 0.3473678
vt 0.2402483 0.2476797
vt 0.2544439 0.2563349
vt 0.1957612 0.2360017
vt 0.2818949 0.2673651
vt 0.3093458 0.2783953
vt 0.2566935 0.2606906
vt 0.2643063 0.265087
vt 0.5066587 0.3256111
vt 0.4904777 0.3255538
vt 0.4544498 0.3183715
vt 0.4184219 0.3111893
vt 0.5712173 0.3514657
vt 0.5711975 0.3555636
vt 0.2456461 0.2589261
vt 0.2588642 0.2652165
vt 0.5721157 0.3589897
vt 0.5517935 0.3540286
vt 0.5730338 0.3624158
vt 0.2848723 0.2737416
vt 0.3108804 0.2822668
vt 0.2603989 0.269088
vt 0.2016377 0.2505729
vt 0.2393422 0.2634956
vt 0.5732965 0.3652907
vt 0.5735592 0.3681656
vt 0.5218692 0.3446288
vt 0.4919447 0.3352289
vt 0.4555432 0.3250757
vt 0.4191416 0.3149225
vt 0.5747609 0.3715554
vt 0.554376 0.3654508
vt 0.5759627 0.3749453
vt 0.2047258 0.2617417
vt 0.2868384 0.2790823
vt 0.3119544 0.2851317
vt 0.2627963 0.2758978
vt 0.4934393 0.3435866
vt 0.456257 0.3318414
vt 0.4190746 0.3200962
vt 0.5239077 0.3545187
vt 0.5758348 0.3788503
vt 0.5757067 0.3827552
vt 0.2420096 0.2716848
vt 0.5754578 0.3884178
vt 0.5532225 0.3831759
vt 0.2889163 0.2833841
vt 0.3136383 0.2879209
vt 0.2658783 0.2816366
vt 0.2728913 0.2841382
vt 0.2090177 0.2707571
vt 0.2102612 0.2730322
vt 0.2127587 0.2759785
vt 0.2152562 0.2789247
vt 0.5225586 0.3696814
vt 0.4918947 0.3561869
vt 0.5000255 0.363885
vt 0.5264332 0.3765871
vt 0.4538307 0.3419247
vt 0.488587 0.3637531
vt 0.4157668 0.3276624
vt 0.4771484 0.3636212
vt 0.5700257 0.4084558
vt 0.5487475 0.3951521
vt 0.5446541 0.401015
vt 0.5661637 0.4154433
vt 0.5186673 0.3794526
vt 0.5109013 0.3823181
vt 0.2559022 0.2820428
vt 0.2684376 0.2855061
vt 0.2175207 0.2827557
vt 0.2197853 0.2865867
vt 0.2924405 0.2888958
vt 0.3164434 0.2922855
vt 0.2712427 0.2898707
vt 0.2785016 0.2928675
vt 0.4881638 0.3819472
vt 0.4826561 0.3727843
vt 0.4460145 0.3538967
vt 0.4762621 0.3801311
vt 0.4093728 0.3350092
vt 0.4643603 0.3783149
vt 0.5118036 0.3902038
vt 0.540951 0.4076234
vt 0.5127058 0.3980895
vt 0.5372478 0.4142318
vt 0.5615465 0.422535
vt 0.5569293 0.4296267
vt 0.2225413 0.2918056
vt 0.2252974 0.2970244
vt 0.2627092 0.2927911
vt 0.2750169 0.2963524
vt 0.5508547 0.4349788
vt 0.5312697 0.4188722
vt 0.5252916 0.4235127
vt 0.54478 0.4403309
vt 0.5037659 0.3995017
vt 0.4948259 0.4009138
vt 0.2975403 0.2977637
vt 0.3200638 0.299175
vt 0.2786372 0.3032419
vt 0.2857424 0.3066463
vt 0.2278114 0.3034824
vt 0.2370371 0.3237131
vt 0.2404346 0.3314512
vt 0.5408405 0.4450818
vt 0.5219577 0.4283384
vt 0.5186238 0.4331641
vt 0.536901 0.4498326
vt 0.4955558 0.4078473
vt 0.4691538 0.3873562
vt 0.4739474 0.3963974
vt 0.4962856 0.4147807
vt 0.4365902 0.3639128
vt 0.4638076 0.3928163
vt 0.4040266 0.3404694
vt 0.4536679 0.3892352
vt 0.5331717 0.453279
vt 0.5145282 0.4361338
vt 0.4891679 0.4144751
vt 0.4820502 0.4141694
vt 0.2711729 0.3096129
vt 0.2829279 0.3124022
vt 0.2443504 0.3391007
vt 0.2482661 0.3467501
vt 0.3033228 0.3101031
vt 0.3237176 0.3078041
vt 0.2865817 0.3210313
vt 0.2930499 0.3239046
vt 0.4639728 0.4078846
vt 0.4588203 0.3985599
vt 0.4293111 0.3721526
vt 0.4545956 0.4038359
vt 0.3998019 0.3457454
vt 0.4452184 0.3997871
vt 0.4837055 0.4210801
vt 0.4853608 0.4279909
vt 0.5246839 0.465175
vt 0.5032146 0.4514537
vt 0.4996804 0.4548104
vt 0.5217674 0.4691278
vt 0.2801842 0.3304952
vt 0.290557 0.3313823
vt 0.2507382 0.3544113
vt 0.2532103 0.3620725
vt 0.4789051 0.4276448
vt 0.4724494 0.4272987
vt 0.5190015 0.4742477
vt 0.4969087 0.4600964
vt 0.3088181 0.3241798
vt 0.3270792 0.3169772
vt 0.2939186 0.3405554
vt 0.2997731 0.3422509
vt 0.2559909 0.3698532
vt 0.2587714 0.3776339
vt 0.2616831 0.3868109
vt 0.2645948 0.3959878
vt 0.4731789 0.4351657
vt 0.4494491 0.4102352
vt 0.4536797 0.4206832
vt 0.4739083 0.4430327
vt 0.4216814 0.3809705
vt 0.443561 0.4161958
vt 0.3939137 0.3517059
vt 0.4334422 0.4117083
vt 0.5068086 0.4896927
vt 0.4886313 0.4691802
vt 0.4831257 0.4729781
vt 0.5012431 0.4943921
vt 0.4660961 0.442688
vt 0.458284 0.4423432
vt 0.2883 0.3526239
vt 0.297863 0.3511783
vt 0.2681414 0.4038704
vt 0.271688 0.4117529
vt 0.3142331 0.3384091
vt 0.3306033 0.3256399
vt 0.3013871 0.359841
vt 0.3068213 0.3595762
vt 0.4367007 0.4343069
vt 0.4350714 0.4230076
vt 0.409739 0.3901434
vt 0.4255642 0.4285809
vt 0.3844064 0.3572792
vt 0.4144276 0.4228548
vt 0.4563189 0.4507054
vt 0.4775663 0.4784032
vt 0.4543538 0.4590676
vt 0.4720069 0.4838283
vt 0.4949292 0.4999341
vt 0.4886153 0.5054761
vt 0.2968969 0.3738236
vt 0.3054249 0.3684763
vt 0.2745034 0.4178883
vt 0.2773188 0.4240237
vt 0.4801056 0.5095632
vt 0.4637097 0.4870683
vt 0.4554124 0.4903083
vt 0.4715958 0.5136503
vt 0.4446369 0.4578246
vt 0.43492 0.4565816
vt 0.3196574 0.3500291
vt 0.3338898 0.3315819
vt 0.3087114 0.3744183
vt 0.3133944 0.3714602
vt 0.2800828 0.4277954
vt 0.2828469 0.4315671
vt 0.2851061 0.4357202
vt 0.2873653 0.4398733
vt 0.4624863 0.5180916
vt 0.4470483 0.494785
vt 0.4533767 0.5225327
vt 0.4299389 0.4644436
vt 0.4128295 0.4341022
vt 0.3924066 0.3973384
vt 0.3719838 0.3605745
vt 0.4427793 0.5248343
vt 0.4321819 0.527136
vt 0.3049036 0.3884078
vt 0.3123 0.3799134
vt 0.2908664 0.4439639
vt 0.2943675 0.4480546
vt 0.32476 0.3579952
vt 0.33722 0.336077
vt 0.3156301 0.3844085
vt 0.3200548 0.3804504
vt 0.3856395 0.4392121
vt 0.3725848 0.3991333
vt 0.3731859 0.437692
vt 0.3595302 0.3590545
vt 0.364675 0.4264055
vt 0.3970993 0.471754
vt 0.408559 0.5042958
vt 0.4215376 0.5291727
vt 0.4108933 0.5312093
vt 0.3132476 0.3998748
vt 0.3202487 0.3902708
vt 0.2993073 0.4544061
vt 0.3042471 0.4607576
vt 0.3997344 0.5299257
vt 0.3885756 0.5286421
vt 0.3312397 0.366418
vt 0.3422307 0.3425653
vt 0.3252594 0.3967591
vt 0.3300762 0.393427
vt 0.3102885 0.4673435
vt 0.3163299 0.4739293
vt 0.3231813 0.4823685
vt 0.3300327 0.4908077
vt 0.3698153 0.4541908
vt 0.3596216 0.4329077
vt 0.3775079 0.5245489
vt 0.3664402 0.5204558
vt 0.3545282 0.3922966
vt 0.3495262 0.4255387
vt 0.3494348 0.3516855
vt 0.3444843 0.4116674
vt 0.3564254 0.5130686
vt 0.3464107 0.5056813
vt 0.3382217 0.4982445
vt 0.3260349 0.4161905
vt 0.3322433 0.406136
vt 0.340839 0.3789107
vt 0.3394473 0.4152562
vt 0.3441993 0.4378469

vn 0.3353819 0.9097465 0.2447043
vn 0.3172121 0.8780512 0.3583331
vn 0.3598448 0.8655741 0.3482716
vn 0.3589336 0.8693679 0.3396559
vn 0.2328989 0.6307784 0.740187
vn 0.2888896 0.694899 0.6585274
vn 0.2355499 0.6949995 0.679332
vn 0.3579903 0.8730836 0.3310107
vn 0.3710925 0.9055589 0.2055564
vn 0.2889993 0.8932093 0.3444657
vn 0.2997976 0.9304423 0.2107098
vn 0.005384482 -0.9890733 0.1473259
vn -0.002977981 -0.9679399 0.2511644
vn 0.03207083 -0.9663588 0.2551904
vn 0.03310384 -0.9678481 0.2493476
vn -0.003195486 -0.7972596 0.6036282
vn 0.02628548 -0.7956268 0.6052166
vn 0.04300826 -0.8444223 0.5339487
vn 0.03413577 -0.9693014 0.2434946
vn 0.03502021 -0.9923605 0.1182975
vn 0.05573764 -0.9676332 0.2461285
vn 0.05759571 -0.9913021 0.1183332
vn -0.715768 -0.1558944 0.6807151
vn -0.3567624 -0.1319105 0.9248352
vn -0.4567463 -0.1960959 0.8677149
vn -0.7205819 -0.2821836 0.6333516
vn -0.2180575 -0.1577786 0.9630975
vn -0.3358012 -0.2855986 0.8975918
vn -0.5572829 -0.4661377 0.6871328
vn -0.6854911 -0.177423 0.7061325
vn -0.3552364 -0.07282727 0.9319353
vn -0.470046 -0.1306039 0.8729258
vn -0.7499663 -0.2084626 0.6277689
vn -0.3121451 -0.01126084 0.9499677
vn -0.515473 -0.0556288 0.8550982
vn -0.7898859 -0.09107597 0.6064531
vn -0.01785261 -0.7024343 0.7115247
vn 0.009281109 -0.353664 0.9353265
vn 0.04418269 -0.4683802 0.8824216
vn 0.07179195 -0.7522176 0.6549921
vn 0.04259209 -0.2615605 0.9642469
vn 0.113535 -0.4335601 0.8939438
vn 0.1903891 -0.7127349 0.6751007
vn 0.0543971 -0.7053662 0.7067528
vn -0.02323087 -0.3633814 0.9313508
vn 0.001322974 -0.4906154 0.8713753
vn 0.002272662 -0.7868343 0.6171602
vn -0.02909969 -0.29309 0.9556419
vn -0.01035627 -0.4951021 0.8687731
vn -0.01525584 -0.7907209 0.6119868
vn 0.03859259 -0.7214325 0.6914086
vn 0.03841488 -0.3674207 0.9292612
vn 0.06007059 -0.4659678 0.8827602
vn 0.09898753 -0.7678439 0.6329433
vn 0.02249893 -0.2708936 0.9623463
vn 0.0698943 -0.4629218 0.8836392
vn 0.1154058 -0.7644565 0.6342616
vn 0.09284811 0.6538107 0.75094
vn 0.03951635 0.3050418 0.9515188
vn 0.02645565 0.418242 0.9079502
vn 0.045908 0.7263714 0.6857675
vn 0.0005336398 0.2350912 0.9719732
vn -0.03334235 0.4061926 0.913179
vn -0.05950314 0.7168495 0.6946843
vn 0.09619036 0.3160613 0.9438499
vn 0.1046463 0.4329139 0.8953406
vn 0.1741395 0.7212651 0.6704119
vn 0.03329506 0.2426768 0.9695357
vn 0.04066496 0.3977683 0.9165843
vn 0.1559938 0.3182096 0.9350982
vn 0.1802558 0.4335917 0.8828964
vn 0.08300604 0.2466737 0.9655372
vn 0.1141817 0.4017123 0.9086197
vn 0.105672 0.6273561 0.7715295
vn 0.1178417 0.3018203 0.9460538
vn 0.1282697 0.4125667 0.9018512
vn 0.2162499 0.6963674 0.6843306
vn 0.08408096 0.2387654 0.9674304
vn 0.1162915 0.3892395 0.9137663
vn -0.04850179 0.6282298 0.7765146
vn 0.006537872 0.2969548 0.9548692
vn -0.003366235 0.3802449 0.9248797
vn -0.006181815 0.6927755 0.7211268
vn 0.02514954 0.2217844 0.9747713
vn 0.02692611 0.3646698 0.9307475
vn 0.1491349 0.6445941 0.7498381
vn 0.1145002 0.2968385 0.9480383
vn 0.133748 0.4162795 0.8993458
vn 0.2265112 0.7053585 0.6716859
vn 0.07902261 0.2375182 0.9681635
vn 0.1078046 0.420889 0.9006833
vn 0.1827154 0.7173764 0.6722991
vn 0.287582 0.6531135 0.7005279
vn 0.1374924 0.3345837 0.9322819
vn 0.1564582 0.4642874 0.8717557
vn 0.2489124 0.7387936 0.62628
vn 0.08965011 0.2677734 0.9593019
vn 0.1157761 0.4687932 0.8756876
vn 0.1851842 0.7530978 0.6313086
vn 0.03197152 0.2378953 0.9707645
vn 0.01095441 0.04871906 0.9987525
vn 0.01587936 0.04835591 0.998704
vn 0.03445213 0.1383595 0.9897826
vn 0.005477647 0.02436911 0.999688
vn 0.007942232 0.02418561 0.9996759
vn 0.008354293 0.02951048 0.9995296
vn 0.09637263 0.2330934 0.9676672
vn 0.02531375 0.05473225 0.9981801
vn 0.01899014 0.05544986 0.9982809
vn 0.02652324 0.154839 0.9875836
vn 0.01267061 0.02735883 0.9995453
vn 0.009498956 0.02773682 0.9995701
vn 0.01548912 0.05320193 0.9984636
vn 0.3245703 0.01885653 0.9456736
vn 0.09210314 0.01126005 0.9956858
vn 0.09292904 0.01137981 0.9956077
vn 0.3822207 0.02657707 0.9236888
vn 0.0551071 0.01108928 0.9984189
vn 0.08808141 0.01503273 0.9959999
vn 0.3692838 0.04105442 0.9284094
vn 0.09329692 0.00912635 0.9955965
vn 0.09127879 0.01114051 0.9957631
vn 0.05526607 0.007006406 0.9984471
vn 0.04740727 0.008759217 0.9988372
vn 0.3114782 -0.006579933 0.9502305
vn 0.0896594 0.006410745 0.9959518
vn 0.09531438 0.007111998 0.9954218
vn 0.3730914 0.01421575 0.9276857
vn 0.08737802 -0.0002990993 0.9961752
vn 0.08400202 0.0057094 0.9964492
vn 0.04436433 0.001717992 0.999014
vn 0.04319981 0.005168895 0.9990531
vn 0.01461979 -0.2771706 0.9607095
vn -0.00342203 -0.06328611 0.9979896
vn 0.004940319 -0.0589682 0.9982476
vn 0.04356323 -0.1737071 0.9838334
vn -0.00203322 -0.03176892 0.9994932
vn 0.001986969 -0.02960787 0.9995596
vn 0.008019697 -0.05321245 0.998551
vn -0.2743419 -0.09940656 0.9564805
vn -0.06189845 -0.04419608 0.9971035
vn -0.04859765 -0.05297778 0.9974125
vn -0.1413693 -0.1151856 0.983233
vn -0.03053671 -0.04035519 0.9987187
vn -0.02374529 -0.04504781 0.9987026
vn -0.04442704 -0.05642812 0.9974177
vn -0.2549607 -0.0949795 0.9622754
vn -0.05661584 -0.01425312 0.9982943
vn -0.05607729 -0.015151 0.9983115
vn -0.1672194 -0.07479379 0.9830786
vn -0.02265431 -0.00570193 0.9997271
vn -0.02805045 -0.007578445 0.9995778
vn -0.05625643 -0.01155145 0.9983495
vn 0.05052836 -0.261141 0.9639773
vn 0.004555529 -0.05582148 0.9984304
vn -0.0002766862 -0.05758167 0.9983408
vn 0.02628739 -0.1795744 0.9833931
vn 0.001826055 -0.022339 0.9997488
vn -0.0001383339 -0.02880248 0.9995851
vn -0.0001370536 -0.05535213 0.9984668
vn 0.01759694 -0.2416086 0.9702142
vn 0.002214671 -0.05675101 0.9983859
vn 0.00722756 -0.05525221 0.9984463
vn 0.02637236 -0.1244825 0.9918712
vn 0.001094575 -0.02836173 0.9995971
vn 0.003615347 -0.0276365 0.9996115
vn 0.004757646 -0.03288854 0.9994477
vn -0.04221678 -0.008359662 0.9990735
vn 2.369914E-06 3.203579E-07 1
vn -0.04895471 -0.01454246 0.9986951
vn -0.05125029 -0.02473142 0.9983796
vn -0.0390785 -0.004114633 0.9992277
vn -0.03612071 -0.003754084 0.9993404
vn -0.01578462 -0.02470165 0.9995703
vn -0.03946025 0.008891264 0.9991816
vn -0.04828483 0.002360627 0.9988308
vn -0.0269661 -0.004732265 0.9996251
vn -0.03638534 -0.006152009 0.9993189
vn -0.05594463 -0.002603149 0.9984305
vn 0.03290307 0.07766026 0.9964368
vn 0.003072552 0.04924135 0.9987822
vn -0.01258758 0.1554114 0.9877697
vn 0.009693971 0.04794941 0.9988027
vn 0.001536928 0.02462807 0.9996955
vn -0.0003653049 0.04582388 0.9989495
vn -0.003592852 -0.02910891 0.9995698
vn -0.005705825 -0.02908959 0.9995605
vn -0.009081863 -0.02922919 0.9995314
vn 0.0514155 0.07994412 0.9954724
vn 0.01278558 0.05041662 0.9986464
vn 0.01850463 0.1600201 0.9869403
vn 0.01860919 0.04866062 0.998642
vn 0.006394827 0.02521646 0.9996616
vn 0.04966075 0.07693258 0.9957988
vn 0.02218124 0.05088956 0.9984579
vn 0.04335479 0.1603165 0.9861131
vn 0.01553944 0.04647426 0.9987986
vn 0.01109484 0.02545424 0.9996145
vn 0.01637343 0.0869827 0.9960752
vn 0.02236384 0.1514412 0.9882132
vn 0.002489511 0.02276576 0.9997377
vn -0.02909154 0.1854025 0.982232
vn -0.003828065 0.04330052 0.9990548
vn -0.0003404821 0.04415341 0.9990247
vn -0.01097084 0.09957533 0.9949695
vn -0.001932847 0.02167474 0.9997632
vn -0.0001700816 0.02208192 0.9997562
vn -0.0003974952 -0.03012337 0.9995461
vn -0.001550037 -0.03020183 0.9995426
vn 0.004889927 0.02255318 0.9997337
vn 0.0002881651 -5.266416E-05 0.9999999
vn 0.02551281 0.02160289 0.999441
vn 0.005712091 -0.001880462 0.9999819
vn 0.005179641 -0.001545237 0.9999854
vn 0.02088275 0.02362776 0.9995027
vn 0.004050856 -0.001279409 0.999991
vn 0.003747119 -0.001263532 0.9999922
vn 0.01551774 0.02521824 0.9995615
vn 0.0001938185 -0.03453717 0.9994034
vn 0.001123106 -0.03708711 0.9993114
vn -0.003247231 -0.0275932 0.9996139
vn -0.003225555 -0.03456848 0.9993972
vn 0.02929487 -0.00708168 0.9995458
vn 0.0003573818 0.00162695 0.9999986
vn 0.0006269755 0.002149142 0.9999975
vn 0.0003146083 0.001465903 0.9999989
vn 0.0002251353 -0.01048465 0.999945
vn -0.003978495 -0.01020994 0.99994
vn -0.005372836 -0.009803833 0.9999375
vn -0.0005165001 -0.007507864 0.9999717
vn -0.003074839 -0.007801597 0.9999648
vn -0.004749775 -0.00734391 0.9999617
vn -0.02599072 -0.03413988 0.999079
vn -0.01031034 -0.007954556 0.9999152
vn -0.01075348 -0.007773871 0.999912
vn -0.01984519 -0.03425008 0.9992163
vn -0.006929141 -0.006089278 0.9999574
vn -0.0099393 -0.007702826 0.999921
vn -0.01422008 -0.03397614 0.9993215
vn -0.0007046249 -0.0002040908 0.9999998
vn -0.00128445 -0.000368976 0.9999991
vn -0.007361657 -0.02615085 0.9996309
vn -0.001891452 -0.001136699 0.9999976
vn -0.001730144 -0.0006284415 0.9999983
vn -0.002136842 -0.0006295801 0.9999975
vn -0.002202421 -0.0010682 0.999997
vn -0.001438209 -0.0005076631 0.9999988
vn -0.0009824608 -0.0006096035 0.9999993
vn -0.006827461 -0.004938359 0.9999645
vn -0.006001381 -0.003428112 0.9999761
vn -0.007363515 -0.003283236 0.9999675
vn -0.007219209 -0.004557851 0.9999636
vn -0.003698866 -0.002357088 0.9999904
vn -0.005902919 -0.003112162 0.9999777
vn -0.006707736 -0.00417259 0.9999688
vn -0.0001644378 0.0005195373 0.9999999
vn -0.003964244 -0.00445233 0.9999822
vn -0.001427711 -0.004423194 0.9999892
vn -0.003465297 -0.004151481 0.9999854
vn -0.003605099 -0.003340765 0.9999879
vn -0.001660768 -0.002871692 0.9999945
vn -0.002583396 -0.002669483 0.9999931
vn -0.006358135 -0.006631189 0.9999578
vn -0.005627541 -0.004628539 0.9999735
vn -0.007461973 -0.006751593 0.9999494
vn -0.004989732 -0.004769229 0.9999762
vn -0.002919155 -0.003581012 0.9999893
vn -0.003506971 -0.005106277 0.9999808
vn -0.005225033 -0.0047629 0.999975
vn -0.006294052 -0.007060707 0.9999552
vn -0.0001338085 -0.005543577 0.9999846
vn -0.002848942 -0.005336219 0.9999817
vn -0.00234652 -0.005450031 0.9999824
vn -4.780621E-05 -0.003569135 0.9999936
vn -0.002127206 -0.003471535 0.9999917
vn -0.001629325 -0.003612374 0.9999921
vn 0.001219956 -0.003056259 0.9999946
vn -0.0008111357 -0.001440979 0.9999986
vn 0.0009298605 -0.00190177 0.9999978
vn 0.001269315 -0.003678059 0.9999924
vn 0.000563851 -0.001355173 0.9999989
vn 0.00162436 -0.001954954 0.9999968
vn 0.0001443873 -0.001411884 0.999999
vn -0.002551545 -0.000980338 0.9999962
vn 0.0003733356 -0.0008001161 0.9999996
vn -0.001087084 -0.002251809 0.9999969
vn -0.001244426 -0.001047853 0.9999987
vn -2.670956E-05 -0.002937785 0.9999957
vn 0.001317809 -0.001743537 0.9999976
vn 8.023869E-07 0.00220619 0.9999976
vn -0.0003555017 0.002687239 0.9999964
vn -0.0005106052 0.002729712 0.9999961
vn 3.453348E-05 0.003093568 0.9999952
vn -0.0006077809 0.003183862 0.9999948
vn -0.003729142 -0.02023506 0.9997883
vn -0.003486514 -0.0208361 0.9997768
vn -0.006846095 -0.02621299 0.999633
vn -0.004019533 -0.01371227 0.9998979
vn -0.005194128 -0.01981528 0.9997902
vn -0.008468271 -0.02648713 0.9996133
vn 0.0004353681 0.003500155 0.9999938
vn 0.0006982271 0.003626844 0.9999932
vn -0.0007531525 -0.009442953 0.9999551
vn 0.003827668 -0.008307813 0.9999582
vn 0.004022989 -0.008400159 0.9999566
vn -0.0008287704 -0.005388654 0.9999852
vn 0.001933698 -0.005549719 0.9999827
vn 0.00221883 -0.004732396 0.9999864
vn -0.00084765 -0.002630159 0.9999962
vn 0.001077421 -0.01072782 0.9999419
vn 0.001927423 -0.009782462 0.9999503
vn 0.001065285 -0.005218577 0.9999858
vn 0.003100911 -0.009206975 0.9999528
vn 0.001076025 0.0039718 0.9999915
vn 0.001181767 0.004301837 0.99999
vn 0.002022834 0.00352228 0.9999918
vn 0.001186565 0.004600261 0.9999887
vn 0.007618386 -0.009907048 0.9999219
vn 0.008677508 -0.009323205 0.9999189
vn 0.004249137 -0.006322239 0.999971
vn 0.006401492 -0.00798932 0.9999476
vn 0.007061983 -0.007936993 0.9999436
vn 0.003666632 -0.004616304 0.9999826
vn 0.001680693 0.002350627 0.9999958
vn 0.003359462 0.00288529 0.9999902
vn 0.001476186 0.002034692 0.9999968
vn 0.00262912 0.001642252 0.9999952
vn 0.003941361 0.00282533 0.9999883
vn 0.006549736 -0.009654997 0.9999319
vn 0.004870636 -0.006694124 0.9999657
vn 0.004639006 -0.006469434 0.9999683
vn 0.006414996 -0.009202847 0.9999371
vn 0.003417091 -0.004364395 0.9999846
vn 0.005042803 -0.006510088 0.9999661
vn 0.003099974 -0.003887116 0.9999877
vn 0.002734602 -0.003998771 0.9999883
vn 0.004926792 0.001445729 0.9999868
vn 0.004505239 0.002466186 0.9999868
vn 0.003286801 0.001160179 0.999994
vn 0.00226456 -0.002630737 0.999994
vn 0.002586343 -0.002655029 0.9999931
vn 0.001393639 -0.001462883 0.999998
vn 0.002839477 0.000994416 0.9999955
vn 0.002173172 0.0008648302 0.9999973
vn 0.007509771 -0.0009008066 0.9999714
vn 0.008025469 -0.0004456849 0.9999677
vn 0.006491738 -0.001419723 0.9999779
vn 0.004211176 -0.0002019035 0.9999911
vn 0.007869001 -0.0001842655 0.999969
vn 0.001930167 0.00101614 0.9999976
vn 0.00455526 -0.0006555162 0.9999894
vn 0.002448371 0.0004090235 0.9999969
vn 0.004019274 -0.0006634573 0.9999917
vn 0.006906264 -0.001751852 0.9999746
vn 0.007936902 -0.001686997 0.9999671
vn 0.006928862 -0.002263263 0.9999735
vn 0.008768094 -0.001861125 0.9999598
vn 0.007077893 -0.002344732 0.9999722
vn 0.004934076 -0.001456124 0.9999867
vn 0.004937308 -0.001504835 0.9999867
vn 0.01117286 -0.002193767 0.9999352
vn 0.00811752 -0.002862681 0.9999629
vn 0.00609848 -0.001932822 0.9999796
vn 0.00728823 -0.00169168 0.999972
vn -0.07133419 0.9972834 0.01836485
vn -0.06982826 0.9973897 0.0183818
vn -0.2566437 0.9664007 0.01427341
vn -0.2601193 0.9654717 0.01422603
vn -0.06869098 0.997472 0.01819631
vn -0.2540216 0.9670993 0.01385504
vn -0.3143135 0.9492536 0.01116429
vn -0.3170507 0.9483371 0.01164205
vn -0.3206721 0.9471193 0.01159601
vn -0.07389484 0.9965461 0.0378852
vn -0.07282657 0.9971758 0.0183478
vn -0.2635665 0.964537 0.0141785
vn -0.2664963 0.963272 0.03296523
vn -0.3242587 0.9458979 0.01155009
vn -0.3272871 0.944449 0.02998631
vn -0.3760907 0.9265427 0.008626143
vn -0.379839 0.9250128 0.008584678
vn -0.3732539 0.927694 0.008088505
vn -0.3304682 0.9437965 0.006247048
vn -0.3331245 0.9428587 0.006751317
vn -0.3366401 0.9416094 0.006723657
vn -0.3835457 0.9234824 0.008543041
vn -0.3866979 0.921827 0.02645182
vn -0.3401213 0.9403577 0.006695577
vn -0.3431451 0.9389612 0.02456298
vn -0.2896085 0.9571315 0.005122164
vn -0.2928693 0.9561389 0.005104942
vn -0.2871473 0.9578751 0.004654606
vn -0.2330885 0.9724506 0.003078663
vn -0.2351609 0.9719503 0.003467523
vn -0.2379097 0.9712811 0.003459191
vn -0.296104 0.9551422 0.005088125
vn -0.2989068 0.9540118 0.0227194
vn -0.240641 0.9706081 0.003450554
vn -0.2430839 0.9697819 0.02081247
vn -0.18025 0.9836181 0.002314954
vn -0.182459 0.9832107 0.002311612
vn -0.178588 0.9839219 0.002009151
vn -0.1310278 0.9913782 0.0009973999
vn -0.132228 0.9912186 0.00121443
vn -0.133825 0.9910042 0.001213567
vn -0.1846594 0.9827999 0.002307779
vn -0.1865927 0.9822461 0.01938626
vn -0.1354169 0.990788 0.001212399
vn -0.1368613 0.9904245 0.01812064
vn -0.08421203 0.9964476 0.0006533577
vn -0.08518274 0.9963651 0.0006534139
vn -0.08348358 0.996509 0.0005266173
vn -0.03021716 0.9995433 0.0001298052
vn -0.03064344 0.9995304 0.0002036608
vn -0.03120987 0.9995129 0.0002039184
vn -0.0861521 0.9962818 0.0006534685
vn -0.08700649 0.9960538 0.01751228
vn -0.03177645 0.999495 0.000204166
vn -0.03233911 0.9993346 0.0168677
vn 0.02281192 0.9997398 7.680039E-05
vn 0.08945203 0.9959911 3.877664E-08
vn 0.08923347 0.9960107 9.240701E-06
vn 0.02249058 0.999747 7.708325E-05
vn 0.02234548 0.9996124 0.01660373
vn 0.08898746 0.9958966 0.01646798
vn 0.155467 0.9878411 -3.86125E-05
vn 0.1555165 0.9878333 -2.574169E-05
vn 0.2390594 0.971005 -0.0001215878
vn 0.2387838 0.9710727 -9.520102E-05
vn 0.2384149 0.9711634 -9.663945E-05
vn 0.1552071 0.987747 0.01632505
vn 0.237742 0.9711938 0.0161639
vn 0.3205639 0.9472269 -0.0003138574
vn 0.3199225 0.9474437 -0.0003158232
vn 0.321044 0.9470642 -0.0003747696
vn 0.417145 0.9088396 -0.0006974974
vn 0.4162216 0.909263 -0.0005921311
vn 0.414988 0.9098266 -0.0005941573
vn 0.3192806 0.9476601 -0.0003170706
vn 0.3186798 0.9477312 0.01576817
vn 0.4137532 0.9103889 -0.0005957754
vn 0.4127003 0.9107399 0.01520844
vn 0.5077643 0.8614953 -0.001129308
vn 0.5060094 0.8625273 -0.001131746
vn 0.5090768 0.8607202 -0.001277714
vn 0.5266846 0.8500585 -0.001960373
vn 0.5247395 0.851261 -0.001764058
vn 0.5221368 0.8528599 -0.001768279
vn 0.5042505 0.8635567 -0.001133888
vn 0.5026429 0.8643768 0.01423896
vn 0.5195194 0.8544568 -0.001771482
vn 0.5172691 0.8557135 0.01367296
vn 0.5419348 0.8404163 -0.00268938
vn 0.5385075 0.8426164 -0.002696013
vn 0.544493 0.8387603 -0.002932858
vn 0.4383923 0.8987738 -0.004224761
vn 0.4346491 0.9005914 -0.003905844
vn 0.4296409 0.9029914 -0.003913936
vn 0.5350574 0.8448114 -0.002702383
vn 0.5319431 0.8466833 0.0128063
vn 0.4246105 0.9053676 -0.003921985
vn 0.4202895 0.9073032 0.01256112
vn 0.3214874 0.9468978 -0.005503455
vn 0.314815 0.949137 -0.005509582
vn 0.3264771 0.9451868 -0.005893947
vn 0.2391386 0.9709545 -0.007747552
vn 0.2345325 0.9720836 -0.006919916
vn 0.2280505 0.9736224 -0.007234885
vn 0.3081286 0.9513288 -0.005516555
vn 0.3021832 0.9531769 0.01179878
vn 0.2205554 0.9753476 -0.007235884
vn 0.212999 0.9769967 0.01043845
vn 0.1449596 0.989394 -0.009289954
vn 0.1356203 0.9907145 -0.009591269
vn 0.1522401 0.9882968 -0.009612135
vn 0.1531391 0.9881259 -0.01247364
vn 0.1477805 0.9889498 -0.01180082
vn 0.1402865 0.9900349 -0.01227205
vn 0.1273578 0.9918106 -0.00958004
vn 0.1201002 0.9927247 0.008574849
vn 0.1317104 0.9912125 -0.01225283
vn 0.1241521 0.9922416 0.006552247
vn 0.154834 0.9878183 -0.01553751
vn 0.144782 0.9893343 -0.01599143
vn 0.1626727 0.9865496 -0.01604969
vn 0.23955 0.9706654 -0.02060417
vn 0.2322967 0.9724311 -0.02039919
vn 0.2226105 0.9746946 -0.02037203
vn 0.1358968 0.9905944 -0.01596095
vn 0.128114 0.9917524 0.00372307
vn 0.2129215 0.9768575 -0.02034326
vn 0.2056663 0.9786218 0.0008452774
vn 0.3140773 0.9490474 -0.02577495
vn 0.3037417 0.9524059 -0.02576621
vn 0.3217697 0.9464293 -0.02712515
vn 0.4493964 0.8927523 -0.03218977
vn 0.4422678 0.8963509 -0.03089102
vn 0.4325879 0.9010608 -0.03093777
vn 0.2933558 0.9556563 -0.02575401
vn 0.2842801 0.958736 -0.003168054
vn 0.4227686 0.905708 -0.03098095
vn 0.4141896 0.9101526 -0.008311966
vn 0.5618337 0.8264958 -0.0353207
vn 0.553021 0.8324128 -0.03545093
vn 0.568261 0.8220373 -0.03652421
vn 0.6447265 0.7633923 -0.03949535
vn 0.6393769 0.7679266 -0.03854664
vn 0.6319984 0.7740008 -0.03874106
vn 0.5439951 0.8383337 -0.03557934
vn 0.5362673 0.8439473 -0.01305289
vn 0.6244032 0.7801312 -0.0389368
vn 0.6180301 0.7859997 -0.01559865
vn 0.7105197 0.7025303 -0.04016214
vn 0.7045194 0.7085332 -0.04041361
vn 0.7148452 0.6980882 -0.0408543
vn 0.7636623 0.644295 -0.04127592
vn 0.7599702 0.648675 -0.0408158
vn 0.7548362 0.6546234 -0.04111467
vn 0.698305 0.7146441 -0.04066867
vn 0.6933584 0.7204081 -0.016319
vn 0.7495013 0.6607058 -0.04142011
vn 0.7454938 0.6663291 -0.0156369
vn 0.805213 0.5916309 -0.04006048
vn 0.8009014 0.5974326 -0.0403902
vn 0.8083079 0.5873792 -0.04029829
vn 0.8579066 0.5124493 -0.03730958
vn 0.8555063 0.5164549 -0.03719421
vn 0.8521589 0.521935 -0.03753605
vn 0.7964033 0.6033929 -0.04072828
vn 0.793279 0.6087102 -0.01342672
vn 0.8486624 0.5275763 -0.03788828
vn 0.846472 0.5323547 -0.009145596
vn 0.8986461 0.4374051 -0.03334504
vn 0.8961604 0.4424501 -0.0336817
vn 0.9004263 0.4337284 -0.03334773
vn 0.9142646 0.4038322 -0.03224748
vn 0.9125246 0.4077466 -0.03227312
vn 0.9101018 0.4130965 -0.032649
vn 0.893557 0.4476584 -0.03402914
vn 0.8921714 0.4516789 -0.004054394
vn 0.9075708 0.4185974 -0.03303548
vn 0.9062263 0.4227908 -0.001351461
vn 0.9254774 0.3775189 -0.03116163
vn 0.9231315 0.3831859 -0.03157431
vn 0.9271639 0.3733623 -0.03110876
vn 0.9095678 0.4140546 -0.03528832
vn 0.9072924 0.419012 -0.03534901
vn 0.9041348 0.4257403 -0.03585403
vn 0.9206855 0.3889915 -0.03199759
vn 0.9193653 0.3934031 0.001218938
vn 0.9008522 0.4325999 -0.03636914
vn 0.8989755 0.4379979 -0.0009100062
vn 0.887513 0.4590613 -0.03979196
vn 0.8834494 0.4667827 -0.04038564
vn 0.8904473 0.4533491 -0.03972594
vn 0.8538452 0.5184448 -0.04651154
vn 0.8500032 0.5247178 -0.0465367
vn 0.8447148 0.5331318 -0.04719573
vn 0.8792318 0.4746278 -0.04098797
vn 0.876613 0.4811831 -0.003536649
vn 0.8392638 0.5416141 -0.04785925
vn 0.8357993 0.5489691 -0.008513794
vn 0.8079441 0.586824 -0.05351612
vn 0.8013 0.5958002 -0.05422541
vn 0.812787 0.5800956 -0.05353862
vn 0.806978 0.5878614 -0.0566158
vn 0.8018538 0.5948428 -0.05650165
vn 0.7948766 0.6040654 -0.05723796
vn 0.794489 0.6047886 -0.05493483
vn 0.7899411 0.6130244 -0.01393274
vn 0.7877831 0.613219 -0.05796752
vn 0.7830763 0.6217442 -0.0150229
vn 0.7958056 0.6025574 -0.06014992
vn 0.78846 0.6120638 -0.06090058
vn 0.8012281 0.5953063 -0.06036448
vn 0.8282098 0.5571297 -0.06062221
vn 0.8235576 0.5640163 -0.06032102
vn 0.8172776 0.5730035 -0.06102711
vn 0.7810494 0.6214199 -0.06163713
vn 0.7761223 0.6303818 -0.0159043
vn 0.8109721 0.5818207 -0.06171776
vn 0.8069604 0.5904806 -0.01215089
vn 0.8491848 0.5245965 -0.06069315
vn 0.8438818 0.5330119 -0.06133322
vn 0.8531249 0.5181172 -0.06109482
vn 0.896968 0.4383504 -0.05742332
vn 0.8958908 0.4405555 -0.05736165
vn 0.8944522 0.4434404 -0.05758376
vn 0.8385882 0.5412312 -0.06195634
vn 0.8355507 0.5493622 -0.007493731
vn 0.893032 0.4462656 -0.05780087
vn 0.8927858 0.4504775 0.001861398
vn 0.9332432 0.3557763 -0.0498025
vn 0.9345178 0.3524497 -0.04955499
vn 0.9322846 0.3583147 -0.04955777
vn 0.9610159 0.2736459 -0.03957842
vn 0.9630088 0.2663989 -0.04056624
vn 0.9656101 0.2569178 -0.03987948
vn 0.9357635 0.3491637 -0.04930948
vn 0.9377467 0.3470979 0.01242022
vn 0.9680782 0.2475641 -0.03919989
vn 0.9702784 0.2409743 0.02216305
vn 0.9837341 0.1779048 -0.02484138
vn 0.9865115 0.1619639 -0.02372178
vn 0.9814983 0.1900707 -0.02311298
vn 0.9916325 0.1286456 -0.01074195
vn 0.9925737 0.1210656 -0.01185759
vn 0.993741 0.1111453 -0.01120418
vn 0.9889899 0.1462445 -0.02261494
vn 0.9905755 0.133202 0.0318973
vn 0.9947909 0.1013881 -0.01056092
vn 0.9949987 0.09272354 0.03714738
vn 0.9981571 0.06052149 -0.004424125
vn 0.9983764 0.0568055 -0.004209936
vn 0.997982 0.063375 -0.003951149
vn 0.9999855 -0.004197265 -0.003377157
vn 0.9999793 0.006157206 -0.001832658
vn 0.9998026 0.01970783 -0.00248396
vn 0.9985774 0.05317177 -0.004000349
vn 0.9979811 0.05050486 0.03851026
vn 0.9994503 0.03300473 -0.003121901
vn 0.9983922 0.04272624 0.03724969
vn 0.9982557 -0.05718392 -0.0146819
vn 0.999528 -0.02618738 -0.01606341
vn 0.9965621 -0.08079676 -0.01832618
vn 0.9871394 -0.1560425 -0.03473586
vn 0.9911248 -0.1293164 -0.03080415
vn 0.9950658 -0.09381215 -0.0323005
vn 0.9998395 0.004257363 -0.01740426
vn 0.9990863 0.03079465 0.02963847
vn 0.9977122 -0.0585843 -0.03373756
vn 0.9993702 -0.02838233 0.02130286
vn 0.9779894 -0.2028154 -0.04901597
vn 0.9852877 -0.1631999 -0.05073459
vn 0.971181 -0.2323478 -0.05312198
vn 0.9553435 -0.2874872 -0.06833732
vn 0.9610085 -0.2685824 -0.06577256
vn 0.967649 -0.2432409 -0.06700189
vn 0.9909602 -0.1235146 -0.05236343
vn 0.9959833 -0.08865838 0.01252731
vn 0.9735934 -0.2178694 -0.06818221
vn 0.9809676 -0.1941204 0.004463469
vn 0.9425434 -0.3264552 -0.07098498
vn 0.9464043 -0.3149525 -0.07158016
vn 0.9394228 -0.3350892 -0.07211136
vn 0.9400533 -0.3324496 -0.07600673
vn 0.9405155 -0.3311924 -0.07577706
vn 0.9411167 -0.3294578 -0.07587419
vn 0.9500915 -0.3035113 -0.07215969
vn 0.9557968 -0.2940212 0.002032543
vn 0.94173 -0.3276778 -0.07597245
vn 0.9455285 -0.3255383 -0.0008454727
vn 0.940736 -0.3311484 -0.07318826
vn 0.9378896 -0.3392041 -0.0728266
vn 0.9429373 -0.3249852 -0.07248434
vn 0.9668692 -0.2452431 -0.07084997
vn 0.9643317 -0.2547777 -0.07178263
vn 0.9609948 -0.2671956 -0.07138231
vn 0.9350453 -0.3470426 -0.07246885
vn 0.9351033 -0.3543749 -0.0005267236
vn 0.9575881 -0.2792608 -0.07098127
vn 0.9571912 -0.2894528 -0.001393108
vn 0.9822554 -0.1745907 -0.06850059
vn 0.979117 -0.1915403 -0.06813364
vn 0.9845636 -0.1615751 -0.06729072
vn 0.9937631 -0.09240189 -0.06242353
vn 0.9922712 -0.1064962 -0.06368996
vn 0.9901375 -0.1249058 -0.06345294
vn 0.9757779 -0.208006 -0.067757
vn 0.974987 -0.2222518 -0.002123141
vn 0.9877247 -0.1428486 -0.06319959
vn 0.9874308 -0.1580368 -0.002178445
vn 0.9977026 -0.03470442 -0.05818168
vn 0.9966426 -0.0570283 -0.05874773
vn 0.9981155 -0.01706413 -0.05894229
vn 0.9973545 -0.04912309 -0.05358051
vn 0.9967736 -0.06050473 -0.05274075
vn 0.9956616 -0.07622289 -0.05336616
vn 0.9953534 -0.07638924 -0.05861997
vn 0.9956735 -0.09288852 -0.002470571
vn 0.9941373 -0.0940849 -0.05328263
vn 0.9939832 -0.10952 -0.001646223
vn 0.9958396 -0.07738442 -0.04811557
vn 0.9941765 -0.09616052 -0.04864321
vn 0.996852 -0.06256005 -0.04870702
vn 0.9924169 -0.1146947 -0.04420432
vn 0.9913368 -0.1239046 -0.04357708
vn 0.9896353 -0.1366568 -0.04412485
vn 0.9924642 -0.1124876 -0.0485933
vn 0.9919705 -0.1264655 -0.001043491
vn 0.987515 -0.1512289 -0.04409069
vn 0.9864678 -0.1639538 -0.0005080294
vn 0.9860787 -0.1614459 -0.03980082
vn 0.9835781 -0.1761591 -0.03926855
vn 0.9876605 -0.151468 -0.03980323
vn 0.9849736 -0.1687698 -0.03665782
vn 0.9833875 -0.1779994 -0.03556973
vn 0.9814439 -0.1885162 -0.03506417
vn 0.9808668 -0.1905742 -0.03977173
vn 0.9794725 -0.2015776 -6.628757E-05
vn 0.9793847 -0.1988426 -0.03559769
vn 0.9775735 -0.2105933 0.0007149297
vn 0.9811429 -0.1907699 -0.03107202
vn 0.978898 -0.2019664 -0.03111608
vn 0.9827247 -0.1822539 -0.03218395
vn 0.9925305 -0.1189465 -0.02710884
vn 0.9915698 -0.1269365 -0.02600777
vn 0.9901577 -0.1375031 -0.02609107
vn 0.9765586 -0.2129855 -0.03115421
vn 0.9749376 -0.2224726 0.001629759
vn 0.9886452 -0.1479722 -0.02617164
vn 0.9876007 -0.15697 0.002294859
vn 0.9978507 -0.06216606 -0.02071897
vn 0.9971815 -0.07208018 -0.02081872
vn 0.9982631 -0.05472399 -0.02182167
vn 0.9989468 0.04298929 -0.01603676
vn 0.9991927 0.03721654 -0.01512827
vn 0.9994496 0.02948006 -0.0152168
vn 0.9964145 -0.08197831 -0.02091783
vn 0.9958839 -0.09057166 0.003457314
vn 0.9996476 0.02169123 -0.01530457
vn 0.9998751 0.01511385 0.004638787
vn 0.9904676 0.1373362 -0.01061653
vn 0.9912173 0.1318128 -0.01066213
vn 0.9898864 0.1414081 -0.01134026
vn 0.9833829 0.1813591 -0.00817818
vn 0.9838378 0.178895 -0.007719572
vn 0.9844419 0.17554 -0.007731698
vn 0.9919499 0.1261775 -0.01070741
vn 0.9926116 0.1211943 0.005832042
vn 0.985077 0.1719439 -0.007650182
vn 0.9855639 0.1691909 0.006191466
vn 0.9752761 0.2208928 -0.006548786
vn 0.9755492 0.2196842 -0.006538576
vn 0.9750775 0.2217676 -0.006556241
vn 0.9774631 0.21103 -0.005675618
vn 0.9775221 0.2107547 -0.005730664
vn 0.9776021 0.2103841 -0.005726187
vn 0.9757956 0.2185897 -0.006435051
vn 0.9760091 0.217657 0.00562836
vn 0.977767 0.2096158 0.005741943
vn 0.979802 0.1998903 -0.005643765
vn 0.9797119 0.2003311 -0.005661867
vn 0.9895533 0.1441508 -0.002195187
vn 0.9896927 0.1431888 -0.002291411
vn 0.9898909 0.1418139 -0.002201378
vn 0.9796154 0.2008016 -0.005680453
vn 0.9795129 0.2013144 0.005204997
vn 0.9901031 0.140326 -0.002103311
vn 0.99022 0.1392133 0.00917177
vn 0.9962144 0.0868967 0.002414013
vn 0.9964837 0.08374483 0.002661504
vn 0.9960172 0.0891234 0.002625206
vn 0.9990726 -0.03939459 0.01738092
vn 0.9988699 -0.04433013 0.0171403
vn 0.9985271 -0.05124731 0.01781537
vn 0.9967632 0.08034087 0.002928375
vn 0.9969074 0.07716375 0.0148816
vn 0.9981093 -0.05860406 0.0185324
vn 0.9973523 -0.06491607 0.03277541
vn 0.9843603 -0.1729651 0.03343536
vn 0.982433 -0.1833901 0.03454804
vn 0.9856385 -0.1654748 0.0336866
vn 0.9501225 -0.3071131 0.05430308
vn 0.9480809 -0.3133911 0.05411708
vn 0.9451362 -0.3219953 0.05510429
vn 0.9802692 -0.1944127 0.03572239
vn 0.9774735 -0.204496 0.05221966
vn 0.9419767 -0.3309523 0.05613037
vn 0.9379287 -0.3388813 0.07381857
vn 0.8912131 -0.4477203 0.07270394
vn 0.8876845 -0.4545462 0.07351202
vn 0.8937246 -0.4426631 0.07284101
vn 0.8489774 -0.5216168 0.08457694
vn 0.8478786 -0.5234101 0.08452099
vn 0.8463468 -0.5258366 0.0848108
vn 0.8840151 -0.4615101 0.07433521
vn 0.8794337 -0.4670582 0.09193997
vn 0.8447613 -0.5283322 0.08510865
vn 0.8418875 -0.5301358 0.1009024
vn 0.7967763 -0.5970616 0.09308542
vn 0.7979283 -0.5955499 0.09290171
vn 0.7959314 -0.5981972 0.0930232
vn 0.7261775 -0.6800045 0.1012928
vn 0.7292396 -0.6766862 0.101516
vn 0.7333645 -0.6722926 0.1009905
vn 0.7990831 -0.5940285 0.09271618
vn 0.7992183 -0.5917882 0.1050561
vn 0.7374569 -0.6678808 0.1004612
vn 0.7402232 -0.6635034 0.1087792
vn 0.6523324 -0.7504112 0.1065156
vn 0.6600199 -0.7437684 0.1057467
vn 0.6466009 -0.7554191 0.1060627
vn 0.5051796 -0.8556408 0.1125715
vn 0.514201 -0.8501499 0.1133245
vn 0.5262529 -0.8428502 0.1125228
vn 0.6676205 -0.7370649 0.104968
vn 0.6741446 -0.7305297 0.1088825
vn 0.5381732 -0.8353997 0.1117005
vn 0.5483839 -0.8288625 0.1107339
vn 0.3592744 -0.9261058 0.1151083
vn 0.3760468 -0.9195052 0.1144503
vn 0.3467016 -0.9310271 0.1139588
vn 0.1779482 -0.97772 0.1113464
vn 0.1927913 -0.9747201 0.1129261
vn 0.2125904 -0.9706342 0.1125811
vn 0.3926635 -0.9126197 0.1137566
vn 0.4075938 -0.9065604 0.1096154
vn 0.2322706 -0.9661592 0.1121908
vn 0.2492669 -0.9625673 0.1064434
vn 0.01920497 -0.9941434 0.1063491
vn 0.0415993 -0.9934514 0.1064131
vn 0.002428284 -0.9945409 0.1043191
vn -0.141781 -0.9851713 0.09662082
vn -0.1241317 -0.9875284 0.09684454
vn -0.1005494 -0.9901676 0.09725164
vn 0.06394605 -0.9922625 0.1064236
vn 0.08385434 -0.9914235 0.1002394
vn -0.07700481 -0.992242 0.09760221
vn -0.05324111 -0.9945307 0.08985578
vn -0.2536407 -0.9635552 0.08501605
vn -0.2293564 -0.9695548 0.08578502
vn -0.2718046 -0.9584492 0.08658689
vn -0.3924229 -0.9168929 0.07288098
vn -0.3741333 -0.9246121 0.07153144
vn -0.3496457 -0.9340634 0.07261889
vn -0.2051003 -0.9749116 0.08649462
vn -0.1836711 -0.9799683 0.07698688
vn -0.3251792 -0.9427804 0.07364538
vn -0.3035167 -0.9506634 0.06416105
vn -0.4881377 -0.8709065 0.05695202
vn -0.4639843 -0.8839174 0.05838212
vn -0.5061386 -0.860498 0.0580253
vn -0.6142271 -0.7880294 0.04164796
vn -0.5967755 -0.801364 0.0409229
vn -0.573433 -0.818141 0.04265913
vn -0.4398225 -0.896095 0.05974936
vn -0.41861 -0.9067228 0.05118003
vn -0.5501823 -0.8338675 0.0443209
vn -0.5297329 -0.8473154 0.0379435
vn -0.6948719 -0.7186957 0.02509141
vn -0.6730285 -0.7391178 0.02715669
vn -0.7112353 -0.7024945 0.02541187
vn -0.6181721 -0.7855854 0.02681082
vn -0.6052223 -0.7956076 0.02673168
vn -0.5885719 -0.8079531 0.02819481
vn -0.6513124 -0.7582502 0.02913223
vn -0.6323899 -0.7741962 0.02651793
vn -0.572693 -0.8192368 0.02955712
vn -0.5602601 -0.8278819 0.02683387
vn -0.5109535 -0.8590181 0.03184986
vn -0.5011213 -0.864757 0.03275411
vn -0.519206 -0.8540636 0.03163209
vn 0.003041292 -0.997309 0.07324944
vn -0.03028502 -0.9968417 0.07341318
vn -0.07187232 -0.9949254 0.07041117
vn -0.4924944 -0.8696691 0.03353896
vn -0.4858735 -0.8734981 0.03046376
vn -0.109949 -0.9916391 0.06755137
vn -0.1455972 -0.9879375 0.05273409
vn 0.4335719 -0.8942223 0.1112742
vn 0.348788 -0.9309892 0.1077317
vn 0.4993355 -0.8595711 0.1086352
vn 0.5849805 -0.7996686 0.1353807
vn 0.5387456 -0.8321571 0.1314071
vn 0.4736988 -0.870751 0.1319175
vn 0.2689775 -0.9575472 0.1037043
vn 0.2037957 -0.976083 0.07569187
vn 0.4009411 -0.907012 0.1287458
vn 0.338952 -0.9363836 0.09108949
vn 0.6531611 -0.7418725 0.1516767
vn 0.5900507 -0.7921361 0.1560788
vn 0.6959642 -0.6995491 0.162064
vn 0.6782568 -0.7121465 0.1811494
vn 0.6396142 -0.7490953 0.1724812
vn 0.5835935 -0.7927432 0.1760025
vn 0.5239939 -0.8376393 0.1542427
vn 0.466793 -0.8778216 0.1073945
vn 0.5274865 -0.8314732 0.1743857
vn 0.4808679 -0.8683853 0.1211323
vn 0.6262445 -0.7566189 0.1880046
vn 0.5823085 -0.7902238 0.1909537
vn 0.6559089 -0.7292506 0.194877
vn 0.6319021 -0.7473723 0.2052666
vn 0.6053442 -0.7698026 0.2023915
vn 0.5688586 -0.7968158 0.2036775
vn 0.5357326 -0.8227763 0.1898152
vn 0.497122 -0.8572974 0.1338318
vn 0.5358695 -0.8195474 0.2029432
vn 0.512648 -0.8463209 0.1446822
vn 0.5764699 -0.7897006 0.2098936
vn 0.5582397 -0.8027384 0.2097128
vn 0.5892931 -0.7801611 0.2099578
vn 0.5542834 -0.8041359 0.2147917
vn 0.5535686 -0.80492 0.2136952
vn 0.5547647 -0.8042348 0.2131726
vn 0.5413131 -0.8144824 0.2088027
vn 0.531722 -0.8332907 0.1513221
vn 0.5537029 -0.8050196 0.2129707
vn 0.5576038 -0.8153873 0.1556327
vn 0.5281383 -0.8227257 0.2102198
vn 0.544565 -0.8119397 0.2102449
vn 0.5142307 -0.8311605 0.2115159
vn 0.4011875 -0.8925014 0.2061304
vn 0.4174198 -0.8853497 0.2047354
vn 0.4411063 -0.8735599 0.2057142
vn 0.5600353 -0.8012271 0.2107026
vn 0.5833275 -0.7976131 0.1534349
vn 0.4692322 -0.8586814 0.2061246
vn 0.5060127 -0.8487812 0.1533679
vn 0.3111842 -0.9302428 0.1944549
vn 0.3481598 -0.9167787 0.1957079
vn 0.2855384 -0.9382914 0.1951333
vn 0.1255469 -0.9754785 0.1807751
vn 0.1466935 -0.9725561 0.1805984
vn 0.1776385 -0.9670638 0.1822969
vn 0.3946829 -0.8977004 0.1958554
vn 0.4378688 -0.8864089 0.1501674
vn 0.2063888 -0.9612647 0.1826847
vn 0.2411222 -0.9591391 0.1480276
vn -0.0262668 -0.986271 0.1630327
vn -0.00315514 -0.9863409 0.1646868
vn -0.04184966 -0.9857402 0.162987
vn -0.188805 -0.9708701 0.1475257
vn -0.179021 -0.9726999 0.1476699
vn -0.1643926 -0.9750882 0.1489227
vn 0.02321017 -0.985774 0.1664655
vn 0.04995744 -0.9887688 0.1408563
vn -0.1476436 -0.9775517 0.1503132
vn -0.1325336 -0.9820135 0.134478
vn -0.3313678 -0.9343622 0.1310061
vn -0.325694 -0.9362781 0.1315551
vn -0.3351805 -0.9330114 0.1309339
vn -0.4665532 -0.8766968 0.1171789
vn -0.3192075 -0.9384222 0.1321757
vn -0.3130571 -0.9413381 0.1260076
vn -0.4670488 -0.8764302 0.1171984
vn -0.4680071 -0.8757776 0.11825
vn -0.5941921 -0.7977723 0.1024454
vn -0.5996438 -0.7937704 0.1017631
vn -0.5904976 -0.8004925 0.1025879
vn -0.5384921 -0.8355299 0.1091609
vn -0.5370518 -0.8364523 0.1091919
vn -0.5349579 -0.8377707 0.1093625
vn -0.6057894 -0.7891905 0.1009828
vn -0.6113974 -0.7838567 0.1084516
vn -0.5325276 -0.839292 0.1095592
vn -0.528413 -0.8411657 0.1149782
vn -0.4735276 -0.8734756 0.1131898
vn -0.4625973 -0.8792174 0.1139315
vn -0.4808036 -0.8694953 0.113163
vn -0.175426 -0.9772657 0.1190693
vn -0.1532299 -0.9808501 0.1202234
vn -0.1213108 -0.9852812 0.120435
vn -0.4499589 -0.8856449 0.1147616
vn -0.4371993 -0.8915413 0.1183676
vn -0.08669008 -0.9889176 0.1205273
vn -0.05868691 -0.9913112 0.1177198
vn 0.1698907 -0.9794725 0.1084936
vn 0.219829 -0.969705 0.1065243
vn 0.1341586 -0.985117 0.1074522
vn 0.241232 -0.96592 0.09383944
vn 0.2695747 -0.9583319 0.09449559
vn 0.3083555 -0.9467787 0.09234159
vn 0.2723205 -0.9565559 0.1041262
vn 0.320171 -0.9424729 0.09610035
vn 0.3483108 -0.9330553 0.08992945
vn 0.3857185 -0.9186577 0.0853779
vn 0.3708508 -0.9252 0.08046568
vn 0.3992687 -0.9134696 0.07847162
vn 0.349588 -0.933484 0.07997354
vn 0.3040665 -0.9495686 0.07657091
vn 0.3178774 -0.9450031 0.07696233
vn 0.336345 -0.9386863 0.07576358
vn 0.4276211 -0.9007254 0.07637937
vn 0.4523116 -0.8886898 0.07513037
vn 0.3548209 -0.9319593 0.07452543
vn 0.3721743 -0.9249063 0.07768308
vn 0.2691083 -0.960034 0.07691215
vn 0.2771847 -0.9577711 0.07643981
vn 0.2630133 -0.9617414 0.07666414
vn 0.177417 -0.9809283 0.07939006
vn 0.1802677 -0.9803972 0.07953001
vn 0.1840566 -0.979708 0.07934347
vn 0.2851787 -0.9554592 0.0759652
vn 0.2919159 -0.95292 0.08202711
vn 0.1878202 -0.9790086 0.07915748
vn 0.1913895 -0.9776348 0.08717882
vn 0.09216205 -0.992252 0.08331934
vn 0.09145609 -0.9923151 0.08334669
vn 0.09269947 -0.9922001 0.08334176
vn -0.09276723 -0.991756 0.08839869
vn -0.0919984 -0.9918259 0.08841728
vn -0.09100599 -0.991919 0.08840004
vn 0.09076494 -0.9923763 0.08337288
vn 0.08993296 -0.9916403 0.09252841
vn -0.0900518 -0.9920076 0.08838278
vn -0.08958659 -0.9911085 0.09837807
vn -0.2738742 -0.9575385 0.09007157
vn -0.2712515 -0.9582848 0.09007129
vn -0.2758977 -0.9569675 0.08996437
vn -0.3496818 -0.9326181 0.089141
vn -0.3443679 -0.9346082 0.08898471
vn -0.3378046 -0.9369817 0.08918171
vn -0.2687094 -0.9590008 0.09007123
vn -0.26663 -0.95854 0.1005462
vn -0.3325207 -0.9388652 0.08923109
vn -0.3284418 -0.9392113 0.100041
vn -0.4123147 -0.9068834 0.0869432
vn -0.4041094 -0.9105287 0.08736713
vn -0.418621 -0.9039506 0.08734933
vn -0.2136535 -0.9728841 0.08859246
vn -0.2095003 -0.9738033 0.08841322
vn -0.2037809 -0.9750031 0.08855619
vn -0.3961865 -0.91399 0.08751368
vn -0.3895994 -0.9156878 0.09863114
vn -0.1971766 -0.9763598 0.08856055
vn -0.1918966 -0.9762545 0.1005129
vn 0.001573405 -0.9962799 0.08616213
vn 0.006574199 -0.9962658 0.08608918
vn -0.00230474 -0.9962886 0.08604522
vn 0.04774414 -0.9952585 0.08474118
vn 0.05065852 -0.9951062 0.08483693
vn 0.05442482 -0.9949126 0.08477534
vn 0.01137902 -0.9962287 0.08601729
vn 0.01456654 -0.9950303 0.09850153
vn 0.05805243 -0.9947127 0.08471528
vn 0.06024986 -0.9933775 0.09783226
vn 0.1002573 -0.9914541 0.08346994
vn 0.1027608 -0.9912013 0.08342712
vn 0.0983244 -0.9916544 0.08339004
vn 0.02755218 -0.9961056 0.08375355
vn 0.02909824 -0.9960544 0.08383873
vn 0.03111257 -0.9959949 0.08382189
vn 0.1051773 -0.9909515 0.08338423
vn 0.1061327 -0.9895686 0.0974163
vn 0.03306825 -0.9959334 0.08380524
vn 0.03365544 -0.9944966 0.09921648
vn -0.04194802 -0.9955937 0.08386689
vn -0.04045155 -0.9956555 0.08386728
vn -0.04309602 -0.9955517 0.0837826
vn -0.09515083 -0.9919764 0.08324151
vn -0.09436547 -0.9920491 0.08326893
vn -0.09326774 -0.9921539 0.0832568
vn -0.03898914 -0.9957138 0.08386814
vn -0.03881415 -0.9941151 0.101137
vn -0.09219643 -0.9922518 0.08328472
vn -0.09203211 -0.9904818 0.1023522
vn -0.1460118 -0.9858308 0.08257151
vn -0.1454633 -0.9859147 0.08253863
vn -0.1878891 -0.9787866 0.08169688
vn -0.1874527 -0.9788738 0.08165453
vn -0.1869409 -0.9789726 0.0816443
vn -0.144923 -0.9859902 0.0825877
vn -0.1449135 -0.9840482 0.1031955
vn -0.186432 -0.979067 0.08167519
vn -0.1858219 -0.9771166 0.1035057
vn -0.2285485 -0.9701954 0.08053883
vn -0.2279393 -0.9703375 0.08055371
vn -0.2290058 -0.9700835 0.08058749
vn -0.3792986 -0.9221842 0.07555705
vn -0.3778887 -0.9227735 0.07542644
vn -0.3759916 -0.9235421 0.0754998
vn -0.22733 -0.9704792 0.08056829
vn -0.2264111 -0.9686053 0.1026735
vn -0.3740869 -0.9243093 0.07557347
vn -0.3713633 -0.9232621 0.09836803
vn -0.5173653 -0.8530788 0.06774672
vn -0.5143942 -0.8548608 0.06790848
vn -0.5195699 -0.851723 0.06793331
vn -0.7766889 -0.6280997 0.04738228
vn -0.775157 -0.63 0.04723885
vn -0.773074 -0.6325383 0.04745399
vn -0.5114033 -0.8566406 0.06807037
vn -0.507434 -0.856882 0.0909061
vn -0.7709526 -0.6351059 0.04767101
vn -0.7678817 -0.6368527 0.0691112
vn -0.9425719 -0.3333209 0.02134342
vn -0.9415236 -0.3362558 0.02157419
vn -0.943332 -0.3311577 0.02143511
vn -0.985442 -0.1698015 0.008459739
vn -0.9852921 -0.1706704 0.008430102
vn -0.985086 -0.1718516 0.008518985
vn -0.9404407 -0.3392577 0.02180994
vn -0.9387116 -0.3424174 0.03963478
vn -0.9848742 -0.1730569 0.008609769
vn -0.9843837 -0.1744045 0.02391421
vn -0.9999904 -0.002224845 -0.003780379
vn -0.9999915 -0.001492532 -0.003829123
vn -0.9999889 -0.00275972 -0.003816464
vn -0.9999834 0.004192068 -0.003948251
vn -0.9999809 0.004798795 -0.003902935
vn -0.9999763 0.005631626 -0.003952548
vn -0.9999922 -0.0007358459 -0.003879403
vn -0.9999649 -0.0005582317 0.00835991
vn -0.9999709 0.006494581 -0.004004004
vn -0.9999421 0.006772771 0.008366635
vn -0.9999216 0.01187277 -0.003966419
vn -0.9999099 0.01280824 -0.004015419
vn -0.9999292 0.01119294 -0.004022096
vn -0.9997308 -0.02310666 -0.002117423
vn -0.9997335 -0.02298886 -0.002103597
vn -0.9998968 0.01377975 -0.004066512
vn -0.9998645 0.01413322 0.008443051
vn -0.9996697 -0.02315747 0.01114247
vn -0.9983048 -0.05819864 -0.0006523237
vn -0.9982684 -0.0588192 -0.0006291353
vn -0.9983309 -0.05775013 -0.0006193289
vn -0.9906803 -0.1361993 0.001540542
vn -0.9904004 -0.138221 0.001439669
vn -0.990005 -0.1410239 0.001521408
vn -0.99823 -0.05946778 -0.0006047552
vn -0.9980722 -0.06064725 0.01318086
vn -0.9895802 -0.1439742 0.001607512
vn -0.9889364 -0.1474975 0.01579079
vn -0.9758527 -0.2184107 0.002884257
vn -0.974727 -0.2233789 0.003006662
vn -0.9766448 -0.2148386 0.00306353
vn -0.9567183 -0.2909957 0.003421318
vn -0.9552286 -0.2958513 0.003214173
vn -0.9531173 -0.3025827 0.00334122
vn -0.9735126 -0.2286118 0.003135459
vn -0.9721019 -0.233908 0.01746069
vn -0.9508442 -0.30965 0.003474583
vn -0.948356 -0.3167225 0.01754277
vn -0.9281067 -0.3722993 0.003351531
vn -0.9246939 -0.3806954 0.003478622
vn -0.9305151 -0.366236 0.003588393
vn -0.9381576 -0.3462025 0.002045668
vn -0.936367 -0.3510175 0.00185702
vn -0.933846 -0.35767 0.001933173
vn -0.9210238 -0.3894897 0.003611692
vn -0.9173419 -0.3977132 0.01755175
vn -0.9311601 -0.364605 0.002012806
vn -0.9285772 -0.3707878 0.01614828
vn -0.9444508 -0.3286518 0.0008716077
vn -0.942763 -0.3334623 0.0009134173
vn -0.9456665 -0.3251368 0.001001473
vn -0.9666677 -0.2560342 -7.851655E-05
vn -0.9660825 -0.2582338 -0.0001602555
vn -0.9652723 -0.2612457 -0.0001398848
vn -0.9409922 -0.3384267 0.0009567752
vn -0.9392355 -0.34293 0.01535019
vn -0.964427 -0.2643493 -0.0001189341
vn -0.9636156 -0.2668964 0.0145366
vn -0.982653 -0.1854517 -0.0008066162
vn -0.9824479 -0.1865355 -0.0008008804
vn -0.9828038 -0.1846513 -0.0007780862
vn -0.9962862 -0.08609361 -0.001286512
vn -0.9962354 -0.08667936 -0.001293536
vn -0.9822378 -0.1876385 -0.0007949785
vn -0.9819568 -0.1885887 0.01396579
vn -0.996205 -0.08702822 -0.001291802
vn -0.9961002 -0.08721654 0.01332891
vn -0.9999005 0.01401346 -0.001634557
vn -0.9999049 0.0136934 -0.001646539
vn -0.9936695 0.1123276 -0.001858864
vn -0.993635 0.1126326 -0.001845312
vn -0.9935887 0.1130395 -0.001846647
vn -0.9998881 0.01487015 -0.001637361
vn -0.9998037 0.01526806 0.01262897
vn -0.9934303 0.1138208 0.01187956
vn -0.9776686 0.2101429 -0.002030763
vn -0.9775864 0.2105246 -0.002031853
vn -0.97773 0.209857 -0.002045501
vn -0.9723727 0.2334251 -0.002036042
vn -0.9723138 0.2336703 -0.002021037
vn -0.9773715 0.2112445 0.01098777
vn -0.9721558 0.2343266 -0.002022157
vn -0.9720309 0.2346035 0.01081707
vn -0.9893292 0.1452124 0.0118812
vn -0.9661373 0.2578097 0.01062953
vn -0.9662546 0.2575811 -0.002010332
vn -0.9894298 0.1450024 -0.001706891
vn -0.9663271 0.2573092 -0.002009721
vn -0.989466 0.1447552 -0.001706085
vn -0.9895023 0.1445071 -0.001705359
vn -0.9664542 0.2568309 -0.002024431
vn -0.9895294 0.1443211 -0.001720372
vn -0.9926016 -0.1205764 0.01426412
vn -0.9994434 0.03069646 0.01306043
vn -0.9995341 0.03049187 -0.001382966
vn -0.9926792 -0.1207775 -0.0009491798
vn -0.9926313 -0.1211701 -0.0009477127
vn -0.9995522 0.02989179 -0.001395932
vn -0.9629642 -0.2696286 -0.0004916787
vn -0.9630119 -0.2694587 -0.0004922054
vn -0.9629285 -0.2697562 -0.0005064971
vn -0.9686505 -0.248427 -0.0005064486
vn -0.962995 -0.2690927 0.01515539
vn -0.968626 -0.2485224 -0.0005113543
vn -0.9685022 -0.2485355 0.01528492
vn -0.9738336 -0.2272616 -0.0006564858
vn -0.973777 -0.2275037 -0.0006556151
vn -0.9925687 -0.1216811 -0.001000519
vn -0.9925165 -0.1221064 -0.001069127
vn -0.9924464 -0.1226746 -0.001067823
vn -0.9735582 -0.2279303 0.01524039
vn -0.9923757 -0.1232445 -0.001066487
vn -0.9921978 -0.1237684 0.01499514
vn -0.9998749 -0.01572031 -0.001726253
vn -0.9998605 -0.01661694 -0.001724971
vn -0.9998854 -0.01504951 -0.001615304
vn -0.9999962 0.001310958 -0.002414455
vn -0.9999974 -9.900742E-05 -0.0023006
vn -0.9999954 -0.001993912 -0.00230015
vn -0.9998451 -0.01751667 -0.00172372
vn -0.9997294 -0.01831091 0.01434412
vn -0.9999897 -0.003905355 -0.002299836
vn -0.999887 -0.005354248 0.01404834
vn -0.9998581 0.01646366 -0.003561739
vn -0.9999014 0.01357885 -0.003566726
vn -0.9998193 0.01860837 -0.00389703
vn -0.9970073 -0.07705441 -0.006241717
vn -0.9966249 -0.08189721 -0.005627733
vn -0.9960622 -0.08847658 -0.00565733
vn -0.9999368 0.0106646 -0.003571908
vn -0.9998808 0.008052561 0.01317722
vn -0.9954423 -0.0951956 -0.005687341
vn -0.9948475 -0.1006975 0.01176671
vn -0.9840443 -0.1776734 -0.009434814
vn -0.9821677 -0.1877657 -0.009514603
vn -0.985348 -0.1702443 -0.01030537
vn -0.9718863 -0.2349411 -0.01547944
vn -0.9696479 -0.2440849 -0.01433994
vn -0.9664292 -0.2565241 -0.01449216
vn -0.9801368 -0.1980907 -0.009595106
vn -0.9782283 -0.2073181 0.009414103
vn -0.9629548 -0.2692647 -0.01464602
vn -0.9598872 -0.2803075 0.006650359
vn -0.951102 -0.3081536 -0.02112739
vn -0.9462433 -0.3227482 -0.02138127
vn -0.9544827 -0.2974154 -0.0225102
vn -0.961105 -0.2747082 -0.02850659
vn -0.9582576 -0.2846229 -0.02705936
vn -0.9541429 -0.2980959 -0.02738903
vn -0.9410068 -0.3376953 -0.02163735
vn -0.9363333 -0.351098 0.003172575
vn -0.9497098 -0.3119019 -0.02772267
vn -0.9458889 -0.32449 0.0006239846
vn -0.9646093 -0.2615181 -0.03372075
vn -0.9611639 -0.2738594 -0.03413296
vn -0.9669721 -0.2524361 -0.03522725
vn -0.9748316 -0.2191626 -0.0408796
vn -0.9728581 -0.2279983 -0.03954632
vn -0.9699383 -0.2400304 -0.04006367
vn -0.957454 -0.2865101 -0.03455118
vn -0.954576 -0.2979609 -0.002018163
vn -0.9667728 -0.2523941 -0.0405907
vn -0.9645967 -0.2636938 -0.004326594
vn -0.9798943 -0.1944325 -0.0447547
vn -0.9774723 -0.2061284 -0.04537614
vn -0.9815027 -0.1858615 -0.04591416
vn -0.9921849 -0.1154781 -0.04726432
vn -0.9911834 -0.1240634 -0.04651675
vn -0.9895969 -0.1358757 -0.04728421
vn -0.9748241 -0.2181765 -0.04601124
vn -0.9733604 -0.2291944 -0.006284541
vn -0.9877955 -0.1481513 -0.04807614
vn -0.9871935 -0.1593886 -0.006650775
vn -0.9975192 -0.05314344 -0.04616437
vn -0.9967768 -0.06497002 -0.04706401
vn -0.9979216 -0.0446079 -0.04650433
vn -0.9987917 0.02123174 -0.04432021
vn -0.9989295 0.01350327 -0.04424345
vn -0.9989751 0.002722427 -0.04518145
vn -0.9958467 -0.07736451 -0.04800044
vn -0.9960353 -0.08873463 -0.00632283
vn -0.9988962 -0.008666852 -0.04616686
vn -0.9998006 -0.01927091 -0.005221854
vn -0.9960008 0.07953852 -0.04069395
vn -0.9966875 0.06986102 -0.04163532
vn -0.9954337 0.08642485 -0.04052815
vn -0.9980209 0.04155874 -0.04719131
vn -0.9982743 0.03466387 -0.04740013
vn -0.9985152 0.02503995 -0.04837758
vn -0.9973148 0.05954479 -0.04263373
vn -0.9987416 0.05001269 -0.003743218
vn -0.9986682 0.01485771 -0.04940632
vn -0.9999573 0.005349583 -0.007544777
vn -0.9984924 -0.01028799 -0.05391708
vn -0.998293 -0.01987265 -0.05491894
vn -0.9985529 -0.003383546 -0.0536723
vn -0.9983264 0.02470329 -0.05228961
vn -0.9984297 0.01962244 -0.05247104
vn -0.9985017 0.01261613 -0.05324696
vn -0.9979837 -0.02994 -0.05596594
vn -0.9991624 -0.03927264 -0.01149479
vn -0.998524 0.005301425 -0.05405426
vn -0.9999406 -0.001705101 -0.01076238
vn -0.9975558 0.04828648 -0.0505067
vn -0.997737 0.04377833 -0.05103325
vn -0.9973959 0.05158258 -0.05040481
vn -0.9947751 0.09084626 -0.04657678
vn -0.9949694 0.08865736 -0.04664662
vn -0.9952134 0.08567457 -0.04701204
vn -0.9979022 0.03913153 -0.05157497
vn -0.9993445 0.03500294 -0.009244815
vn -0.9954548 0.08260829 -0.04738715
vn -0.9967883 0.07976305 -0.00713282
vn -0.9908534 0.1281486 -0.04227752
vn -0.9910368 0.1266585 -0.04246881
vn -0.9907119 0.1292479 -0.04224888
vn -0.9649289 -0.2472516 -0.08819801
vn -0.9639196 -0.251106 -0.0883444
vn -0.9624963 -0.2563127 -0.08890815
vn -0.9912215 0.1251386 -0.04266366
vn -0.9922768 0.1239659 -0.004374411
vn -0.9610145 -0.2616186 -0.08948065
vn -0.9633477 -0.267404 -0.02135766
vn -0.7966855 -0.5919172 -0.1221734
vn -0.7910568 -0.5992963 -0.1227723
vn -0.8007527 -0.5864156 -0.1221144
vn -0.2517292 -0.957845 -0.138439
vn -0.2463709 -0.9592375 -0.1384373
vn -0.2391057 -0.9611024 -0.1382409
vn -0.7852417 -0.6067739 -0.1233726
vn -0.7858876 -0.6174346 -0.03398929
vn -0.2317432 -0.9629338 -0.1380341
vn -0.2271077 -0.9730005 -0.04113455
vn 0.1216619 0.9923642 0.02029276
vn 0.1210926 0.9924338 0.02028835
vn 0.1220923 0.9917189 0.03983813
vn 0.212972 0.9762546 0.03962116
vn 0.2104133 0.9773997 0.02039988
vn 0.2077325 0.9779732 0.02038399
vn 0.1205245 0.9925031 0.02028395
vn 0.1200989 0.9925534 0.02034573
vn 0.2050545 0.9785386 0.02036845
vn 0.2030468 0.9789508 0.02067447
vn 0.298506 0.9542219 0.01883281
vn 0.2938154 0.955677 0.01881461
vn 0.3025118 0.9524043 0.037586
vn 0.2429793 0.9693792 0.03556618
vn 0.2385713 0.9709887 0.01626736
vn 0.2334527 0.9722325 0.01624515
vn 0.2891254 0.9571066 0.01879635
vn 0.2856058 0.9581518 0.01935111
vn 0.2283439 0.9734454 0.01622248
vn 0.2245152 0.9743252 0.01682831
vn 0.1778853 0.9839612 0.01331597
vn 0.1723458 0.9849468 0.01329202
vn 0.1827311 0.9826049 0.033119
vn 0.0830061 0.9960865 0.0303579
vn 0.08006757 0.9967347 0.010451
vn 0.07647216 0.9970171 0.01043565
vn 0.1668247 0.9858973 0.01326765
vn 0.1626929 0.9865785 0.01392321
vn 0.07289118 0.9972855 0.0104197
vn 0.07021329 0.9974729 0.01086107
vn -0.01954545 0.99977 0.008820268
vn -0.02112842 0.9997379 0.008815175
vn -0.01813106 0.9994278 0.02855455
vn -0.08654533 0.9958655 0.02760289
vn -0.08573946 0.9962851 0.008046509
vn -0.08508101 0.9963415 0.008050138
vn -0.02270447 0.9997034 0.008809121
vn -0.0238828 0.999674 0.009033495
vn -0.08441851 0.9963979 0.008053469
vn -0.08391993 0.9964412 0.007902208
vn -0.1526645 0.9882321 0.009529087
vn -0.1497924 0.9886714 0.00954339
vn -0.1551565 0.9874728 0.02870469
vn -0.1832784 0.9825799 0.03075332
vn -0.1794924 0.983689 0.0117701
vn -0.1752972 0.9844449 0.01179368
vn -0.1469172 0.9891027 0.009557479
vn -0.1447595 0.9894257 0.009031543
vn -0.1710878 0.9851849 0.01181684
vn -0.167924 0.9857379 0.01105684
vn -0.20684 0.9782531 0.01542982
vn -0.2013456 0.9793981 0.01546996
vn -0.2116046 0.9767557 0.0342317
vn -0.221794 0.9743455 0.03818646
vn -0.2157497 0.9762546 0.01946878
vn -0.2089357 0.9777343 0.01953001
vn -0.1958219 0.9805169 0.01550832
vn -0.191664 0.9813532 0.01451807
vn -0.2020737 0.9791744 0.0195908
vn -0.1969008 0.980248 0.0185442
vn -0.2252929 0.9739974 0.02392227
vn -0.2171737 0.9758376 0.0240106
vn -0.2323184 0.9717039 0.04265826
vn -0.2306328 0.9718869 0.04737512
vn -0.2235702 0.97427 0.02853691
vn -0.2153903 0.9761079 0.02864134
vn -0.2089854 0.9776218 0.0240985
vn -0.2028058 0.9789488 0.02299962
vn -0.2071374 0.9778895 0.02874502
vn -0.2009072 0.9792193 0.02767261
vn -0.2218712 0.9745153 0.03306128
vn -0.2136316 0.9763505 0.03318238
vn -0.2289676 0.972036 0.05215118
vn -0.2198977 0.973855 0.05702224
vn -0.2141461 0.9760782 0.03758692
vn -0.2072543 0.9775604 0.03769953
vn -0.2053157 0.978129 0.03330282
vn -0.1990376 0.9794608 0.03225844
vn -0.2003042 0.9790038 0.03781115
vn -0.1950622 0.9800982 0.03685348
vn -0.2057352 0.9777241 0.0415761
vn -0.2001873 0.9788709 0.04167646
vn -0.2104431 0.9756701 0.06149397
vn -0.2034865 0.9768717 0.06568797
vn -0.2000505 0.9787406 0.04524146
vn -0.1957729 0.9796013 0.04532558
vn -0.1945997 0.9799927 0.04177663
vn -0.1903916 0.9808558 0.04090345
vn -0.1914688 0.9804477 0.04540974
vn -0.1882306 0.9811056 0.04473447
vn -0.1937354 0.9798947 0.04767584
vn -0.1907242 0.9804822 0.04773886
vn -0.1961877 0.9781532 0.06875148
vn -0.1801929 0.9810262 0.07154148
vn -0.1794767 0.9825013 0.04979222
vn -0.1782118 0.9827302 0.04981896
vn -0.1877 0.9810625 0.04780198
vn -0.1854286 0.9815177 0.04732059
vn -0.1769411 0.9829584 0.04984567
vn -0.1759868 0.9831403 0.04963626
vn -0.1643196 0.9851325 0.0501306
vn -0.1648074 0.9850515 0.05012081
vn -0.1636946 0.9838379 0.07257476
vn -0.0880158 0.9933637 0.07403886
vn -0.09102322 0.9945436 0.05096826
vn -0.09398717 0.9942704 0.05091861
vn -0.1652952 0.9849703 0.05011053
vn -0.1656608 0.9849057 0.05017228
vn -0.09694255 0.9939892 0.05086833
vn -0.09915299 0.9937561 0.05116111
vn -0.01598453 0.9986227 0.04997288
vn -0.02144801 0.9985237 0.04990533
vn -0.01112119 0.9972495 0.07327823
vn 0.1415044 0.9873615 0.07137097
vn 0.1354927 0.989585 0.04861251
vn 0.127547 0.9906422 0.04857681
vn -0.02689411 0.9983953 0.04983609
vn -0.0309666 0.9982502 0.05037371
vn 0.1196053 0.9916343 0.04853774
vn 0.1136588 0.9923443 0.0483161
vn 0.2800436 0.958931 0.04502058
vn 0.2698895 0.9618368 0.04505105
vn 0.2887295 0.9551181 0.06621768
vn 0.332126 0.9412419 0.06128649
vn 0.3234397 0.9453636 0.04092042
vn 0.3132693 0.9487801 0.04097236
vn 0.2597133 0.9646332 0.04507621
vn 0.2520788 0.9667002 0.04412423
vn 0.3030556 0.9520897 0.04101912
vn 0.2953815 0.95454 0.04003898
vn 0.3661004 0.9298597 0.03648849
vn 0.3559316 0.9337967 0.03655737
vn 0.3747922 0.9254284 0.05579564
vn 0.302427 0.9517238 0.05253335
vn 0.2944759 0.9550982 0.03273317
vn 0.2853974 0.957849 0.03276616
vn 0.3457001 0.9376302 0.03662182
vn 0.3380011 0.9404716 0.03561299
vn 0.2762844 0.9605162 0.03279633
vn 0.2694364 0.9624916 0.03184274
vn 0.2218217 0.9746476 0.02927726
vn 0.2139545 0.9764045 0.02928532
vn 0.228636 0.9722444 0.04966354
vn 0.1443732 0.9884246 0.04661787
vn 0.1377742 0.9901253 0.02588761
vn 0.1311314 0.9910271 0.02588011
vn 0.2060745 0.9780978 0.02929144
vn 0.2001614 0.979351 0.02840591
vn 0.1244857 0.9918841 0.02587129
vn 0.1195025 0.9925013 0.02569566
vn 0.05605319 0.9981554 0.02332114
vn 0.05071381 0.9984413 0.02330485
vn 0.06075264 0.9971604 0.04449962
vn -0.08418241 0.9955285 0.04285264
vn -0.08689135 0.9960026 0.02070967
vn -0.09020334 0.9957084 0.02069073
vn 0.04537787 0.9986984 0.02328819
vn 0.04137867 0.9988593 0.02382838
vn -0.09350922 0.9954038 0.02067167
vn -0.0959845 0.9951615 0.02098809
vn -0.2290489 0.9732291 0.01902012
vn -0.2303144 0.9729306 0.01901016
vn -0.2277745 0.9728231 0.04164135
vn -0.4366645 0.8988135 0.03818828
vn -0.4360673 0.899763 0.01648194
vn -0.4353684 0.9001013 0.01649378
vn -0.2315764 0.9726312 0.01900065
vn -0.2325215 0.9724038 0.01909579
vn -0.4346609 0.9004429 0.01650536
vn -0.4341258 0.9007021 0.01644561
vn -0.622842 0.7822199 0.01413979
vn -0.6206123 0.7839892 0.01418905
vn -0.6244917 0.7803165 0.03340891
vn -0.7171868 0.6962375 0.02994065
vn -0.7155555 0.6984384 0.01280983
vn -0.7134016 0.7006372 0.01287182
vn -0.6183642 0.7857627 0.01423724
vn -0.6166683 0.7870979 0.01403865
vn -0.7112194 0.7028511 0.01293336
vn -0.7095692 0.7045218 0.0126765
vn -0.7971601 0.6036553 0.01166192
vn -0.7951576 0.6062891 0.01174027
vn -0.7986649 0.6012061 0.02618179
vn -0.8351598 0.5494696 0.02431612
vn -0.833836 0.5518941 0.01142073
vn -0.832064 0.5545602 0.01150764
vn -0.7931228 0.6089469 0.01182
vn -0.7915779 0.6109598 0.01151188
vn -0.8302601 0.5572554 0.01159595
vn -0.8288894 0.5592985 0.01129136
vn -0.867126 0.4979639 0.01115094
vn -0.8655825 0.50064 0.01124812
vn -0.868282 0.4955781 0.02210713
vn -0.9018084 0.4316997 0.01941375
vn -0.9009479 0.4338124 0.009984345
vn -0.8997634 0.4362617 0.01008185
vn -0.8640061 0.5033535 0.01134598
vn -0.8628067 0.5054133 0.01104637
vn -0.8985513 0.4387504 0.01018053
vn -0.8976274 0.4406431 0.009939236
vn -0.9299641 0.3675538 0.008421822
vn -0.9290969 0.3697383 0.008518366
vn -0.9306034 0.3656573 0.01649203
vn -0.9689134 0.2471088 0.01200925
vn -0.9688539 0.2476084 0.003509358
vn -0.9686527 0.2483938 0.003545933
vn -0.9282061 0.3719667 0.008615187
vn -0.9275252 0.3736654 0.008432238
vn -0.9684468 0.2491947 0.003581531
vn -0.9682896 0.2498057 0.003515745
vn -0.9922208 0.124468 -0.002384613
vn -0.9923088 0.1237634 -0.002421134
vn -0.992126 0.1249948 0.007890132
vn -0.99999 0.0003874885 0.004461804
vn -0.9999469 -0.002254168 -0.01006034
vn -0.9999346 -0.00513186 -0.01022524
vn -0.9923988 0.1230388 -0.002458222
vn -0.9924673 0.1224862 -0.0024143
vn -0.9999132 -0.008092509 -0.01039279
vn -0.9998943 -0.01036088 -0.01019606
vn -0.9916083 -0.1278814 -0.0189529
vn -0.9909486 -0.1328541 -0.01925453
vn -0.9923218 -0.123683 -9.258505E-05
vn -0.9878142 -0.1556252 -0.001939401
vn -0.9867901 -0.1603068 -0.02338973
vn -0.9858757 -0.1657854 -0.02375425
vn -0.990244 -0.1379637 -0.01956368
vn -0.9896963 -0.1418857 -0.01922767
vn -0.9849042 -0.1714105 -0.024128
vn -0.9841522 -0.1757259 -0.02376597
vn -0.980933 -0.192287 -0.02821685
vn -0.9797305 -0.1982612 -0.02864652
vn -0.9823103 -0.187195 -0.004945467
vn -0.9879731 -0.1545302 -0.005441011
vn -0.9868547 -0.1591125 -0.02830429
vn -0.9859499 -0.1645514 -0.02873119
vn -0.9784585 -0.2043844 -0.02908827
vn -0.9774777 -0.2090772 -0.02870418
vn -0.9849913 -0.1701216 -0.02916769
vn -0.9842536 -0.1743889 -0.02886682
vn -0.9916328 -0.1260439 -0.02788055
vn -0.9909857 -0.1309455 -0.02829353
vn -0.9925348 -0.1218261 -0.005741343
vn -0.9892432 -0.1460021 -0.0090159
vn -0.9880881 -0.1504897 -0.03216773
vn -0.9872676 -0.1556859 -0.03262906
vn -0.9902983 -0.1359582 -0.02871544
vn -0.9897708 -0.1397922 -0.02849279
vn -0.9863999 -0.1609959 -0.03309934
vn -0.9857354 -0.165052 -0.03291644
vn -0.9839507 -0.1746872 -0.03640746
vn -0.9829429 -0.1801682 -0.03691491
vn -0.9853677 -0.1699782 -0.01256872
vn -0.9576864 -0.2869556 -0.02221205
vn -0.9548423 -0.2928977 -0.04987186
vn -0.9526566 -0.2998213 -0.05052229
vn -0.9818809 -0.1857656 -0.03743107
vn -0.9810681 -0.19004 -0.03728556
vn -0.9503737 -0.3068715 -0.05118363
vn -0.9486275 -0.3122508 -0.05104192
vn -0.9117285 -0.405917 -0.06310694
vn -0.908012 -0.4140463 -0.06387351
vn -0.9162252 -0.399444 -0.03123922
vn -0.8646151 -0.5009407 -0.03872047
vn -0.8577821 -0.5083708 -0.07595407
vn -0.8519949 -0.5178789 -0.0768516
vn -0.904146 -0.4223035 -0.06465065
vn -0.9011916 -0.4285945 -0.06450106
vn -0.8459883 -0.5275015 -0.07775518
vn -0.8413969 -0.5348195 -0.07758445
vn -0.7928334 -0.6030033 -0.08832997
vn -0.7846344 -0.6134924 -0.08930872
vn -0.8019258 -0.5957692 -0.04442975
vn -0.7369522 -0.6742247 -0.04819167
vn -0.7243003 -0.6822397 -0.09969035
vn -0.7128392 -0.6940501 -0.1007707
vn -0.7761464 -0.624055 -0.09028865
vn -0.7696559 -0.6320736 -0.09007028
vn -0.7009943 -0.705858 -0.1018409
vn -0.6919358 -0.7147842 -0.1015302
vn -0.6488909 -0.7527817 -0.1107261
vn -0.6338529 -0.7653257 -0.111835
vn -0.6647142 -0.7452534 -0.05246236
vn -0.5301723 -0.8459296 -0.05762349
vn -0.5116304 -0.8501811 -0.1242032
vn -0.4938758 -0.8605036 -0.1249812
vn -0.6183344 -0.7777611 -0.1129171
vn -0.6064759 -0.7871074 -0.1124677
vn -0.4757726 -0.8705384 -0.1257114
vn -0.4620499 -0.878041 -0.124715
vn -0.3603361 -0.9228994 -0.1357001
vn -0.3401635 -0.9304707 -0.1360626
vn -0.3806309 -0.9225787 -0.06299783
vn -0.2826727 -0.956924 -0.06627613
vn -0.2657957 -0.9532095 -0.1440287
vn -0.2463629 -0.9584078 -0.1440824
vn -0.3198158 -0.9376157 -0.1363625
vn -0.304526 -0.9429154 -0.1348129
vn -0.2268806 -0.9632065 -0.1440782
vn -0.2122742 -0.9664979 -0.1442967
vn -0.158813 -0.975468 -0.1524488
vn -0.1403803 -0.9783323 -0.1521815
vn -0.1767002 -0.9817703 -0.0700292
vn -0.1088861 -0.9912546 -0.07455317
vn -0.09147108 -0.9828314 -0.1602356
vn -0.07301883 -0.9844556 -0.1597357
vn -0.1220277 -0.9808397 -0.1518639
vn -0.1082864 -0.9821451 -0.1538344
vn -0.05471968 -0.9857309 -0.1591865
vn -0.04109079 -0.9860891 -0.1610584
vn -0.02389577 -0.9855332 -0.1677895
vn -0.005536232 -0.9859341 -0.1670425
vn -0.04063191 -0.9960632 -0.07878514
vn 0.04494653 -0.9956359 -0.08178625
vn 0.0610024 -0.9830136 -0.173098
vn 0.07969156 -0.9818692 -0.1719945
vn 0.01259981 -0.9860033 -0.166249
vn 0.02604295 -0.9854419 -0.168006
vn 0.09804793 -0.9804065 -0.1708503
vn 0.111552 -0.9787281 -0.1721847
vn 0.145477 -0.9735444 -0.1762039
vn 0.1643196 -0.9708092 -0.1747243
vn 0.1302322 -0.9879702 -0.08339339
vn 0.1518304 -0.9845615 -0.0870987
vn 0.1658652 -0.9690909 -0.1826242
vn 0.183635 -0.9661715 -0.1810822
vn 0.1827233 -0.9677858 -0.1732133
vn 0.196173 -0.9649892 -0.1741032
vn 0.2009846 -0.9630056 -0.1795145
vn 0.2136615 -0.9601629 -0.1800997
vn 0.1856912 -0.9645751 -0.1873865
vn 0.2024049 -0.9615137 -0.1858054
vn 0.1731199 -0.9807741 -0.09006438
vn 0.09119778 -0.9909824 -0.09816714
vn 0.1023036 -0.974331 -0.2005318
vn 0.1156884 -0.9730513 -0.1994677
vn 0.2187181 -0.9582438 -0.184204
vn 0.2306347 -0.955388 -0.1845029
vn 0.1288373 -0.9716194 -0.1983852
vn 0.1385205 -0.9702131 -0.1987425
vn 0.01655654 -0.9775084 -0.2102459
vn 0.02651897 -0.9774235 -0.2096186
vn 0.007789114 -0.9944279 -0.105131
vn -0.01362801 -0.99394 -0.1090761
vn -0.008356398 -0.9766405 -0.2147173
vn -0.003526064 -0.9767314 -0.2144372
vn 0.03639457 -0.9772433 -0.2089761
vn 0.04373657 -0.9768676 -0.2093244
vn 0.001262017 -0.976799 -0.2141548
vn 0.004824825 -0.9767458 -0.2143464
vn -0.035823 -0.9756135 -0.2165528
vn -0.03610017 -0.9755998 -0.2165681
vn -0.036325 -0.9930475 -0.1119695
vn -0.0001313287 -0.9937086 -0.1119968
vn -0.002494248 -0.9767934 -0.2141692
vn -0.005718913 -0.9767379 -0.2143607
vn -0.03658641 -0.9755824 -0.2165654
vn -0.00895489 -0.9766719 -0.2145503
vn -0.01138828 -0.9767097 -0.2142628
vn 0.02938295 -0.977419 -0.2092575
vn 0.02320439 -0.9774991 -0.2096598
vn 0.03527497 -0.993246 -0.110535
vn 0.05774347 -0.9923681 -0.1089549
vn 0.05037038 -0.9775945 -0.2043816
vn 0.04265337 -0.9778513 -0.2049083
vn 0.01700277 -0.9775417 -0.2100551
vn 0.01233981 -0.9777269 -0.2095181
vn 0.03489556 -0.9780505 -0.2054253
vn 0.02905726 -0.9783716 -0.2048039
vn 0.07060539 -0.9775644 -0.198451
vn 0.06134409 -0.9780555 -0.1991088
vn 0.07976973 -0.9911301 -0.1062917
vn 0.1088872 -0.9887253 -0.1027903
vn 0.09817977 -0.9765074 -0.1918181
vn 0.08731763 -0.9773784 -0.1926321
vn 0.05202322 -0.9784642 -0.1997532
vn 0.04500626 -0.9789551 -0.1990509
vn 0.07636956 -0.9781376 -0.1934285
vn 0.06811909 -0.9788536 -0.192887
vn 0.1249048 -0.9746896 -0.1854159
vn 0.1124455 -0.9760181 -0.1863991
vn 0.1374571 -0.9855818 -0.09866109
vn 0.210032 -0.9733669 -0.09188814
vn 0.1978476 -0.9644855 -0.1749975
vn 0.1866885 -0.9665206 -0.1760264
vn 0.09987187 -0.977201 -0.1873601
vn 0.09039088 -0.9781945 -0.1869896
vn 0.1754245 -0.9684437 -0.1770395
vn 0.1669392 -0.9699833 -0.1768157
vn 0.2703166 -0.9486676 -0.1641911
vn 0.2604986 -0.95123 -0.1652329
vn 0.2816921 -0.9557726 -0.08454725
vn 0.3123455 -0.9466057 -0.07986168
vn 0.3025191 -0.9400682 -0.1573339
vn 0.294871 -0.9423518 -0.1581907
vn 0.2505881 -0.9537095 -0.1662641
vn 0.243133 -0.9556541 -0.1661672
vn 0.2871647 -0.9445858 -0.1590414
vn 0.2813858 -0.9463501 -0.158882
vn 0.3353965 -0.9299639 -0.1505864
vn 0.329899 -0.9318228 -0.1512382
vn 0.3431831 -0.9362724 -0.07496261
vn 0.3216409 -0.943983 -0.07377765
vn 0.3138925 -0.9375033 -0.1501965
vn 0.3082005 -0.9392864 -0.1508425
vn 0.3243772 -0.9336541 -0.1518864
vn 0.3202561 -0.9351144 -0.151648
vn 0.3024838 -0.9410399 -0.1514843
vn 0.2982155 -0.9424446 -0.1512138
vn 0.2921433 -0.9446054 -0.1495758
vn 0.2862563 -0.9463049 -0.1502142
vn 0.2998946 -0.9512017 -0.07265355
vn 0.2017958 -0.9764888 -0.07581674
vn 0.1928257 -0.9687198 -0.1562053
vn 0.1842913 -0.970257 -0.1569648
vn 0.2803453 -0.9479722 -0.1508482
vn 0.2759302 -0.9493149 -0.1505447
vn 0.1757222 -0.9717242 -0.1577144
vn 0.1692956 -0.9729202 -0.15737
vn 0.09015705 -0.9828978 -0.1605728
vn 0.07895902 -0.9837319 -0.1613597
vn 0.1009406 -0.9917948 -0.07844827
vn -0.05128492 -0.9953439 -0.08161049
vn -0.06126053 -0.9843341 -0.1653284
vn -0.07350006 -0.9834028 -0.1658814
vn 0.0677228 -0.984443 -0.1621282
vn 0.05928338 -0.9850612 -0.1616784
vn -0.08571295 -0.9823244 -0.166409
vn -0.09486888 -0.9815981 -0.1657259
vn -0.2119387 -0.9630741 -0.1660428
vn -0.2248944 -0.9600857 -0.1663068
vn -0.2026447 -0.9757278 -0.08300859
vn -0.2306392 -0.9696359 -0.08131289
vn -0.2382406 -0.957558 -0.1622473
vn -0.2491789 -0.9547385 -0.1624326
vn -0.2377529 -0.956942 -0.1665404
vn -0.2473788 -0.954661 -0.165608
vn -0.2600325 -0.9518117 -0.1625962
vn -0.2681626 -0.9497092 -0.1616823
vn -0.2634094 -0.9515377 -0.1587182
vn -0.2723493 -0.9489966 -0.1588434
vn -0.2579766 -0.9628683 -0.07957817
vn -0.1141902 -0.9906712 -0.07437148
vn -0.1205402 -0.9811505 -0.1510421
vn -0.1286415 -0.9800746 -0.1513443
vn -0.2812177 -0.9463879 -0.1589543
vn -0.287868 -0.9445345 -0.1580713
vn -0.1367045 -0.9789375 -0.1516353
vn -0.1427519 -0.9781833 -0.1509281
vn 0.02559392 -0.98976 -0.1404283
vn 0.01853743 -0.9898579 -0.1408468
vn 0.03217457 -0.997309 -0.06587485
vn 0.2251807 -0.9727487 -0.05525942
vn 0.2187458 -0.9680204 -0.122828
vn 0.2128442 -0.9692698 -0.1233426
vn 0.01148941 -0.9899062 -0.1412577
vn 0.006209671 -0.9900325 -0.1407023
vn 0.2069342 -0.9704838 -0.1238527
vn 0.2025113 -0.9714709 -0.123424
vn 0.4041279 -0.9091187 -0.1009153
vn 0.3995199 -0.9110932 -0.1014544
vn 0.4100146 -0.911108 -0.04207481
vn 0.4209557 -0.9063382 -0.03670837
vn 0.4148981 -0.9047012 -0.09682596
vn 0.4100018 -0.9068688 -0.09740454
vn 0.3948921 -0.9130487 -0.1019919
vn 0.3914378 -0.914571 -0.1016681
vn 0.4050804 -0.9090156 -0.09798173
vn 0.4013996 -0.9106724 -0.09774527
vn 0.4254412 -0.9001855 -0.09309065
vn 0.4202585 -0.9025527 -0.09370904
vn 0.4316341 -0.9014338 -0.03330393
vn 0.4150453 -0.9048977 -0.094326
vn 0.4111401 -0.9066942 -0.09417735
vn -0.9344454 -0.3176835 0.1609008
vn -0.9472842 -0.3188405 0.03152047
vn -0.9161327 -0.3996376 0.03147653
vn -0.9031662 -0.3962705 0.1651076
vn -0.9277745 -0.3719072 0.03032335
vn -0.915337 -0.3682672 0.1629033
vn -0.9386181 -0.3436658 0.02983013
vn -0.9265959 -0.3397006 0.1613185
vn -0.9632489 -0.2670107 0.02927161
vn -0.9517373 -0.2638057 0.1568522
vn -0.9713143 -0.2356874 0.0316236
vn -0.9588948 -0.2368568 0.1562678
vn -0.9773882 -0.151227 0.1477928
vn -0.9883825 -0.1490203 0.02988367
vn -0.981644 -0.1885361 0.02879458
vn -0.9707219 -0.1861996 0.1517524
vn -0.9958157 -0.08698916 0.02799999
vn -0.9858651 -0.08562688 0.144007
vn -0.9977512 -0.0613682 0.02695199
vn -0.9884948 -0.06483626 0.1366536
vn -0.991271 -0.02720728 0.1290026
vn -0.9994196 -0.0236931 0.02447789
vn -0.9995177 0.01547445 0.02692486
vn -0.9907491 0.01562905 0.1348033
vn -0.9931548 0.1139598 0.0256257
vn -0.9856862 0.1135792 0.1245891
vn -0.9996797 0.01395521 0.02110961
vn -0.9927722 0.01034843 0.1195675
vn -0.9929241 0.003047354 0.1187118
vn -0.99976 0.006593583 0.02088951
vn -0.9771239 0.2113101 0.02401634
vn -0.9711271 0.2101391 0.1129322
vn -0.9717949 0.2346376 0.02366109
vn -0.9661161 0.2333875 0.1102263
vn -0.9997845 -0.0007645712 0.02074687
vn -0.993039 -0.004264014 0.1177095
vn -0.9722208 -0.1754068 0.1549816
vn -0.9838296 -0.17474 0.03930895
vn -0.9659122 0.2578218 0.02327067
vn -0.9605659 0.2564665 0.1074158
vn -0.989063 0.1452729 0.02549848
vn -0.9818791 0.1446605 0.12242
vn -0.9374812 -0.3432566 0.0574801
vn -0.9209881 -0.3420784 0.1864487
vn -0.7471061 -0.6218113 0.2349109
vn -0.7659343 -0.6365205 0.09047722
vn -0.9991447 0.03082769 0.02756038
vn -0.9901424 0.030771 0.1366428
vn -0.9922854 -0.1204037 0.02953893
vn -0.9813778 -0.1183997 0.1512585
vn -0.5051748 -0.8555071 0.1136051
vn -0.488883 -0.8331908 0.2584309
vn -0.3583148 -0.8960971 0.2619554
vn -0.3697567 -0.9212001 0.1211213
vn -0.96268 -0.268876 0.03087026
vn -0.9504095 -0.2652681 0.1623413
vn -0.9681541 -0.2484114 0.03113411
vn -0.955739 -0.2450932 0.1627643
vn -0.2258928 -0.9661206 0.1248338
vn -0.2202849 -0.9397924 0.2612755
vn -0.1836742 -0.948025 0.2598315
vn -0.186013 -0.9745677 0.1249685
vn -0.9731944 -0.2278616 0.03117372
vn -0.9607664 -0.2249304 0.1622787
vn -0.9918141 -0.123845 0.03110077
vn -0.9796144 -0.1222223 0.1594284
vn -0.1461153 -0.9815889 0.1230185
vn -0.1469742 -0.9551579 0.2570446
vn -0.09770069 -0.962285 0.2538938
vn -0.09366035 -0.9882756 0.1205783
vn -0.9993653 -0.01846325 0.03046424
vn -0.9878451 -0.01831413 0.154359
vn -0.99953 -0.00543618 0.03017071
vn -0.9881383 -0.005485978 0.1534691
vn -0.04100478 -0.9922239 0.1175172
vn -0.04820705 -0.9670432 0.2500069
vn 0.02292459 -0.9693236 0.2447167
vn 0.0317738 -0.9929776 0.1139559
vn -0.9995341 0.007528461 0.02958015
vn -0.98844 0.007243305 0.1514397
vn -0.9944558 -0.1011611 0.02870874
vn -0.9836971 -0.1004485 0.1491647
vn 0.1045366 -0.9883083 0.1109905
vn 0.09402666 -0.9664162 0.2391624
vn 0.04971929 -0.9692077 0.2411729
vn 0.05925303 -0.9920977 0.1105947
vn -0.9775911 -0.2086934 0.02761728
vn -0.967571 -0.2068108 0.1450365
vn -0.9591904 -0.2814951 0.02672762
vn -0.949901 -0.2788816 0.1411136
vn 0.01394595 -0.9937513 0.1107424
vn 0.005340649 -0.9699625 0.2431956
vn -0.1938634 -0.948854 0.2491846
vn -0.1914556 -0.9750668 0.1122026
vn -0.9353374 -0.3527713 0.02638823
vn -0.9267839 -0.3494624 0.1376505
vn -0.9449352 -0.3261237 0.02721632
vn -0.936227 -0.3229827 0.1384235
vn -0.3885796 -0.9148921 0.1094459
vn -0.38529 -0.8895108 0.245606
vn -0.3250616 -0.9127302 0.2475045
vn -0.3282157 -0.938105 0.1106049
vn -0.9537493 -0.2992394 0.02860235
vn -0.9448864 -0.2962541 0.1393666
vn -0.9637842 -0.2649687 0.03019272
vn -0.9545454 -0.2621841 0.1417834
vn -0.2666115 -0.9574133 0.1108064
vn -0.2636696 -0.932306 0.2475558
vn -0.09029899 -0.9658115 0.243011
vn -0.09015199 -0.9900389 0.1081461
vn -0.972581 -0.2303717 0.03185955
vn -0.962875 -0.2277876 0.1448604
vn -0.9864329 -0.1606602 0.03374244
vn -0.9755953 -0.1587053 0.1517448
vn 0.08916317 -0.99084 0.10142
vn 0.08580034 -0.9692039 0.230829
vn 0.1874216 -0.9572099 0.2205046
vn 0.1918442 -0.9768311 0.09485178
vn -0.995321 -0.09011988 0.03484985
vn -0.9834377 -0.08879872 0.1580032
vn -0.9991494 -0.02091991 0.03553804
vn -0.9863043 -0.02082885 0.1636154
vn 0.2925349 -0.9522236 0.08771297
vn 0.2870527 -0.9347876 0.2092196
vn 0.3699602 -0.9075196 0.1988408
vn 0.3757463 -0.9232178 0.08052146
vn -0.9982077 0.04836453 0.03524363
vn -0.9848073 0.04741686 0.1670518
vn -0.9993934 0.003508516 0.0346486
vn -0.986504 0.003053813 0.1637086
vn 0.456131 -0.8868551 0.07370593
vn 0.4499561 -0.8730267 0.1880528
vn 0.3874318 -0.8997995 0.2006425
vn 0.3929398 -0.9160112 0.08075744
vn -0.9985905 -0.04112878 0.03354891
vn -0.9862576 -0.04120103 0.1599948
vn -0.9994556 -0.003163346 0.0328393
vn -0.9866031 -0.00289871 0.1631127
vn 0.327962 -0.9405938 0.08788754
vn 0.3231281 -0.9222767 0.2121176
vn -0.05489226 -0.9674017 0.247226
vn -0.05787358 -0.9917874 0.1140542
vn -0.9988511 0.03454382 0.03321498
vn -0.9846805 0.03475713 0.1708688
vn -0.99628 0.07942361 0.03343809
vn -0.9814208 0.07858312 0.175037
vn -0.4351119 -0.8920866 0.1218987
vn -0.4250578 -0.8714335 0.2448051
vn -0.5164864 -0.8226498 0.2376744
vn -0.5267842 -0.8414103 0.1205283
vn -0.9916686 0.1241678 0.03428964
vn -0.9758529 0.1231873 0.1803774
vn -0.9626893 -0.2663432 0.04785955
vn -0.9391532 -0.2531663 0.2321597
vn -0.6125212 -0.7818157 0.1165413
vn -0.602149 -0.7656355 0.226316
vn -0.4610552 -0.8543722 0.239742
vn -0.4692857 -0.8749359 0.1194072
vn -0.7862886 -0.6152229 0.05701865
vn -0.7633777 -0.5887764 0.2657006
vn -0.226947 -0.9721987 0.05766078
vn -0.2043499 -0.9406047 0.2711161
vn -0.3126388 -0.9423183 0.1195546
vn -0.3067679 -0.919104 0.2472675
vn -0.1288596 -0.9590905 0.2520727
vn -0.1310175 -0.9842575 0.1186243
vn 0.432819 -0.9010682 0.02727181
vn 0.4284121 -0.8916362 0.1464514
vn 0.4225024 -0.9060199 0.02489424
vn 0.4189991 -0.8955119 0.1499937
vn 0.0556138 -0.9917212 0.1157417
vn 0.05392191 -0.9663527 0.2515052
vn 0.2488041 -0.936695 0.2463714
vn 0.2545145 -0.9606368 0.1113524
vn 0.4119771 -0.9109971 0.0189521
vn 0.4096744 -0.9018684 0.137114
vn 0.2271006 -0.9737818 0.01319952
vn 0.2273693 -0.964048 0.1375307
vn 0.4431745 -0.8904687 0.1032567
vn 0.4337068 -0.870445 0.2328605
vn 0.507286 -0.8311387 0.2277487
vn 0.5189722 -0.8488246 0.1008195
vn 0.03417603 -0.9993812 0.008319281
vn 0.03555807 -0.9905843 0.1322057
vn -0.112809 -0.9936128 0.002774683
vn -0.1115512 -0.9865042 0.1198575
vn 0.5904688 -0.8015135 0.09446045
vn 0.57703 -0.7871301 0.2178592
vn 0.5462472 -0.8076906 0.2219232
vn 0.5611433 -0.8222613 0.09489207
vn -0.2576342 -0.9662421 0.0009114041
vn -0.2557638 -0.9597431 0.1160949
vn -0.2297903 -0.9732395 0.001084096
vn -0.2282049 -0.9668001 0.1149786
vn 0.5305924 -0.8428743 0.08963644
vn 0.5146152 -0.8286122 0.2203926
vn 0.4954895 -0.8414884 0.2153772
vn 0.5108588 -0.8557464 0.08198339
vn -0.2017908 -0.9794274 0.001573639
vn -0.2005743 -0.9727778 0.1160745
vn -0.05012239 -0.9987374 0.003370336
vn -0.04988737 -0.9912691 0.1220526
vn 0.4907515 -0.8682759 0.07252572
vn 0.4761007 -0.8543385 0.208408
vn 0.4613496 -0.8642598 0.2005283
vn 0.4742225 -0.8781703 0.06269059
vn 0.1027801 -0.9946939 0.004510304
vn 0.1019744 -0.9868104 0.1257235
vn 0.2033006 -0.979103 0.005105634
vn 0.2017977 -0.9709692 0.1284391
vn 0.4577385 -0.887364 0.05532161
vn 0.4464627 -0.8734112 0.194484
vn 0.3194187 -0.9282787 0.1904476
vn 0.328457 -0.9431941 0.0500083
vn 0.3017914 -0.9533634 0.004505212
vn 0.2997445 -0.9454992 0.1272181
vn 0.3236163 -0.9461843 0.00278861
vn 0.3215369 -0.9385738 0.1252721
vn 0.1927032 -0.9801979 0.04558088
vn 0.1868184 -0.9652531 0.1827169
vn -0.1586864 -0.9746037 0.1580071
vn -0.156396 -0.9869757 0.0376726
vn 0.3452972 -0.9384931 0.0007140618
vn 0.3431834 -0.9311963 0.1228768
vn 0.3150087 -0.949086 -0.002283254
vn 0.3131717 -0.9419913 0.1207301
vn -0.4856982 -0.8736882 0.02768269
vn -0.4835539 -0.8674359 0.1171782
vn -0.5565018 -0.8244194 0.103142
vn -0.5592085 -0.8286754 0.02414367
vn 0.2843954 -0.9586955 -0.004711371
vn 0.2826684 -0.951561 0.1209552
vn 0.2127577 -0.9770701 -0.008260098
vn 0.2114168 -0.9701139 0.1190875
vn -0.628931 -0.7771013 0.02365002
vn -0.6255442 -0.7746806 0.09254376
vn -0.5209445 -0.8461003 0.1128328
vn -0.5253162 -0.8503389 0.03109057
vn 0.1398724 -0.9901084 -0.01100528
vn 0.138993 -0.9833547 0.1170233
vn 0.1106122 -0.9937868 -0.01236091
vn 0.1096767 -0.9871058 0.1165893
vn -0.4135344 -0.909525 0.04187642
vn -0.4076702 -0.9031446 0.1346657
vn -0.2923262 -0.9434037 0.1566361
vn -0.2979649 -0.9530503 0.05396378
vn 0.08112934 -0.9966287 -0.01221649
vn 0.08022968 -0.9898744 0.1170973
vn 0.05849942 -0.9982222 -0.01141108
vn -0.1779796 -0.9817673 0.06675482
vn -0.1724933 -0.9687347 0.1783233
vn -0.0417836 -0.978839 0.2003205
vn -0.04481141 -0.9958066 0.07975723
vn 0.03576732 -0.999315 -0.009498132
vn -0.0007197207 -0.9999709 -0.007592888
vn 0.0891339 -0.9919347 0.09011556
vn 0.08966465 -0.9718577 0.2178366
vn 0.2498872 -0.9391294 0.2357806
vn 0.2536934 -0.962168 0.09936005
vn -0.03728177 -0.9992907 -0.005310474
vn -0.03792801 -0.9915714 0.1238857
vn -0.01573221 -0.9998748 -0.001687526
vn -0.01652235 -0.9913221 0.1304131
vn 0.4122074 -0.9048195 0.1067081
vn 0.4036714 -0.8806193 0.2481111
vn 0.5386468 -0.8033028 0.2540951
vn 0.5516279 -0.8265915 0.1115937
vn 0.005835299 -0.999982 0.00139266
vn 0.004921875 -0.9907354 0.1357176
vn 0.08884693 -0.9960315 0.00523427
vn 0.08720604 -0.9857584 0.1437898
vn 0.6766717 -0.7272407 0.1150495
vn 0.6603194 -0.7061779 0.2555211
vn 0.7222897 -0.6413704 0.2587307
vn 0.7410659 -0.6607941 0.1190482
vn 0.171361 -0.9851759 0.007993888
vn 0.1691298 -0.9742644 0.1490098
vn 0.149733 -0.9886876 0.008761668
vn 0.1478055 -0.9777171 0.149073
vn 0.7991214 -0.5892782 0.1189797
vn 0.7785924 -0.5723026 0.2574171
vn 0.8185207 -0.5145939 0.2553762
vn 0.8403007 -0.5292387 0.1174782
vn 0.1280685 -0.9917218 0.009293271
vn 0.1264663 -0.9807637 0.1486907
vn 0.04250958 -0.9990551 0.009048697
vn 0.04172484 -0.9884549 0.1456571
vn 0.8773103 -0.46726 0.1095199
vn 0.8553179 -0.4556054 0.2466882
vn 0.9158221 -0.3327616 0.2248098
vn 0.9358987 -0.3402885 0.09109025
vn -0.04339352 -0.9990147 0.009304877
vn -0.04331688 -0.9887573 0.1431178
vn -0.1118764 -0.9936706 0.01012069
vn -0.1112371 -0.9835705 0.1421811
vn 0.9760031 -0.2068785 0.06796542
vn 0.9592037 -0.2041618 0.1955667
vn 0.984148 -0.06476068 0.1651021
vn 0.9967269 -0.06604423 0.04662275
vn -0.1798643 -0.9836271 0.01124885
vn -0.1786102 -0.9736506 0.141785
vn -0.283644 -0.9588556 0.01192116
vn -0.2815633 -0.9494071 0.1390978
vn 0.9967116 0.07647599 0.02678436
vn 0.9881147 0.07595745 0.1336403
vn 0.982753 0.1387641 0.1222336
vn 0.9900391 0.1392778 0.02059701
vn -0.3841726 -0.9231867 0.01173768
vn -0.3811603 -0.9149117 0.1328657
vn -0.5331722 -0.8459477 0.009989755
vn -0.5298312 -0.8398194 0.1182469
vn 0.9793138 0.2016809 0.01641287
vn 0.9731088 0.2010257 0.1124624
vn 0.9713368 0.2088048 0.1136011
vn 0.9776114 0.2096845 0.01755991
vn -0.6669494 -0.7450793 0.005945483
vn -0.6631662 -0.7422726 0.09613469
vn -0.7389145 -0.6737918 0.003162602
vn -0.7358336 -0.672199 0.08183727
vn 0.9758611 0.2176337 0.01818563
vn 0.9695902 0.2165355 0.1140489
vn 0.9784026 0.1684268 0.1198369
vn 0.9853562 0.1693257 0.02004996
vn -0.8031108 -0.5958296 -0.0002542626
vn -0.800745 -0.5948903 0.07009318
vn -0.8659617 -0.5001091 -0.001111919
vn -0.8638812 -0.4991709 0.06736322
vn 0.9924604 0.120607 0.02182186
vn 0.9848792 0.1198792 0.1250676
vn 0.9911776 0.01510159 0.1316775
vn 0.9996018 0.01471328 0.02407622
vn -0.9172288 -0.3983604 0.0005624789
vn -0.9153306 -0.3952534 0.07710186
vn -0.9583557 -0.2855304 0.005177717
vn -0.9540876 -0.2832332 0.09744643
vn 0.9954541 -0.09122635 0.02736626
vn 0.9863741 -0.08980541 0.1378441
vn 0.9777502 -0.1550249 0.141322
vn 0.9870623 -0.1574199 0.03044468
vn -0.9856131 -0.1686704 0.01082164
vn -0.9798795 -0.1670378 0.1092453
vn -0.9893603 -0.1448287 0.01381062
vn -0.98261 -0.1426842 0.1188226
vn 0.9742643 -0.2227936 0.03423711
vn 0.9647509 -0.2195991 0.145024
vn 0.966542 -0.2090147 0.1486922
vn 0.9764559 -0.2123603 0.03790587
vn -0.9925408 -0.1208313 0.01620344
vn -0.9849256 -0.1193446 0.125214
vn -0.9879871 -0.1535633 0.01731666
vn -0.9797722 -0.1517289 0.1304793
vn 0.9785365 -0.2018382 0.04156354
vn 0.9681743 -0.1984149 0.1525449
vn 0.974361 -0.1612688 0.1568854
vn 0.9853432 -0.164532 0.04503318
vn -0.9823577 -0.186112 0.01832248
vn -0.9737485 -0.1840866 0.133888
vn -0.987739 -0.1548534 0.01980074
vn -0.9789808 -0.1533223 0.1344945
vn 0.9907248 -0.1269342 0.04849815
vn 0.9791369 -0.1239099 0.1610501
vn 0.9804451 -0.1073387 0.1649415
vn 0.9925331 -0.1102897 0.05209688
vn -0.9921827 -0.1232854 0.01934173
vn -0.9841912 -0.1229065 0.1275208
vn -0.9998088 0.00060429 0.019544
vn -0.9931833 4.401581E-05 0.1165629
vn 0.9940404 -0.09359071 0.05589672
vn 0.9814691 -0.09072603 0.1687814
vn 0.9729184 -0.15494 0.1715324
vn 0.9854937 -0.1583742 0.06098971
vn -0.992035 0.1245661 0.01870543
vn -0.9874514 0.122448 0.09973089
vn -0.9687868 0.2470372 0.02061083
vn -0.9645141 0.2457176 0.09661958
vn 0.9727132 -0.2225592 0.06554642
vn 0.9604861 -0.2183999 0.1725343
vn 0.9432596 -0.2843864 0.1714227
vn 0.9548611 -0.2887325 0.06981283
vn -0.9305038 0.3654808 0.02421611
vn -0.925658 0.3638501 0.1037798
vn -0.9016695 0.4314898 0.02843652
vn -0.8958018 0.4288776 0.1166329
vn 0.9325313 -0.3537101 0.07262585
vn 0.9221284 -0.3490613 0.1668396
vn 0.9330813 -0.3185998 0.166894
vn 0.9435928 -0.3226286 0.07445429
vn -0.8681401 0.4952489 0.03257891
vn -0.8610839 0.4915819 0.1299303
vn -0.8350071 0.5490065 0.03681068
vn -0.8268359 0.5436644 0.1441229
vn 0.9536602 -0.2913009 0.07533901
vn 0.9434509 -0.2878596 0.1644301
vn 0.9684429 -0.1859964 0.1659025
vn 0.9792777 -0.1882136 0.07477148
vn -0.7985216 0.6006106 0.04037761
vn -0.7893087 0.5937953 0.1562017
vn -0.7170077 0.6954926 0.04679768
vn -0.706809 0.6849036 0.1769974
vn 0.9938433 -0.08301473 0.07337673
vn 0.9830074 -0.0818225 0.1643213
vn 0.9865879 -0.02306677 0.1615928
vn 0.9970511 -0.02396536 0.07290351
vn -0.6242471 0.7794639 0.05245537
vn -0.6130703 0.7656412 0.1947777
vn -0.4365174 0.8977063 0.05979995
vn -0.4279583 0.8779076 0.2147788
vn 0.9966437 0.03526993 0.07387481
vn 0.9862607 0.03579339 0.1612721
vn 0.9858811 0.04416386 0.1615176
vn 0.9960749 0.04319792 0.07725861
vn -0.2272861 0.9717032 0.06429552
vn -0.2220436 0.949163 0.2231286
vn -0.08368776 0.994336 0.06551547
vn -0.08130712 0.9716859 0.2218459
vn 0.9952328 0.05124898 0.08297691
vn 0.9844552 0.05235961 0.1676497
vn 0.9802827 0.0920983 0.1748252
vn 0.9919732 0.09171452 0.08704996
vn 0.06182515 0.995857 0.06668215
vn 0.06097687 0.9740382 0.2180171
vn 0.1465195 0.9868752 0.06789286
vn 0.1443428 0.9659876 0.2145535
vn 0.9872748 0.1318964 0.08883645
vn 0.9747719 0.1316359 0.1802547
vn 0.9535388 0.2371513 0.185804
vn 0.9670166 0.2403349 0.08436844
vn 0.2302324 0.9706056 0.07012821
vn 0.2265893 0.9505277 0.2124958
vn 0.3044103 0.9497782 0.07249664
vn 0.9355264 0.3455355 0.07345489
vn 0.9225546 0.3405626 0.1814118
vn 0.8790994 0.4429464 0.1760194
vn 0.8909086 0.4501472 0.06040994
vn 0.3768434 0.9232071 0.07535014
vn 0.334117 0.9389732 0.08182411
vn 0.8347532 0.5487528 0.04535953
vn 0.8247138 0.540454 0.1666033
vn 0.7975278 0.5819839 0.1588841
vn 0.8063662 0.5903056 0.03623253
vn 0.2906866 0.9528075 0.08751585
vn 0.2851755 0.9298871 0.2323466
vn 0.1421585 0.9853495 0.09421925
vn 0.1397658 0.9580053 0.2503823
vn 0.7757136 0.6304166 0.02904027
vn 0.7678229 0.6217813 0.1543893
vn 0.7752974 0.6133766 0.1506092
vn 0.7827496 0.6217339 0.0273864
vn -0.01002965 0.9952649 0.0966807
vn -0.009314272 0.9655975 0.2598745
vn -0.08710614 0.9914361 0.09729878
vn -0.08419703 0.9610468 0.2632487
vn 0.7895956 0.613043 0.02677828
vn 0.782482 0.6046363 0.1487845
vn 0.8288441 0.5404481 0.1446835
vn 0.8356369 0.5484342 0.0305116
vn -0.1635133 0.9819263 0.0953104
vn -0.1587703 0.9518358 0.2622989
vn -0.1801665 0.9791729 0.09359774
vn -0.1753232 0.9498503 0.2589329
vn 0.8764829 0.480261 0.0335728
vn 0.8699992 0.4730055 0.1391663
vn 0.8931928 0.4293589 0.1336324
vn 0.8990529 0.436511 0.03408973
vn -0.1967173 0.976307 0.09014913
vn -0.1917101 0.9482892 0.2529721
vn -0.2041545 0.9751146 0.08644339
vn -0.1993403 0.9483342 0.2468312
vn 0.9195275 0.3915638 0.0338681
vn 0.914251 0.3848111 0.1267498
vn 0.9017866 0.4138109 0.1246656
vn 0.9065993 0.4209467 0.02969032
vn -0.2115348 0.9739497 0.08170058
vn -0.2069618 0.9486626 0.2391778
vn -0.2211375 0.9722213 0.07670733
vn -0.2168158 0.9484569 0.2311285
vn 0.8927351 0.4498773 0.0251902
vn 0.888454 0.4426302 0.1213593
vn 0.8427222 0.5244406 0.1215785
vn 0.8469206 0.5313848 0.01886022
vn -0.2306558 0.9704084 0.07145114
vn -0.2265876 0.9481546 0.2228471
vn -0.2322959 0.9703781 0.06637039
vn -0.2284638 0.9495389 0.214896
vn 0.7934957 0.6084347 0.01310421
vn 0.7894388 0.6017544 0.1211532
vn 0.7411144 0.6604004 0.1209162
vn 0.7453571 0.666599 0.009406653
vn -0.2339512 0.9703016 0.06149492
vn -0.2303486 0.950763 0.2073386
vn -0.2232817 0.9730891 0.05694688
vn -0.2199444 0.9547027 0.2004174
vn 0.6927919 0.7211004 0.007308733
vn 0.6882945 0.7149132 0.1230841
vn 0.6122851 0.7801598 0.1282871
vn 0.6169523 0.7869684 0.007112378
vn -0.2126593 0.9756863 0.05303019
vn -0.2095603 0.95826 0.1944794
vn -0.1842141 0.9816282 0.04971247
vn -0.1815666 0.9648545 0.1899718
vn 0.5347474 0.8449647 0.008933565
vn 0.5298399 0.8372502 0.1352098
vn 0.408071 0.90152 0.144013
vn 0.4123408 0.9109374 0.01296977
vn -0.1556727 0.9866498 0.04783565
vn -0.153405 0.9701585 0.1877751
vn -0.08688411 0.995102 0.04715034
vn -0.08552405 0.9783392 0.1885157
vn 0.2823083 0.9591694 0.01720908
vn 0.2786593 0.9485543 0.1503124
vn 0.2022718 0.9669965 0.1549319
vn 0.2050998 0.9785126 0.02114634
vn -0.0177828 0.998674 0.04831093
vn -0.01729592 0.9813132 0.1916382
vn 0.08348063 0.995239 0.05030266
vn 0.08223153 0.9773049 0.1952257
vn 0.1265269 0.9916762 0.02386033
vn 0.124541 0.9796726 0.1572619
vn 0.1206189 0.9798419 0.159251
vn 0.1225888 0.9921237 0.02574168
vn 0.1837647 0.9815418 0.05297365
vn 0.1809661 0.9632384 0.1985524
vn 0.2438382 0.9682316 0.0554131
vn 0.2398318 0.9496015 0.2018357
vn 0.1186335 0.9925699 0.02703976
vn 0.1167114 0.9800976 0.1605839
vn 0.2074764 0.9648569 0.1612598
vn 0.2106333 0.9771655 0.02794999
vn 0.3032416 0.9511836 0.05739648
vn 0.2978797 0.9325764 0.2038849
vn 0.2136289 0.9751085 0.05938152
vn 0.2096373 0.9551123 0.2093147
vn 0.3008112 0.9532586 0.02847261
vn 0.2965464 0.9414262 0.1605519
vn 0.4141033 0.8965685 0.1571095
vn 0.4193529 0.9073756 0.02850585
vn 0.1220696 0.9907423 0.05940381
vn 0.1195614 0.9702017 0.2107454
vn -0.07397144 0.9956043 0.05744923
vn -0.07292286 0.9750603 0.2096175
vn 0.5310825 0.8468612 0.02788437
vn 0.5249206 0.8376692 0.1508928
vn 0.5107289 0.8461167 0.1524551
vn 0.5167155 0.8556731 0.02878631
vn -0.2670759 0.9622829 0.05178883
vn -0.2625477 0.944256 0.1986186
vn -0.327879 0.9434738 0.04850333
vn -0.3226933 0.9267043 0.192583
vn 0.5021564 0.8642778 0.02937646
vn 0.496372 0.8544768 0.1532455
vn 0.4074928 0.8993177 0.1586736
vn 0.4124292 0.910467 0.0308557
vn -0.3873428 0.9208624 0.0444748
vn -0.3816027 0.9056979 0.1846366
vn -0.3438529 0.9380572 0.04258857
vn -0.3389897 0.9230075 0.1820525
vn 0.3184761 0.9473979 0.03178226
vn 0.3144563 0.9353096 0.1622136
vn 0.2346345 0.9580483 0.1645908
vn 0.237663 0.9708069 0.03240777
vn -0.2996006 0.9532025 0.04055231
vn -0.2955988 0.9384243 0.1788326
vn -0.2437613 0.9690763 0.03836032
vn -0.2406519 0.9546256 0.1754325
vn 0.1551597 0.9873476 0.03271487
vn 0.1531477 0.9741796 0.1658911
vn 0.08777413 0.9820775 0.1667921
vn 0.08892836 0.9954936 0.03292914
vn -0.1871225 0.9816534 0.03662979
vn -0.1848637 0.9674724 0.172692
vn -0.1372872 0.9899145 0.03494931
vn -0.1356416 0.9760224 0.1702396
vn 0.02230998 0.999203 0.03309998
vn 0.02201589 0.9856737 0.1672204
vn -0.03217158 0.9852873 0.1678507
vn -0.03253264 0.9989139 0.03335628
vn -0.08723565 0.9956055 0.03405181
vn -0.08620073 0.9818501 0.1689368
vn 0.2276547 0.9282609 0.2941174
vn 0.30526 0.9069752 0.2901939
vn 0.3960713 0.8731528 0.2841333
vn 0.06913531 0.7694795 0.6349186
vn 0.08515171 0.9508194 0.2978113
vn 0.1485382 0.9434627 0.2963352
vn 0.1205764 0.7645366 0.6332023
vn -0.02523457 0.7710826 0.6362349
vn -0.03119779 0.9536558 0.2992779
vn 0.02141351 0.9541833 0.2984556
vn 0.01742654 0.7720632 0.6353068
vn -0.1065449 0.7618455 0.6389363
vn -0.1315992 0.9439908 0.3025937
vn -0.08361934 0.9500776 0.3006
vn -0.06773821 0.7677664 0.6371392
vn -0.1881461 0.7407126 0.6449386
vn -0.2332143 0.9217159 0.3099208
vn -0.1793364 0.9349576 0.3060926
vn -0.1450375 0.7531652 0.6416435
vn -0.2629614 0.7111735 0.6519843
vn -0.3277048 0.8893662 0.3188061
vn -0.2861707 0.9050537 0.3146175
vn -0.2303119 0.7255103 0.6485301
vn 0.483133 0.831232 0.2750198
vn 0.3979543 0.6841652 0.6111877
vn 0.49701 0.8233742 0.2739271
vn 0.4094297 0.6781396 0.6103229
vn -0.3684809 0.872111 0.3219382
vn -0.2950898 0.6964028 0.654175
vn -0.2474365 0.7058216 0.6637703
vn -0.3108922 0.8901241 0.3332044
vn 0.5108129 0.8156512 0.2716307
vn 0.4211518 0.6728233 0.6082269
vn 0.4019959 0.8708059 0.283013
vn 0.3288901 0.7109719 0.6215708
vn -0.2524145 0.9053413 0.341532
vn -0.1998086 0.7147085 0.6702747
vn -0.05561929 0.7271249 0.6842484
vn -0.07024239 0.9315618 0.3567332
vn 0.2870869 0.9130266 0.2897648
vn 0.2330138 0.7422532 0.6283031
vn 0.2006566 0.9351703 0.2918791
vn 0.1625403 0.758273 0.63135
vn 0.1142251 0.9270276 0.3571729
vn 0.08942456 0.725919 0.6819419
vn 0.2009107 0.9131683 0.3546246
vn 0.1127749 0.9498161 0.2917726
vn 0.09123719 0.7701607 0.6312909
vn 0.1165424 0.9497097 0.2906363
vn 0.09433442 0.7702228 0.6307597
vn 0.2861794 0.8933793 0.3463738
vn 0.2307626 0.9098185 0.3449332
vn 0.1203611 0.9497948 0.2887959
vn 0.09750172 0.770629 0.6297812
vn 0.1958426 0.9379172 0.2862816
vn 0.159015 0.7612426 0.6286684
vn 0.1744536 0.9235051 0.3416201
vn 0.1385468 0.7293728 0.6699404
vn 0.06322099 0.7425357 0.6668162
vn 0.07940271 0.9382786 0.336643
vn 0.270083 0.9210548 0.2805586
vn 0.2200685 0.7497257 0.6240842
vn 0.3968423 0.8767908 0.2715769
vn 0.3257067 0.7159765 0.6174892
vn -0.01630426 0.9436182 0.3306338
vn -0.01268256 0.7500434 0.661267
vn -0.0658631 0.7505576 0.6575145
vn -0.0824023 0.9417453 0.326076
vn 0.5166057 0.8165342 0.2576634
vn 0.4275827 0.6734359 0.60304
vn 0.5987275 0.7619658 0.2468471
vn 0.5006037 0.632055 0.5915254
vn -0.1481894 0.9342365 0.3244105
vn -0.1187023 0.7459847 0.6552989
vn -0.1405391 0.7404422 0.6572626
vn -0.1754682 0.9285319 0.3271686
vn 0.6746241 0.6989274 0.2374504
vn 0.5685029 0.5842179 0.5792183
vn 0.7278473 0.6452696 0.2320894
vn 0.6186463 0.5404969 0.5702103
vn -0.2024508 0.9209269 0.3330275
vn -0.1618215 0.7321912 0.6615964
vn -0.1691786 0.7250074 0.6676397
vn -0.2123326 0.9158212 0.3408612
vn 0.7764283 0.5867949 0.2298497
vn 0.6635283 0.4922371 0.5634118
vn 0.8298193 0.5106263 0.2250798
vn 0.7161425 0.428531 0.5509094
vn -0.2221656 0.9100369 0.3499649
vn -0.1763639 0.7168889 0.6745117
vn -0.1737583 0.7104702 0.6819385
vn -0.2199358 0.9066937 0.3599094
vn 0.876054 0.4298774 0.2184829
vn 0.7631902 0.3628056 0.5347082
vn 0.8887923 0.4019143 0.2202567
vn 0.7747119 0.3393715 0.5335245
vn -0.2176893 0.903011 0.3703817
vn -0.1711237 0.7036293 0.689654
vn -0.1622133 0.6979239 0.6975594
vn -0.2076317 0.9008417 0.3812785
vn 0.9009227 0.3741072 0.2199592
vn 0.7868243 0.316954 0.5295731
vn 0.8782969 0.4174844 0.2330266
vn 0.7582365 0.3507648 0.5495831
vn -0.1975094 0.8985308 0.3919596
vn -0.153331 0.6922296 0.7052005
vn -0.1463337 0.6865907 0.7121654
vn -0.1895977 0.8958272 0.4019285
vn 0.8536098 0.4601691 0.2441202
vn 0.7285762 0.3846699 0.5667502
vn 0.8110731 0.5250915 0.2577583
vn 0.6833447 0.4338555 0.5872047
vn -0.181773 0.893798 0.4099803
vn -0.1395843 0.6815905 0.718297
vn -0.1266225 0.6791967 0.7229513
vn -0.1658595 0.8936538 0.4169815
vn 0.7635776 0.5868993 0.2692553
vn 0.6346956 0.4815149 0.6044045
vn 0.75595 0.5950687 0.2728237
vn 0.6260027 0.487793 0.608423
vn -0.1498043 0.8947501 0.4206911
vn -0.1142002 0.6794301 0.7247986
vn -0.079092 0.9033819 0.4214801
vn 0.7477612 0.6024181 0.2791873
vn 0.615859 0.4924864 0.6149592
vn 0.7763947 0.5635783 0.2821184
vn 0.6399022 0.4617236 0.6142772
vn -0.008403778 0.9090315 0.4166426
vn 0.1339349 0.9063948 0.4006369
vn 0.8020011 0.522485 0.2894887
vn 0.6596748 0.4282762 0.6175829
vn 0.8548354 0.4284447 0.2927312
vn 0.7071657 0.3526317 0.6128357
vn 0.2737752 0.8866894 0.3725978
vn 0.8980239 0.3306178 0.2902499
vn 0.7489126 0.2767668 0.6021047
vn 0.9299998 0.2310341 0.2858734
vn 0.7843939 0.1949928 0.5888157
vn 0.9544703 0.1302637 0.2683613
vn 0.8193943 0.1148191 0.5616134
vn 0.9615309 0.09162655 0.258965
vn 0.832379 0.08184133 0.5481307
vn 0.2185381 0.9104908 0.3510665
vn 0.1390406 0.9238238 0.3566751
vn 0.9672319 0.05280608 0.2483427
vn 0.8437397 0.04872264 0.5345365
vn 0.9688513 0.04402299 0.2436991
vn 0.8464013 0.04008286 0.5310351
vn 0.05851016 0.9295259 0.3640853
vn -0.07725713 0.9247518 0.3726467
vn 0.9680411 0.03474528 0.2483732
vn 0.8407349 0.03064341 0.5405792
vn 0.9677376 -0.02349746 0.250862
vn 0.83806 -0.02083237 0.5451801
vn -0.2115577 0.9018245 0.3767702
vn -0.1641723 0.6975262 0.6974988
vn -0.3199685 0.6490808 0.6901553
vn -0.4090788 0.8367022 0.3641209
vn 0.9630399 -0.08166149 0.256682
vn 0.8298718 -0.07126156 0.5533845
vn 0.9485252 -0.1836797 0.2579956
vn 0.8165292 -0.1600217 0.5546829
vn -0.5890468 0.7364308 0.3327065
vn -0.4679458 0.585772 0.6617386
vn -0.5566887 0.5367454 0.6340364
vn -0.6843023 0.6629667 0.3036534
vn 0.9247332 -0.2833085 0.2541748
vn 0.7991844 -0.2454154 0.5487034
vn 0.913756 -0.3128907 0.2591318
vn 0.7851676 -0.2691835 0.5577205
vn -0.7692741 0.5793571 0.2693747
vn -0.639603 0.4823397 0.5985453
vn -0.683823 0.4500886 0.5742876
vn -0.8089239 0.5326048 0.2489463
vn 0.9029062 -0.3422315 0.2600728
vn 0.7740312 -0.2933203 0.5611052
vn 0.9216017 -0.2779326 0.2709314
vn 0.7803376 -0.2355122 0.5793162
vn -0.8456699 0.484004 0.2249055
vn -0.7275111 0.4176675 0.5443174
vn -0.774317 0.3712147 0.512477
vn -0.8828384 0.4235258 0.2030326
vn 0.9372652 -0.2124727 0.2763863
vn 0.7875015 -0.1777108 0.5901359
vn 0.9486251 -0.1502081 0.2784744
vn 0.7930593 -0.124915 0.596199
vn -0.914882 0.3603453 0.18205
vn -0.815672 0.3220856 0.4805622
vn -0.857892 0.2148333 0.4667633
vn -0.954621 0.2418725 0.1737711
vn 0.9567047 -0.08715124 0.2777062
vn 0.7979402 -0.07162833 0.5984654
vn 0.9561927 -0.1033984 0.2738689
vn 0.7983555 -0.0853513 0.5961071
vn -0.9767663 0.1168504 0.1796486
vn -0.8711266 0.09926882 0.48092
vn -0.847032 -0.004201467 0.5315254
vn -0.9781101 -0.002866743 0.208068
vn 0.9554713 -0.1196214 0.2697504
vn 0.7989228 -0.09907785 0.5932166
vn 0.9515083 -0.1562837 0.2649667
vn 0.7972723 -0.1301665 0.5894179
vn -0.9652535 -0.1232259 0.2304363
vn -0.8190475 -0.1073635 0.5635905
vn -0.8025969 -0.1273248 0.582775
vn -0.9574689 -0.1507818 0.2460041
vn 0.9461985 -0.1928304 0.2598554
vn 0.794813 -0.161236 0.585043
vn 0.9450544 -0.2034122 0.2559212
vn 0.7948649 -0.1704711 0.5823482
vn -0.9518345 -0.1794863 0.2485875
vn -0.7963231 -0.1497892 0.5860313
vn -0.8054053 -0.1229538 0.5798316
vn -0.9586327 -0.1475055 0.243445
vn 0.9436659 -0.2140406 0.2523518
vn 0.7944602 -0.1797114 0.580118
vn 0.9565237 -0.1509716 0.2495398
vn 0.8050867 -0.1267284 0.5794613
vn -0.9651436 -0.1156594 0.2347782
vn -0.8166937 -0.09665056 0.5689202
vn -0.8218995 -0.1136088 0.5581884
vn -0.9643458 -0.1368723 0.2265023
vn 0.9651858 -0.08745605 0.2465113
vn 0.8130365 -0.0734048 0.5775667
vn 0.9712232 0.01523361 0.2376834
vn 0.8226857 0.01386789 0.5683272
vn -0.9650375 -0.1605863 0.2071585
vn -0.838115 -0.1342793 0.528708
vn -0.8374524 -0.2379291 0.4919992
vn -0.9438491 -0.2748211 0.1833637
vn 0.9667271 0.117872 0.2270353
vn 0.8258649 0.100884 0.5547699
vn 0.9616233 0.1658785 0.218552
vn 0.8269079 0.1433532 0.5437585
vn -0.9100648 -0.3850475 0.1533643
vn -0.8290621 -0.3432088 0.4414338
vn -0.7895671 -0.4472863 0.4201415
vn -0.8589224 -0.4929519 0.1387471
vn 0.9543134 0.2135042 0.20905
vn 0.8267873 0.1855013 0.5310481
vn 0.9559949 0.2060741 0.2088235
vn 0.8280516 0.1793382 0.5311953
vn -0.7950873 -0.5899864 0.1405426
vn -0.7269008 -0.5382847 0.426456
vn -0.6553679 -0.597961 0.4614495
vn -0.7281299 -0.6665013 0.1600085
vn 0.9578116 0.1986084 0.2077298
vn 0.8297893 0.1732013 0.5305195
vn 0.9651772 0.1369695 0.2228731
vn 0.8270152 0.1192814 0.5493794
vn -0.6531003 -0.7344432 0.1845354
vn -0.5716262 -0.6464385 0.5053322
vn -0.445074 -0.6990165 0.5597187
vn -0.519803 -0.8242286 0.224615
vn 0.9680737 0.07479531 0.2392469
vn 0.8204015 0.0645099 0.5681372
vn 0.9575237 -0.06220125 0.2815659
vn 0.7917534 -0.04759964 0.6089835
vn -0.3725679 -0.8930969 0.2521331
vn -0.3099201 -0.7419593 0.5945131
vn -0.2277966 -0.7597029 0.6090651
vn -0.2751366 -0.9243136 0.2644696
vn 0.9264937 -0.1975637 0.3202779
vn 0.7499788 -0.1592363 0.642009
vn 0.8790146 -0.3186501 0.3546764
vn 0.7000548 -0.2516732 0.6682693
vn -0.1747166 -0.9466492 0.2707941
vn -0.1438666 -0.7744194 0.6160982
vn -0.08988585 -0.7804085 0.6187755
vn -0.1089432 -0.9559996 0.2723898
vn 0.8167481 -0.4346367 0.3794908
vn 0.6436237 -0.3418761 0.6847404
vn 0.7806092 -0.4895882 0.3885264
vn 0.6128328 -0.3836659 0.690823
vn -0.04262736 -0.9605671 0.2747611
vn -0.03518292 -0.7824848 0.6216749
vn 0.04015931 -0.9592744 0.2796066
vn 0.7424545 -0.5439562 0.3909897
vn 0.5820873 -0.4260599 0.6925657
vn 0.6886924 -0.6091639 0.3932201
vn 0.5388377 -0.476019 0.6950251
vn 0.1225573 -0.9506643 0.2849863
vn 0.1431025 -0.9473994 0.2862794
vn 0.6301081 -0.6710221 0.3907597
vn 0.4931765 -0.5248008 0.6938019
vn 0.5143262 -0.7643254 0.3889412
vn 0.4022566 -0.5973665 0.6937888
vn 0.163654 -0.9438663 0.2869388
vn 0.1318287 -0.7609555 0.63527
vn 0.08385262 -0.9564258 0.2796755
vn 0.3870073 -0.8400245 0.3802423
vn 0.3050205 -0.6611097 0.68549
vn 0.2410663 -0.8990633 0.3654752
vn 0.003710641 -0.9634272 0.2679442
vn -0.01731925 -0.9652455 0.2607705
vn 0.08821195 -0.9355035 0.3421285
vn -0.0387164 -0.9472479 0.3181549
vn -0.03832417 -0.9670386 0.2517294
vn -0.03269749 -0.796533 0.6037102
vn -0.1654871 -0.9432026 0.2880675
vn -0.1360584 -0.7849123 0.6044838
vn -0.2843141 -0.923301 0.258226
vn -0.2421273 -0.7828858 0.573118
vn -0.3990983 -0.8883522 0.2270482
vn -0.344453 -0.7695534 0.5377171
vn -0.5136471 -0.8356874 0.1944048
vn -0.4586576 -0.7403993 0.4913675
vn 0.07758298 -0.96636 0.2452127
vn 0.06334437 -0.7973936 0.6001257
vn 0.08686589 -0.7958005 0.5992962
vn 0.1062449 -0.9638125 0.2444942
vn -0.6195441 -0.7681977 0.1613607
vn -0.5635958 -0.6994199 0.439513
vn -0.5509441 -0.814465 0.1819541
vn -0.4946787 -0.7265139 0.4769387
vn 0.1348918 -0.9603025 0.2441789
vn 0.1106134 -0.7938101 0.5980219
vn 0.1689214 -0.7831546 0.5984433
vn 0.2055729 -0.9473086 0.2456545
vn -0.4784314 -0.8535458 0.2063077
vn -0.4206733 -0.745861 0.5164546
vn -0.1596495 -0.9473079 0.2777046
vn -0.1486973 -0.7790949 0.6090159
vn 0.275276 -0.9293574 0.246004
vn 0.2271229 -0.769086 0.5974294
vn 0.2535139 -0.7642183 0.5930439
vn 0.3058769 -0.9205049 0.2431256
vn 0.1762939 -0.9309891 0.3196556
vn 0.1380073 -0.7461088 0.6513644
vn 0.3038117 -0.8942073 0.3287731
vn 0.2389966 -0.7126982 0.6595012
vn 0.335701 -0.9097334 0.2443155
vn 0.2792599 -0.7560011 0.5920104
vn 0.261277 -0.7609833 0.5938339
vn 0.3144051 -0.9166294 0.2468602
vn 0.4270225 -0.8418238 0.330128
vn 0.3384854 -0.6732854 0.6573541
vn 0.4404384 -0.8329364 0.3350089
vn 0.3482826 -0.6666033 0.6590442
vn 0.2929749 -0.9231614 0.2488751
vn 0.2432657 -0.7658898 0.5951762
vn 0.1625516 -0.7853332 0.5973514
vn 0.1967094 -0.9478557 0.250749
vn 0.4536107 -0.8233403 0.3410983
vn 0.3579262 -0.6596658 0.6608554
vn 0.4722621 -0.8108792 0.3456059
vn 0.372923 -0.6506978 0.6614536
vn 0.09882993 -0.9641836 0.2461352
vn 0.08138995 -0.8023366 0.5912966
vn -0.04253734 -0.8096557 0.5853615
vn -0.04948967 -0.9696005 0.2396364
vn 0.4908111 -0.798722 0.3480628
vn 0.3881038 -0.6425381 0.6606968
vn 0.5232496 -0.7788232 0.3458963
vn 0.4167468 -0.6290259 0.6562381
vn -0.196968 -0.9531965 0.2293905
vn -0.1663138 -0.8028339 0.5725361
vn -0.1882978 -0.7995918 0.5702603
vn -0.2235098 -0.9478791 0.2270873
vn 0.5553039 -0.7597362 0.3382875
vn 0.4457771 -0.6170967 0.64844
vn 0.487912 -0.7991125 0.3512279
vn 0.3892688 -0.6432664 0.6593013
vn -0.2499651 -0.940829 0.2288191
vn -0.2097392 -0.7923422 0.5728903
vn -0.08713356 -0.8068235 0.5843318
vn -0.1070289 -0.9651191 0.2389349
vn 0.4173941 -0.8348961 0.3587906
vn 0.3312767 -0.6686 0.665755
vn 0.2390024 -0.8949171 0.3768307
vn 0.1871208 -0.7071578 0.6818458
vn 0.03926769 -0.9642605 0.2620301
vn 0.03668191 -0.7947384 0.6058427
vn 0.1932069 -0.7702872 0.6077242
vn 0.226087 -0.9372391 0.2654573
vn 0.05164523 -0.9223642 0.382854
vn 0.03786784 -0.7287553 0.6837264
vn -0.1242293 -0.9161751 0.3810385
vn -0.1026534 -0.724252 0.6818514
vn 0.4028349 -0.8784614 0.2569622
vn 0.3384167 -0.7305627 0.593087
vn 0.336411 -0.7164398 0.6111805
vn 0.4084197 -0.8710771 0.2727965
vn -0.2959015 -0.8801298 0.371233
vn -0.2404297 -0.7029092 0.6694119
vn -0.4461046 -0.8208843 0.3565665
vn -0.3663942 -0.6619151 0.6539294
vn 0.4157366 -0.8714187 0.26037
vn 0.3423409 -0.7239971 0.5988581
vn -0.09563714 -0.6138532 0.7836056
vn -0.1796886 -0.8629918 0.4721833
vn -0.5844365 -0.7398158 0.3333265
vn -0.4848713 -0.6091095 0.6276029
vn -0.4988875 -0.7922213 0.3514209
vn -0.4084238 -0.6435586 0.6473193
vn -0.7133304 -0.5179864 0.4720697
vn -0.5275831 -0.3602822 0.7693197
vn -0.6633835 -0.1451214 0.7340723
vn -0.8842977 -0.2193493 0.4121934
vn -0.4082488 -0.837231 0.3638367
vn -0.3290843 -0.6746556 0.6607143
vn -0.05068109 -0.9256986 0.3748513
vn -0.03840986 -0.7294374 0.6829684
vn -0.9377154 0.1221394 0.3252258
vn -0.7439774 0.1000831 0.6606672
vn -0.7567538 0.06594151 0.6503655
vn -0.9464059 0.07887917 0.3131995
vn 0.3136136 -0.889164 0.3332173
vn 0.2567986 -0.7210129 0.6435797
vn 0.376807 -0.8700103 0.3179601
vn 0.3113408 -0.711411 0.6300487
vn -0.9523448 0.03711336 0.3027574
vn -0.7671816 0.03306963 0.6405769
vn -0.7795431 0.0005934117 0.6263483
vn -0.957211 -0.001053415 0.289389
vn 0.438484 -0.8470288 0.3004564
vn 0.365376 -0.7004259 0.6131101
vn 0.3595751 -0.8783869 0.3148687
vn 0.2976635 -0.7200593 0.6268262
vn -0.9580564 -0.0403464 0.2837252
vn -0.7846275 -0.03321618 0.619077
vn -0.7801438 0.00169881 0.625598
vn -0.956991 0.002603736 0.2901057
vn 0.2779058 -0.9028233 0.3281439
vn 0.2278407 -0.7354739 0.6380962
vn 0.1804037 -0.9218907 0.3428878
vn 0.1464127 -0.7445167 0.6513511
vn -0.9540244 0.04548392 0.2962578
vn -0.7742085 0.03653426 0.6318753
vn -0.781257 -0.01708081 0.6239758
vn -0.9571093 -0.02037577 0.2890097
vn 0.081154 -0.930819 0.3563565
vn 0.06358811 -0.7466636 0.6621556
vn -0.08887079 -0.923543 0.3730555
vn -0.07447284 -0.7317787 0.6774612
vn -0.9565808 -0.08592986 0.2785127
vn -0.7873698 -0.07033419 0.6124557
vn -0.7896008 -0.1286224 0.599989
vn -0.951063 -0.1545016 0.2675976
vn -0.2560504 -0.889151 0.3792738
vn -0.2109034 -0.7021408 0.6800868
vn -0.3158604 -0.8696386 0.379422
vn -0.2624877 -0.6851107 0.6795024
vn -0.9406853 -0.2224136 0.2562096
vn -0.7880294 -0.1862693 0.5867822
vn -0.7838156 -0.2155252 0.5823933
vn -0.9331523 -0.2563388 0.2520261
vn -0.3746993 -0.847052 0.376966
vn -0.3134807 -0.6669109 0.6759878
vn -0.1924795 -0.9043569 0.3809072
vn -0.1701941 -0.7112347 0.6820404
vn -0.9240732 -0.2899218 0.2490666
vn -0.7775567 -0.2442263 0.5794473
vn -0.770094 -0.2662308 0.5797209
vn -0.9156044 -0.3161222 0.2484659
vn -0.003206551 -0.9285173 0.3712754
vn -0.02294753 -0.7393343 0.6729473
vn 0.0396512 -0.9291292 0.3676231
vn 0.01184492 -0.7428282 0.6693773
vn -0.9064432 -0.3420898 0.2476598
vn -0.7625231 -0.2881217 0.5792621
vn -0.7759271 -0.229208 0.5877081
vn -0.9277992 -0.2730228 0.254258
vn 0.08243742 -0.9279414 0.3634952
vn 0.04665238 -0.7453824 0.6650028
vn 0.01429936 -0.9283665 0.3713909
vn -0.006983162 -0.7415673 0.6708422
vn -0.9437653 -0.2026183 0.2612526
vn -0.7852024 -0.1694537 0.5956027
vn -0.7932919 -0.08273381 0.6031942
vn -0.958541 -0.09875686 0.2672941
vn -0.05378953 -0.9241183 0.3783015
vn -0.06052643 -0.7351722 0.6751729
vn -0.09935144 -0.9184768 0.3827921
vn -0.09275705 -0.7294809 0.6776826
vn -0.9627888 0.006443373 0.2701782
vn -0.7955928 0.004720504 0.6058134
vn -0.7924867 -0.005013199 0.6098685
vn -0.9617134 -0.005689108 0.273998
vn -0.1446636 -0.9108627 0.3865248
vn -0.1247655 -0.7226877 0.6798205
vn -0.1778045 -0.9036263 0.389673
vn -0.1468085 -0.7164937 0.6819707
vn -0.9610666 -0.01795089 0.2757331
vn -0.7910222 -0.01489678 0.6116059
vn -0.7768713 -0.09633133 0.6222469
vn -0.951161 -0.1185909 0.2850068
vn -0.2107231 -0.8953984 0.3922466
vn -0.1685153 -0.7093391 0.6844271
vn -0.3403207 -0.8520184 0.3978019
vn -0.2659307 -0.6712338 0.6919003
vn -0.9316617 -0.2180712 0.2906051
vn -0.75785 -0.1773465 0.6278627
vn -0.9265879 -0.2372883 0.2917689
vn -0.4631203 -0.7912306 0.3993416
vn -0.3592009 -0.6227748 0.6950729
vn -0.7132657 -0.5921078 0.3750473
vn -0.9215299 -0.2566599 0.2913904
vn -0.9557592 -0.1141643 0.2710919
vn -0.8891396 -0.3330394 0.3138718
vn -0.9473984 -0.1723106 0.2697136
vn -0.9691466 0.03089717 0.2445408
vn -0.8183409 0.02687521 0.5741045
vn -0.8338555 0.1268713 0.5372045
vn -0.9653047 0.1430422 0.2184622
vn -0.9767693 -0.007091925 0.2141762
vn -0.843117 -0.01820312 0.5374219
vn -0.9764019 4.598776E-05 0.2159613
vn -0.8417299 -0.01176632 0.5397705
vn -0.9483235 0.2534558 0.1908997
vn -0.838652 0.2244239 0.4962829
vn -0.8390175 0.2035043 0.5046144
vn -0.9530926 0.2305986 0.1960583
vn -0.9760578 0.007159485 0.2173936
vn -0.8402312 -0.005358635 0.5422018
vn -0.972133 -0.03002854 0.232499
vn -0.8267263 -0.03653357 0.5614169
vn -0.9573391 0.2075671 0.2010415
vn -0.8389888 0.1823431 0.5126878
vn -0.8333937 0.09950416 0.5436487
vn -0.9684284 0.112549 0.2224392
vn -0.9672083 -0.06724904 0.2449196
vn -0.8136856 -0.06773899 0.577345
vn -0.952675 -0.1511919 0.2637257
vn -0.7893992 -0.1341828 0.5990358
vn -0.9703254 0.01626979 0.2412551
vn -0.8213828 0.01473767 0.5701869
vn -0.8036252 -0.06649197 0.5914096
vn -0.9625675 -0.08242102 0.2582063
vn -0.9314296 -0.2343317 0.2784377
vn -0.7624304 -0.200582 0.6151964
vn -0.9058807 -0.3109325 0.287578
vn -0.7365044 -0.2581269 0.6252454
vn -0.9450815 -0.1803365 0.2725797
vn -0.7796434 -0.1478723 0.6085146
vn -0.7570053 -0.2081983 0.6193517
vn -0.9247186 -0.2556543 0.2820219
vn -0.8740548 -0.3852896 0.2959396
vn -0.7070378 -0.3143835 0.6334512
vn -0.8867992 -0.3575865 0.2927782
vn -0.7192998 -0.2912615 0.6306937
vn -0.8985448 -0.3292646 0.2901759
vn -0.7307667 -0.2677023 0.6279455
vn -0.3537002 -0.02792056 0.934942
vn -0.603253 -0.0216801 0.7972552
vn -0.5998569 -0.01665444 0.799934
vn -0.3512568 -0.02394619 0.9359729
vn -0.5741578 -0.03769073 0.8178766
vn -0.3337091 -0.03497719 0.942027
vn -0.5507701 -0.05843695 0.8326088
vn -0.3177961 -0.04557374 0.9470632
vn -0.5166383 -0.09781039 0.8505986
vn -0.2956961 -0.06584804 0.9530099
vn -0.48416 -0.1372764 0.8641437
vn -0.2763564 -0.08606515 0.9571938
vn -0.4607856 -0.1672399 0.871612
vn -0.2629595 -0.1001632 0.9595935
vn -0.4362907 -0.19657 0.8780722
vn -0.2499104 -0.1141607 0.9615155
vn -0.4465141 -0.1817384 0.8761257
vn -0.2561606 -0.1048298 0.9609331
vn -0.4563809 -0.1667408 0.8740218
vn -0.2624239 -0.09554736 0.9602106
vn -0.4810061 -0.1306598 0.8669263
vn -0.2771242 -0.07474403 0.9579225
vn -0.5042534 -0.09429561 0.858392
vn -0.2914596 -0.05384155 0.9550667
vn -0.536156 -0.04129649 0.8431081
vn -0.3112737 -0.0232082 0.9500369
vn -0.6060973 -0.02673689 0.794941
vn -0.3544086 -0.03185125 0.934548
vn -0.4809431 -0.120591 0.868419
vn -0.5655886 0.01161214 0.8246058
vn -0.3306107 0.007507474 0.9437374
vn -0.5977318 0.07469062 0.7982092
vn -0.3522423 0.04469664 0.934841
vn -0.2426618 -0.1197728 0.9626888
vn -0.08982003 -0.05257588 0.9945694
vn -0.6269295 0.1369452 0.7669455
vn -0.373748 0.08199064 0.9238993
vn -0.6335588 0.1544108 0.7581297
vn -0.3788477 0.09264063 0.9208106
vn -0.2099136 -0.3744869 0.9031588
vn -0.1200611 -0.2254478 0.9668292
vn -0.09358399 -0.2450278 0.9649888
vn -0.1594547 -0.4086919 0.8986351
vn -0.6399471 0.1717085 0.7489886
vn -0.383924 0.1032501 0.9175739
vn -0.603636 0.0958946 0.7914719
vn -0.3562321 0.05725307 0.9326418
vn -0.1060521 -0.4370762 0.8931502
vn -0.06560671 -0.2620526 0.9628209
vn -0.06511351 -0.2642502 0.9622536
vn -0.09794161 -0.4425084 0.8913999
vn -0.5599082 0.01959332 0.8283229
vn -0.32653 0.01201996 0.9451104
vn -0.08924115 -0.4462196 0.8904629
vn -0.06417555 -0.2652191 0.9620501
vn -0.05928338 -0.2671224 0.9618374
vn -0.07415882 -0.450934 0.8894712
vn -0.05889837 -0.4547204 0.8886846
vn -0.05418799 -0.2681427 0.961854
vn -0.03621686 -0.2724043 0.9615011
vn -0.0265584 -0.4622687 0.886342
vn -0.4304961 -0.138225 0.8919456
vn -0.2552973 -0.07164244 0.9642047
vn -0.1033705 0.006893871 0.9946191
vn -0.4736777 -0.1107932 0.8737015
vn -0.2722198 -0.06364695 0.9601278
vn -0.4915507 -0.06030029 0.8687588
vn -0.2828639 -0.03469519 0.9585324
vn 0.005754669 -0.468933 0.883215
vn -0.01821814 -0.2760554 0.960969
vn -0.03149815 -0.2713394 0.9619682
vn -0.01669307 -0.4624782 0.8864735
vn -0.5089123 -0.009744714 0.8607633
vn -0.2938427 -0.005703852 0.9558368
vn -0.5114156 -0.003699419 0.8593255
vn -0.2956479 -0.002382668 0.9552941
vn -0.03901962 -0.4559194 0.8891653
vn -0.04456611 -0.2664177 0.9628268
vn -0.09327467 -0.2507638 0.9635441
vn -0.1261474 -0.4316383 0.8931826
vn -0.5169606 0.002196084 0.8560063
vn -0.2994168 0.0008473377 0.954122
vn -0.5179118 -0.05529654 0.8536449
vn -0.2993525 -0.03243277 0.9535912
vn -0.2122681 -0.4035498 0.8899943
vn -0.1417394 -0.2340538 0.9618362
vn -0.114765 -0.2403688 0.9638733
vn -0.1752847 -0.4142297 0.8931344
vn -0.5176487 -0.1130174 0.848096
vn -0.2992574 -0.06596585 0.9518895
vn -0.5184034 -0.1544507 0.8410725
vn -0.3004637 -0.09002702 0.949535
vn -0.1382391 -0.4255157 0.8943301
vn -0.08787731 -0.2473 0.9649458
vn -0.03299656 -0.260521 0.9649042
vn -0.05014838 -0.448448 0.892401
vn -0.516261 -0.1957294 0.8337653
vn -0.3002355 -0.1141575 0.9470093
vn -0.5213233 -0.1809199 0.8339605
vn -0.303105 -0.1055193 0.9470972
vn 0.03841275 -0.4667352 0.8835626
vn 0.02210294 -0.2725802 0.9618792
vn 0.05597024 -0.2756738 0.9596204
vn 0.09436234 -0.472687 0.8761637
vn -0.5271219 -0.1661938 0.83338
vn -0.3065386 -0.09696903 0.9469061
vn -0.529736 -0.1461401 0.8354776
vn -0.3080628 -0.08518045 0.9475451
vn 0.1493127 -0.4745387 0.8674784
vn 0.08933505 -0.2771299 0.9566705
vn 0.1185203 -0.2753063 0.9540227
vn 0.1987452 -0.4712376 0.8593227
vn -0.529533 -0.1252875 0.8389862
vn -0.3078402 -0.07290483 0.9486408
vn -0.5201252 -0.08521067 0.8498287
vn -0.3013223 -0.04930112 0.9522469
vn 0.2469288 -0.4663942 0.849413
vn 0.1473581 -0.273483 0.9505223
vn 0.1228754 -0.2707488 0.9547758
vn 0.2065436 -0.4630694 0.8619202
vn -0.5076278 -0.04484991 0.8604083
vn -0.2932605 -0.02567312 0.9556878
vn -0.4941379 -0.01133418 0.8693096
vn -0.2844679 -0.006530605 0.9586633
vn 0.1669323 -0.4609478 0.8715852
vn 0.09912016 -0.2692443 0.9579576
vn -0.01229493 -0.2620161 0.9649851
vn -0.02217923 -0.4532481 0.8911084
vn -0.4821404 0.02233128 0.8758094
vn -0.2769284 0.01263192 0.9608076
vn -0.4914229 0.0007250044 0.8709208
vn -0.2827064 0.0003460938 0.9592065
vn -0.2101169 -0.4305632 0.877762
vn -0.1232321 -0.2520973 0.9598233
vn -0.1602233 -0.246514 0.955803
vn -0.2702685 -0.4201415 0.8662771
vn -0.4994824 -0.02104383 0.8660684
vn -0.2878456 -0.01206158 0.9576009
vn -0.489322 0.002602398 0.8720993
vn -0.2818426 0.002532055 0.9594573
vn -0.3300974 -0.4096278 0.8504357
vn -0.1975447 -0.24137 0.950114
vn -0.1461037 -0.2487605 0.957482
vn -0.2439061 -0.4262913 0.8710829
vn -0.4689755 0.02462978 0.8828677
vn -0.2698623 0.01612818 0.9627638
vn -0.4541182 0.04329575 0.8898889
vn -0.2594757 0.02648724 0.9653863
vn -0.155195 -0.4390859 0.8849396
vn -0.09434558 -0.2552242 0.9622679
vn -0.04398745 -0.256573 0.9655234
vn -0.06860717 -0.4437754 0.893508
vn -0.4379829 0.06289172 0.8967807
vn -0.2487089 0.03733292 0.9678586
vn -0.3584539 -0.05571704 0.9318833
vn -0.2019937 -0.02609077 0.9790393
vn 0.01887353 -0.4418483 0.8968912
vn 0.006604309 -0.2553465 0.966827
vn 0.05955437 -0.249005 0.9666694
vn 0.1116029 -0.4316044 0.8951326
vn -0.2637984 -0.1559775 0.9518831
vn -0.1501856 -0.08002988 0.9854134
vn -0.01177293 -0.3323593 0.9430794
vn -0.008086139 -0.1811294 0.983426
vn 0.2020164 -0.4164324 0.8864386
vn 0.1116494 -0.2412409 0.9640214
vn 0.1341608 -0.2351608 0.9626527
vn 0.2409398 -0.4052146 0.8819009
vn 0.2193768 -0.4745248 0.852467
vn 0.1250086 -0.2754399 0.9531556
vn 0.215642 -0.4591305 0.8617991
vn 0.1239603 -0.2643632 0.9564235
vn 0.2794134 -0.3947005 0.875294
vn 0.1565991 -0.2296934 0.960582
vn 0.1437614 -0.2300364 0.962505
vn 0.2569667 -0.3962495 0.8814502
vn 0.2267929 -0.4802763 0.8472896
vn 0.1321888 -0.2758403 0.9520705
vn 0.1331364 -0.4931799 0.8596792
vn 0.07832636 -0.2807082 0.9565918
vn 0.2351761 -0.3989661 0.8862947
vn 0.1313605 -0.2310234 0.9640397
vn 0.1256768 -0.2311791 0.9647598
vn 0.2244228 -0.4002284 0.8885109
vn 0.02923869 -0.5057629 0.8621769
vn 0.0193101 -0.2875166 0.957581
vn -0.05487915 -0.53284 0.8444346
vn -0.03025404 -0.3065757 0.9513654
vn 0.2140314 -0.4023218 0.890128
vn 0.120238 -0.2318484 0.9652923
vn 0.1173497 -0.2323379 0.96553
vn 0.2079867 -0.4041105 0.8907503
vn -0.1396378 -0.5321021 0.835086
vn -0.08078808 -0.3100958 0.9472665
vn -0.1265468 -0.538918 0.8327985
vn -0.07351712 -0.313702 0.9466711
vn 0.2021967 -0.4065976 0.8909517
vn 0.1146794 -0.2333957 0.9655957
vn 0.07910901 -0.2448446 0.9663296
vn 0.1408574 -0.4283388 0.8925722
vn -0.1122051 -0.5387821 0.8349395
vn -0.06543455 -0.3128485 0.9475464
vn -0.02983358 -0.5342201 0.8448188
vn -0.01777658 -0.3085828 0.9510314
vn 0.0803188 -0.4527815 0.8879965
vn 0.04430613 -0.2588346 0.964905
vn -0.0707828 -0.2960079 0.9525593
vn -0.1188179 -0.5153188 0.848722
vn 0.05161595 -0.522795 0.8508943
vn 0.02909629 -0.3015839 0.9529955
vn 0.1043664 -0.5077662 0.8551497
vn 0.0598568 -0.2926986 0.9543295
vn -0.3167439 -0.5551634 0.7690689
vn -0.1901757 -0.3301892 0.9245585
vn -0.2373058 -0.3425893 0.9090206
vn -0.390511 -0.5670301 0.7252433
vn 0.157673 -0.4963084 0.8537079
vn 0.09109048 -0.2867182 0.9536746
vn 0.1695511 -0.4936029 0.8529997
vn 0.09796803 -0.2851677 0.9534578
vn -0.4599612 -0.5703108 0.6805742
vn -0.2834853 -0.3511583 0.8923698
vn -0.2162882 -0.3427036 0.9142066
vn -0.3584003 -0.5699576 0.73939
vn 0.1814715 -0.4910347 0.8520288
vn 0.1048826 -0.2837279 0.9531517
vn 0.1637958 -0.4962458 0.8525907
vn 0.09396586 -0.2855215 0.9537547
vn -0.25152 -0.5617152 0.7881712
vn -0.1491938 -0.3328092 0.9311172
vn -0.1009971 -0.3210243 0.9416703
vn -0.1720005 -0.5475563 0.8189004
vn 0.1442643 -0.4943093 0.8572316
vn 0.0818607 -0.2837324 0.9554029
vn 0.1058979 -0.4992473 0.8599638
vn 0.06008964 -0.2869896 0.9560472
vn -0.09058465 -0.5262401 0.8454974
vn -0.05261601 -0.3065094 0.9504123
vn 0.001835317 -0.4644481 0.8855984
vn 0.06885057 -0.504848 0.8604581
vn 0.03887613 -0.2902624 0.9561571
vn 0.05379903 -0.5045449 0.8617077
vn 0.03035892 -0.2899601 0.9565571
vn 0.02614606 -0.2599809 0.9652597
vn -0.006569904 -0.09137718 0.9957947
vn 0.03923131 -0.5048186 0.8623335
vn 0.02213415 -0.2900705 0.9567493
vn 0.02743519 -0.5040851 0.8632181
vn 0.01534801 -0.2895451 0.9570414
vn 0.1811536 -0.3942783 0.9009594
vn 0.102924 -0.2259107 0.9686955
vn 0.1342314 -0.2021113 0.9701201
vn 0.2372771 -0.3539402 0.9046689
vn 0.01580943 -0.5029535 0.8641689
vn 0.008666301 -0.2888072 0.957348
vn -0.003191838 -0.5038754 0.8637705
vn -0.002328876 -0.2893747 0.9572131
vn 0.2912556 -0.3112028 0.9046121
vn 0.1646739 -0.177561 0.9702343
vn 0.1804914 -0.1608809 0.9703299
vn 0.3191385 -0.2824569 0.9046373
vn -0.02193696 -0.5042413 0.8632841
vn -0.01317439 -0.2896736 0.9570348
vn 0.3459269 -0.2535374 0.9033567
vn 0.1958359 -0.1442597 0.9699677
vn 0.2072931 -0.1293872 0.9696847
vn 0.3654822 -0.2282131 0.9024088
vn 0.3855681 -0.2037605 0.8998994
vn 0.2192469 -0.1151424 0.9688514
vn 0.2442733 -0.08493852 0.9659793
vn 0.4285451 -0.1509784 0.8908168
vn 0.06700979 -0.4366983 0.8971088
vn 0.001076555 -0.2643599 0.9644235
vn -0.02393934 -0.09362687 0.9953195
vn 0.07966772 -0.4596581 0.8845154
vn 0.04560356 -0.2629667 0.9637265
vn 0.4708744 -0.09847151 0.8766873
vn 0.2699843 -0.05511242 0.9612862
vn 0.3002059 -0.01374746 0.9537753
vn 0.5208409 -0.02629517 0.8532486
vn 0.5657657 0.0459895 0.8232825
vn 0.3296834 0.02805033 0.9436747
vn 0.3425831 0.05189914 0.9380529
vn 0.5847642 0.08663867 0.8065634
vn 0.02632048 -0.4492446 0.893021
vn 0.04591922 -0.2723223 0.9611098
vn 0.005961543 -0.1059319 0.9943556
vn -0.02233137 -0.4853881 0.8740135
vn -0.01303812 -0.2783002 0.9604056
vn -0.05725678 -0.4873157 0.8713467
vn -0.03321556 -0.2793942 0.9596018
vn 0.6011361 0.1267434 0.789032
vn 0.354509 0.07569222 0.9319839
vn 0.3540573 0.07791638 0.9319724
vn 0.5998653 0.1308619 0.7893267
vn -0.09144273 -0.4859594 0.8691845
vn -0.05298772 -0.2786947 0.9589168
vn -0.1470863 -0.4838092 0.8627249
vn -0.08500297 -0.2781799 0.9567603
vn 0.5993781 0.1350749 0.7889871
vn 0.3539664 0.08018612 0.9318143
vn 0.3467758 0.06085736 0.9359717
vn 0.589474 0.1029822 0.801196
vn -0.2025889 -0.4841059 0.851234
vn -0.1172939 -0.279878 0.9528434
vn -0.3118416 -0.4827366 0.8183643
vn -0.1816494 -0.2822113 0.9419981
vn 0.5797158 0.07098222 0.8117211
vn 0.3399541 0.04171364 0.9395165
vn 0.3311937 0.006226304 0.9435422
vn 0.5673202 0.01052628 0.82343
vn -0.4225909 -0.4834685 0.7665997
vn -0.2502453 -0.2892404 0.9239683
vn -0.5163938 -0.4687729 0.7166515
vn -0.3127036 -0.2836975 0.9064944
vn 0.5531512 -0.04989868 0.8315852
vn 0.3223374 -0.02909023 0.9461778
vn 0.3189203 -0.05019478 0.9464514
vn 0.5473791 -0.08612119 0.8324417
vn -0.5939472 -0.4365661 0.6757489
vn -0.3660838 -0.2670748 0.8914335
vn -0.6496075 -0.3578992 0.6707595
vn -0.3990705 -0.2142017 0.8915495
vn 0.5406479 -0.1221898 0.8323278
vn 0.3152227 -0.07125095 0.9463392
vn 0.3152388 -0.06742218 0.9466143
vn 0.5406278 -0.1157079 0.8332666
vn -0.6613837 -0.2594117 0.7037594
vn -0.3990188 -0.1480967 0.9049041
vn -0.626399 -0.1672695 0.7613443
vn -0.3686958 -0.09267864 0.9249184
vn 0.5398511 -0.1091495 0.8346539
vn 0.31477 -0.06354197 0.9470387
vn 0.3141301 -0.0509276 0.948013
vn 0.5392254 -0.08766701 0.837586
vn -0.6013985 -0.08847318 0.7940355
vn -0.3508132 -0.04800036 0.9352145
vn -0.5693213 -0.07410279 0.8187686
vn -0.3306777 -0.0409013 0.942857
vn 0.5383511 -0.06624661 0.8401128
vn 0.3134605 -0.03837743 0.9488254
vn 0.3124827 -0.03285652 0.949355
vn 0.5369099 -0.05689746 0.8417187
vn -0.5579426 -0.06436618 0.8273796
vn -0.3245261 -0.03665611 0.9451662
vn -0.541382 -0.08145628 0.8368217
vn -0.3142519 -0.04681791 0.9481844
vn 0.536111 -0.04757582 0.8428058
vn 0.3119834 -0.02735788 0.9496936
vn 0.3129114 -0.04885802 0.9485249
vn 0.5372787 -0.08456305 0.8391547
vn -0.5301973 -0.09937815 0.8420302
vn -0.307577 -0.05749204 0.9497848
vn -0.5382641 -0.08703128 0.8382704
vn -0.313803 -0.05172176 0.9480783
vn 0.5405509 -0.121799 0.8324479
vn 0.3155904 -0.07064389 0.9462622
vn 0.3201135 -0.09682613 0.9424182
vn 0.5467768 -0.1660251 0.8206527
vn -0.5668163 -0.07881272 0.8200657
vn -0.3337986 -0.04872298 0.9413844
vn -0.6180938 -0.006775159 0.7860752
vn -0.3689804 -0.007012421 0.9294108
vn 0.5584408 -0.2124782 0.8018709
vn 0.3289415 -0.1248601 0.9360595
vn 0.3358373 -0.1158581 0.9347675
vn 0.5698544 -0.1967871 0.7978351
vn -0.6756926 0.06862374 0.7339825
vn -0.4074559 0.03695832 0.9124768
vn -0.6770399 0.1661838 0.7169379
vn -0.4083733 0.09864065 0.9074697
vn 0.5877327 -0.1822775 0.7882545
vn 0.3473261 -0.1077696 0.9315312
vn 0.3507219 -0.07108513 0.9337779
vn 0.5955622 -0.1201849 0.7942678
vn -0.6351467 0.2521739 0.7300664
vn -0.3841298 0.1532918 0.9104647
vn -0.581037 0.2788116 0.7646307
vn -0.3468568 0.1672392 0.9228876
vn 0.6052901 -0.05431732 0.7941496
vn 0.3565838 -0.03229261 0.9337051
vn 0.618565 -0.0171215 0.785547
vn -0.5222085 0.3018743 0.7976028
vn -0.3082166 0.1792494 0.9342763
vn -0.4713997 0.3104612 0.8254672
vn -0.2754366 0.1821019 0.943914
vn 0.6249177 0.02221273 0.7803745
vn 0.6393822 0.03134752 0.7682498
vn -0.4239048 0.3206868 0.8470329
vn -0.2458964 0.1865172 0.9511815
vn -0.3515507 0.3359711 0.8738052
vn -0.2019775 0.1933817 0.9601086
vn 0.6373823 0.03937215 0.7695411
vn 0.619195 0.063469 0.7826681
vn -0.2786391 0.3498943 0.8943905
vn -0.1590499 0.2002365 0.9667515
vn -0.1858931 0.3701828 0.9101695
vn -0.1056308 0.2100679 0.9719638
vn 0.5985065 0.08715948 0.7963625
vn 0.3549824 0.05521599 0.933241
vn 0.3220255 0.08280682 0.9431027
vn 0.5498319 0.136636 0.824024
vn -0.09274678 0.3906328 0.9158624
vn -0.05293023 0.2213652 0.9737535
vn 0.5080179 0.1889603 0.8403641
vn 0.2948991 0.1121462 0.9489245
vn 0.270848 0.1353654 0.953057
vn 0.4686906 0.2316364 0.8524516
vn 0.4273517 0.2758543 0.8609732
vn 0.2463516 0.1595976 0.9559495
vn 0.2400301 0.1706755 0.955644
vn 0.4146512 0.2961408 0.8604446
vn 0.01307094 0.2241042 0.9744775
vn 0.01666314 0.07341746 0.997162
vn 0.3965127 0.3130157 0.8630173
vn 0.2304543 0.1796402 0.9563578
vn 0.238728 0.1786767 0.954507
vn 0.4078497 0.3122296 0.8580043
vn 0.05619868 0.2311222 0.9713002
vn 0.41691 0.309198 0.8547413
vn 0.2456024 0.1763323 0.953198
vn 0.2762203 0.1625446 0.9472495
vn 0.4650657 0.2856999 0.8379077
vn 0.09785258 0.2326994 0.9676135
vn 0.5122553 0.2615704 0.8180314
vn 0.3070177 0.1487205 0.9400119
vn 0.3312233 0.1375589 0.9334713
vn 0.548254 0.2429546 0.8002442
vn 0.06870202 0.2201833 0.9730361
vn 0.5849348 0.2248444 0.7792922
vn 0.356582 0.1269419 0.9255998
vn 0.3481424 0.1339659 0.92782
vn 0.5720947 0.2382081 0.784834
vn -0.04359269 0.3485572 0.9362732
vn -0.01245145 0.2183871 0.9757828
vn -0.06251774 0.3687991 0.9274043
vn -0.03568011 0.209058 0.9772521
vn -0.06972168 0.3705336 0.9261985
vn -0.03990051 0.2102778 0.9768271
vn 0.5614815 0.2533886 0.787739
vn 0.341529 0.1422759 0.9290401
vn 0.3084896 0.1648888 0.9368276
vn 0.5132023 0.2927192 0.8068078
vn -0.07780022 0.3745436 0.9239395
vn -0.04449681 0.2121541 0.9762227
vn -0.08219144 0.3803761 0.9211724
vn -0.04691392 0.2148124 0.9755279
vn 0.4624695 0.3318222 0.8222019
vn 0.2752391 0.1879456 0.9428255
vn 0.2511771 0.2058482 0.9457994
vn 0.4248936 0.3615276 0.8299176
vn -0.08715159 0.3876825 0.9176638
vn -0.04981839 0.2190425 0.9744427
vn -0.09339573 0.3955076 0.9137018
vn -0.05348087 0.2237172 0.9731857
vn 0.3820267 0.3866657 0.8393719
vn 0.2243098 0.2213499 0.9490466
vn 0.1932039 0.2353421 0.9525158
vn 0.3303688 0.4108168 0.8497564
vn -0.09974806 0.403476 0.909537
vn -0.05721482 0.2284831 0.9718652
vn -0.1023181 0.4120843 0.9053825
vn -0.05871407 0.2336722 0.9705411
vn 0.2754683 0.4304713 0.8595415
vn 0.1605585 0.2470809 0.9556004
vn 0.1199871 0.2572453 0.9588681
vn 0.2066057 0.4490158 0.8693094
vn -0.104863 0.4203126 0.9012997
vn -0.06020057 0.2386544 0.9692368
vn -0.1013492 0.4292785 0.8974677
vn -0.0581761 0.2441022 0.9680029
vn 0.1372659 0.4655142 0.874331
vn 0.07954378 0.266977 0.9604145
vn 0.05710519 0.2700746 0.9611444
vn 0.0987867 0.4711517 0.8765029
vn -0.09758819 0.4372758 0.894017
vn -0.05600194 0.2490004 0.9668829
vn -0.08508129 0.4447994 0.8915798
vn -0.04882886 0.2537156 0.9660456
vn 0.06038166 0.4769732 0.8768412
vn 0.03475862 0.2734676 0.961253
vn 0.03355709 0.2734099 0.9613121
vn 0.05836875 0.4766505 0.877153
vn -0.07184818 0.4490804 0.8905979
vn -0.0412147 0.256497 0.9656659
vn -0.03966274 0.4499522 0.8921714
vn -0.02265848 0.2571118 0.966116
vn 0.05642025 0.4766782 0.8772655
vn 0.03238488 0.2735165 0.961322
vn 0.05780452 0.2698397 0.9611686
vn 0.1007911 0.4702045 0.8767833
vn -0.007214581 0.4463768 0.894816
vn -0.003970131 0.255215 0.9668762
vn 0.03769835 0.4385826 0.8978999
vn 0.02171217 0.2500342 0.9679935
vn 0.1448994 0.4624332 0.8747341
vn 0.08315726 0.2657419 0.960451
vn 0.1200894 0.2584219 0.9585388
vn 0.2088147 0.4492277 0.868672
vn 0.082187 0.4283317 0.8998762
vn 0.0471451 0.2437665 0.9686874
vn 0.2718704 0.4344648 0.8586774
vn 0.1569982 0.2509367 0.9551871
vn 0.152361 0.2518611 0.9556946
vn 0.2638275 0.4364902 0.8601577
vn 0.2563753 0.4397987 0.8607258
vn 0.1481122 0.2536052 0.9559012
vn 0.1807861 0.4557557 0.8715521
vn 0.06441137 0.3932895 0.9171557
vn 0.07839195 0.2426427 0.9669432
vn 0.03523848 0.0910803 0.9952199
vn 0.0515046 0.4184738 0.9067673
vn 0.029299 0.2382359 0.9707653
vn -0.03298098 0.4192517 0.9072707
vn -0.01884112 0.238096 0.9710589
vn 0.08090707 0.2819552 0.9560101
vn 0.04494704 0.07942825 0.9958268
vn -0.1177176 0.4190436 0.9003028
vn -0.06727971 0.238599 0.9687847
vn -0.147625 0.4181874 0.8962846
vn -0.08442227 0.238194 0.9675415
vn 0.07500564 0.4736589 0.8775086
vn 0.04317373 0.2717212 0.9614071
vn 0.02479433 0.2727469 0.9617663
vn 0.04304614 0.4756308 0.8785911
vn -0.001592648 0.01963719 0.9998059
vn -0.003962949 0.0491234 0.9987848
vn -0.01401925 0.04939461 0.9986809
vn -0.007027022 0.02465622 0.9996713
vn -0.01766474 0.04945021 0.9986204
vn -0.008847941 0.02466115 0.9996567
vn -0.1783523 0.4186577 0.8904584
vn -0.1021434 0.2387545 0.965693
vn -0.1595857 0.4287471 0.8892178
vn -0.09147039 0.2445054 0.9653239
vn 0.006030256 0.04910814 0.9987752
vn 0.003013634 0.02456599 0.9996936
vn -0.1405371 0.4393727 0.8872434
vn -0.080665 0.2506728 0.9647053
vn -0.115421 0.4511602 0.8849477
vn -0.06630933 0.257705 0.9639457
vn 0.01091346 0.4766344 0.8790339
vn 0.006333906 0.2733803 0.9618852
vn -0.008918727 0.272774 0.9620368
vn -0.015543 0.4755361 0.8795589
vn -0.02144592 0.04975418 0.9985312
vn -0.01073651 0.02478925 0.999635
vn -0.01924386 0.05097463 0.9985145
vn -0.009639844 0.02538669 0.9996312
vn -0.0893699 0.4607736 0.8830066
vn -0.05141355 0.2635629 0.9632711
vn -0.06579644 0.4680431 0.8812528
vn -0.03786032 0.2681428 0.962635
vn -0.04186534 0.472746 0.8802037
vn -0.02409263 0.2712633 0.9622036
vn -0.01701635 0.05230992 0.9984859
vn -0.008531001 0.02604232 0.9996245
vn -0.01399568 0.05381738 0.9984527
vn -0.007020873 0.02681855 0.9996157
vn -0.01085199 0.05506185 0.998424
vn -0.005449352 0.02746502 0.9996079
vn -0.007976815 0.05601842 0.9983979
vn -0.004005343 0.02798896 0.9996002
vn -0.005055392 0.05663901 0.998382
vn -0.002538095 0.02834549 0.9995949
vn -0.001859347 0.05700268 0.9983723
vn -0.0009299547 0.02851153 0.999593
vn 0.001354696 0.05716506 0.9983639
vn 0.0006872438 0.02857649 0.9995914
vn 0.005237179 0.05706844 0.9983565
vn 0.00263192 0.02852157 0.9995897
vn 0.009099357 0.05689698 0.9983386
vn 0.004566346 0.02842948 0.9995854
vn 0.03153909 0.05380312 0.9980534
vn 0.01579342 0.02687556 0.999514
vn 0.03238162 0.05342796 0.9980465
vn 0.01620666 0.02670759 0.9995119
vn 0.0333208 0.05326162 0.9980245
vn 0.01666846 0.02664429 0.999506
vn 0.0253479 0.05441691 0.9981965
vn 0.01738172 0.05561613 0.9983009
vn 0.008696354 0.02782755 0.9995749
vn 0.01211201 0.05637309 0.9983363
vn 0.006822634 0.05703028 0.9983491
vn 0.003494948 0.02848969 0.999588
vn 0.007200743 0.05689988 0.9983539
vn 0.003780675 0.02838439 0.9995899
vn 0.007568633 0.05671122 0.9983619
vn 0.00407298 0.02821408 0.9995936
vn 0.01276872 0.05561484 0.9983706
vn 0.007074988 0.02750596 0.9995966
vn 0.01793663 0.05439049 0.9983586
vn 0.01004184 0.02675276 0.9995916
vn 0.02734964 0.05177833 0.998284
vn 0.03656918 0.04895152 0.9981315
vn 0.04468418 0.04576427 0.9979524
vn 0.05230628 0.0421574 0.9977409
vn 0.03034319 0.01950747 0.9993492
vn 0.0608523 0.0378042 0.9974306
vn 0.03626712 0.01628673 0.9992094
vn 0.06890422 0.0332249 0.9970699
vn 0.04164826 0.01366989 0.9990388
vn 0.0810129 0.02748285 0.9963341
vn 0.05026544 0.01019398 0.9986839
vn 0.09349804 0.02227908 0.9953701
vn 0.05906809 0.007161522 0.9982283
vn 0.09531598 0.02089502 0.9952278
vn 0.06117802 0.007240562 0.9981006
vn 0.09798645 0.02004595 0.9949859
vn 0.06369968 0.007017341 0.9979445
vn 0.08874609 0.02301294 0.9957884
vn 0.05800324 0.009801732 0.9982683
vn 0.07994494 0.02633199 0.9964514
vn 0.05256285 0.01236657 0.998541
vn 0.06999125 0.03012454 0.9970927
vn 0.0458125 0.01555619 0.9988289
vn 0.06007271 0.0341103 0.997611
vn 0.03911774 0.01855002 0.9990624
vn 0.05609279 0.03634012 0.9977641
vn 0.03547158 0.0207011 0.9991562
vn 0.05181568 0.03824995 0.9979239
vn 0.03165191 0.02259233 0.9992436
vn 0.05265364 0.03829437 0.9978783
vn 0.03098499 0.02320526 0.9992505
vn 0.05276589 0.03773576 0.9978937
vn 0.0298513 0.02345144 0.9992792
vn 0.05901195 0.03398861 0.9976785
vn 0.03247514 0.02143466 0.9992427
vn 0.06496029 0.03025589 0.9974291
vn 0.03499328 0.0196585 0.9991941
vn 0.07333059 0.02425525 0.9970127
vn 0.03906383 0.01630509 0.9991037
vn 0.08281189 0.01861279 0.9963914
vn 0.04370944 0.01319647 0.9989571
vn 0.08519554 -0.005917511 0.9963467
vn 0.0428343 -0.001554084 0.999081
vn 0.08360368 -0.015309 0.9963815
vn 0.04210351 -0.006324576 0.9990932
vn 0.08287193 -0.02387839 0.9962741
vn 0.04168413 -0.01063931 0.9990742
vn 0.07893357 -0.0254092 0.996556
vn 0.0397096 -0.01147283 0.9991454
vn 0.07658622 -0.02727298 0.9966899
vn 0.03850223 -0.01245917 0.9991809
vn 0.07279063 -0.02060317 0.9971344
vn 0.07045717 -0.01456953 0.9974084
vn 0.03525625 -0.006551452 0.9993568
vn 0.06907906 -0.01001872 0.9975609
vn 0.03452648 -0.004544634 0.9993935
vn 0.06828067 -0.005583994 0.9976505
vn 0.03414102 -0.002588747 0.9994137
vn 0.06820818 -0.006959092 0.9976469
vn 0.03409014 -0.003389095 0.999413
vn 0.06834169 -0.008335869 0.9976271
vn 0.03416456 -0.004179633 0.9994075
vn 0.06849486 -0.01113985 0.9975893
vn 0.03423844 -0.005611409 0.9993979
vn 0.06868347 -0.01395329 0.997541
vn 0.03433771 -0.007045001 0.9993855
vn 0.06874978 -0.01479909 0.9975241
vn 0.06868602 -0.01562756 0.9975159
vn 0.03432589 -0.007871653 0.9993797
vn 0.06937902 -0.01100557 0.9975297
vn 0.03468707 -0.005548751 0.9993829
vn 0.07005879 -0.006382284 0.9975225
vn 0.03504047 -0.003226756 0.9993807
vn 0.07248631 0.001446797 0.9973684
vn 0.03625733 0.0007197695 0.9993423
vn 0.07501978 0.00927359 0.997139
vn 0.03752236 0.004667315 0.9992849
vn 0.07728758 0.01389187 0.9969121
vn 0.03870493 0.007089064 0.9992256
vn 0.07949471 0.01850553 0.9966635
vn 0.03982288 0.009510809 0.9991615
vn 0.07935181 0.01832245 0.9966783
vn 0.07898981 0.0181026 0.9967111
vn 0.07489868 0.01300181 0.9971064
vn 0.03763607 0.007323823 0.9992647
vn 0.07070971 0.007929189 0.9974654
vn 0.03553082 0.004989064 0.9993561
vn 0.06309647 -0.0005897168 0.9980072
vn 0.03161163 0.0008458146 0.9994999
vn 0.05582363 -0.009111397 0.9983991
vn 0.02788238 -0.003253792 0.9996059
vn 0.04989787 -0.01564179 0.9986318
vn 0.02452802 -0.006678364 0.9996768
vn 0.04435798 -0.02243318 0.9987638
vn 0.02142286 -0.01028335 0.9997176
vn 0.04137181 -0.02630256 0.9987976
vn 0.01946852 -0.0125875 0.9997312
vn 0.03852107 -0.03037335 0.998796
vn 0.01763257 -0.01510862 0.9997304
vn 0.03534907 -0.03427362 0.9987872
vn 0.01604288 -0.01722119 0.999723
vn 0.0320185 -0.03819696 0.9987571
vn 0.01437093 -0.01940679 0.9997084
vn 0.02613531 -0.043354 0.9987178
vn 0.01174611 -0.02203225 0.9996883
vn 0.0200493 -0.04835645 0.9986289
vn 0.00907506 -0.02449214 0.9996588
vn -0.01178507 -0.06760964 0.9976422
vn -0.006066308 -0.03391137 0.9994064
vn -0.02321563 -0.07237937 0.9971069
vn -0.01173618 -0.0362309 0.9992746
vn -0.03438715 -0.07643824 0.9964812
vn -0.0172685 -0.03820682 0.9991207
vn -0.05317359 -0.08255284 0.9951671
vn -0.02665498 -0.04126194 0.9987927
vn -0.07178944 -0.08875278 0.9934632
vn -0.03596783 -0.04439465 0.9983664
vn -0.05850184 -0.08317203 0.9948165
vn -0.02938074 -0.04155169 0.9987043
vn -0.04502557 -0.0768685 0.9960241
vn -0.02270494 -0.03836192 0.9990059
vn -0.01789234 -0.06547584 0.9976937
vn 0.008474634 -0.05456965 0.998474
vn 0.003908364 -0.02728784 0.99962
vn 0.01528642 -0.05167148 0.9985471
vn 0.007040477 -0.02598159 0.9996377
vn 0.02238708 -0.04966456 0.998515
vn 0.01028927 -0.02518018 0.99963
vn 0.02180602 -0.05016174 0.998503
vn 0.00928627 -0.02563864 0.9996282
vn 0.02137921 -0.05103865 0.9984678
vn 0.008328843 -0.02639167 0.999617
vn 0.02147309 -0.05186976 0.998423
vn 0.007637195 -0.02712779 0.9996028
vn 0.02163008 -0.05278962 0.9983714
vn 0.00692856 -0.02799729 0.999584
vn 0.02355679 -0.05350857 0.9982895
vn 0.007298457 -0.02874711 0.9995601
vn 0.02547644 -0.0540944 0.9982108
vn 0.007609128 -0.02948415 0.9995363
vn 0.02029207 -0.05531872 0.9982625
vn 0.00492041 -0.03044777 0.9995243
vn 0.01500073 -0.05657043 0.9982859
vn 0.002135371 -0.03139022 0.9995049
vn 0.004178849 -0.05805911 0.9983044
vn -0.003044369 -0.03241308 0.9994699
vn -0.006873962 -0.05944173 0.9982081
vn -0.008355116 -0.03334756 0.9994089
vn -0.01794994 -0.06021729 0.9980239
vn -0.02898999 -0.06064848 0.9977381
vn -0.04118543 -0.06044499 0.9973215
vn -0.05344532 -0.06025089 0.9967514
vn -0.03208258 -0.03422581 0.998899
vn -0.04215159 -0.06109874 0.9972413
vn -0.02511959 -0.03527919 0.9990618
vn -0.03078426 -0.06187776 0.9976089
vn -0.01830365 -0.03595872 0.9991856
vn -0.002573545 -0.06368831 0.9979665
vn 0.02562082 -0.06509452 0.9975501
vn 0.01531931 -0.03790353 0.999164
vn 0.03201844 -0.06533904 0.9973493
vn 0.01935299 -0.03792733 0.9990931
vn 0.03859238 -0.0661707 0.9970617
vn 0.02348823 -0.03816357 0.9989954
vn 0.03143502 -0.06590658 0.9973305
vn 0.0195641 -0.03772834 0.9990965
vn 0.02439374 -0.0665523 0.9974847
vn 0.015674 -0.03781024 0.999162
vn 0.01490177 -0.06632465 0.9976868
vn 0.009620484 -0.03731085 0.9992574
vn 0.005084252 -0.06629755 0.9977869
vn 0.003348501 -0.03699481 0.9993098
vn -0.01400465 -0.06315225 0.9979056
vn -0.009692198 -0.03480799 0.999347
vn -0.03314373 -0.06021822 0.9976348
vn -0.02322812 -0.03289644 0.9991888
vn -0.04902476 -0.0578967 0.9971181
vn -0.03716008 -0.03023065 0.998852
vn -0.06502582 -0.05591867 0.9963156
vn -0.04985273 -0.02850839 0.9983496
vn -0.05635625 -0.06117424 0.9965348
vn -0.04662294 -0.03171949 0.9984088
vn -0.04776213 -0.06586599 0.9966847
vn -0.04556688 -0.03419928 0.9983757
vn -0.04470127 -0.06876046 0.9966313
vn -0.04448029 -0.0368029 0.9983321
vn -0.04137431 -0.07115365 0.9966069
vn -0.04308306 -0.03930631 0.9982979
vn -0.04441922 -0.07135369 0.9964616
vn -0.04400684 -0.04105678 0.9981872
vn -0.04744221 -0.07088622 0.9963555
vn -0.0450345 -0.0426755 0.9980735
vn -0.04223982 -0.07293378 0.9964419
vn -0.03930941 -0.04641534 0.9981485
vn -0.03680774 -0.07407332 0.9965733
vn -0.03289743 -0.04941597 0.9982364
vn -0.02979464 -0.0758969 0.9966705
vn -0.02570058 -0.05274829 0.9982771
vn -0.02250447 -0.07705122 0.9967731
vn -0.01776128 -0.0552946 0.9983121
vn -0.02420394 -0.07414355 0.9969538
vn -0.01662302 -0.05467746 0.9983657
vn -0.02572522 -0.07121376 0.9971293
vn -0.01544351 -0.05320489 0.9984642
vn -0.07423407 -0.03535222 0.996614
vn -0.0356515 -0.03491646 0.9987541
vn -0.07626568 -0.03267627 0.9965519
vn -0.03469742 -0.03196176 0.9988866
vn -0.07529115 -0.02986364 0.9967143
vn -0.03255605 -0.02938489 0.9990378
vn -0.06956755 -0.02987431 0.9971299
vn -0.02857501 -0.02732662 0.999218
vn -0.06367688 -0.02940742 0.9975372
vn -0.02549084 -0.02539229 0.9993525
vn -0.05746004 -0.0294267 0.997914
vn -0.02308059 -0.02261061 0.9994779
vn -0.05358674 -0.02929615 0.9981334
vn -0.02237845 -0.02021817 0.9995451
vn -0.05185237 -0.02758203 0.9982738
vn -0.02302874 -0.01694564 0.9995912
vn -0.05147436 -0.02627321 0.9983287
vn -0.02433172 -0.01410914 0.9996043
vn -0.05320832 -0.02305722 0.9983172
vn -0.02592044 -0.01216428 0.99959
vn -0.0552706 -0.02010028 0.9982691
vn -0.02752227 -0.009983191 0.9995713
vn -0.0587186 -0.01563674 0.9981521
vn -0.0293378 -0.007791976 0.9995391
vn -0.06218795 -0.01123721 0.9980012
vn -0.03113818 -0.005527802 0.9994998
vn -0.06745585 -0.004619718 0.9977116
vn -0.03377571 -0.002213981 0.999427
vn -0.07266437 0.001948928 0.9973546
vn -0.03638585 0.001075059 0.9993373
vn -0.07950243 0.01056281 0.9967787
vn -0.0398005 0.005361156 0.9991933
vn -0.08638294 0.01910062 0.9960789
vn -0.0432414 0.009611043 0.9990184
vn -0.08830224 0.02174499 0.9958564
vn -0.04419709 0.01092603 0.9989631
vn -0.09021095 0.0243653 0.9956246
vn -0.04514802 0.01222904 0.9989055
vn -0.08105675 0.01358784 0.9966168
vn -0.04053875 0.006856536 0.9991544
vn -0.07154343 0.002881228 0.9974333
vn -0.03575677 0.001522477 0.9993594
vn -0.05712564 -0.01334661 0.9982778
vn -0.02857167 -0.006672158 0.9995695
vn -0.05964005 -0.007284435 0.9981933
vn -0.02983965 -0.003647066 0.999548
vn -0.06229841 -0.001240159 0.9980568
vn -0.03118166 -0.0006311149 0.9995135
vn -0.06268836 -0.0006024347 0.998033
vn -0.03141731 -0.0003357099 0.9995063
vn -0.06359711 6.684487E-06 0.9979756
vn -0.03191603 -5.531545E-05 0.9994906
vn -0.06387726 -0.007169229 0.997932
vn -0.0319426 -0.003643346 0.999483
vn -0.06424253 -0.01441707 0.9978302
vn -0.03200766 -0.00726732 0.9994612
vn -0.06486954 -0.01965859 0.9977001
vn -0.0323482 -0.009871411 0.9994279
vn -0.06518797 -0.02492808 0.9975616
vn -0.03253631 -0.01248952 0.9993925
vn -0.06585181 -0.02307156 0.9975626
vn -0.03285295 -0.01155921 0.9993933
vn -0.0667106 -0.02124758 0.9975461
vn -0.03326954 -0.01064583 0.9993897
vn -0.06693538 -0.01860989 0.9975837
vn -0.03342313 -0.009322495 0.9993978
vn -0.06667336 -0.01582797 0.9976493
vn -0.03333186 -0.007926293 0.9994129
vn -0.06466818 -0.01060745 0.9978504
vn -0.03235288 -0.005295723 0.9994625
vn -0.06226218 -0.005356695 0.9980454
vn -0.03117207 -0.002650264 0.9995105
vn -0.06004962 -0.001399131 0.9981945
vn -0.03004738 -0.0006974816 0.9995483
vn -0.05816637 0.002579693 0.9983036
vn -0.02908915 0.001265962 0.999576
vn -0.05958349 4.827559E-05 0.9982233
vn -0.02980364 1.853678E-05 0.9995558
vn -0.06083814 -0.002510049 0.9981445
vn -0.03043722 -0.001242138 0.9995359
vn -0.05894284 0.0008765525 0.998261
vn -0.02956216 0.0005554314 0.9995628
vn -0.05571671 0.004021176 0.9984385
vn -0.02804069 0.002232878 0.9996043
vn -0.05372735 0.006097627 0.998537
vn -0.0268671 0.003223237 0.9996338
vn -0.05173124 0.00829999 0.9986265
vn -0.02571632 0.004274707 0.9996601
vn -0.04223966 -0.003789033 0.9991003
vn -0.02108737 -0.00145816 0.9997766
vn -0.03191737 -0.01428419 0.9993885
vn -0.01606738 -0.006491684 0.9998499
vn -0.00208062 -0.03644341 0.9993336
vn -0.0009840011 -0.0143923 0.9998959
vn 0.02507565 -0.05714991 0.9980506
vn 0.01233942 -0.0287377 0.9995108
vn 0.02616216 -0.05585534 0.998096
vn 0.01301511 -0.02786191 0.999527
vn 0.02952349 -0.06009816 0.9977558
vn 0.0147925 -0.02966853 0.9994503
vn 0.01803301 -0.06049362 0.9980057
vn 0.009149942 -0.02974974 0.9995155
vn 0.005175585 -0.06150135 0.9980936
vn 0.002857947 -0.03012614 0.999542
vn -0.005754751 -0.06567883 0.9978243
vn -0.00271659 -0.03256666 0.9994659
vn -0.0169878 -0.06611328 0.9976675
vn -0.0156572 -0.06712455 0.9976218
vn -0.007825051 -0.03362815 0.9994038
vn -0.01411367 -0.06695014 0.9976565
vn -0.007085454 -0.0334415 0.9994155
vn -0.004018169 -0.06570719 0.9978309
vn -0.002073602 -0.03277619 0.9994606
vn 0.005892529 -0.06391162 0.9979382
vn 0.002847219 -0.0318404 0.9994889
vn 0.01247863 -0.06177277 0.9980122
vn 0.006192265 -0.03084191 0.9995051
vn 0.01918909 -0.06042968 0.997988
vn 0.009597983 -0.03023773 0.9994966
vn 0.02063924 -0.06009208 0.9979795
vn 0.01032405 -0.03006681 0.9994946
vn 0.0220944 -0.0597774 0.9979672
vn 0.01105256 -0.02990755 0.9994916
vn 0.01957 -0.06018596 0.9979953
vn 0.01692337 -0.05962272 0.9980775
vn 0.008363429 -0.02986139 0.9995191
vn 0.01226878 -0.06010959 0.9981164
vn 0.006014311 -0.02996136 0.9995329
vn 0.007845417 -0.06067499 0.9981267
vn 0.003822338 -0.03025746 0.9995348
vn 0.006111121 -0.06049106 0.9981501
vn 0.004455256 -0.06044479 0.9981616
vn 0.002171422 -0.03015498 0.9995428
vn 0.003039713 -0.06032468 0.9981742
vn 0.001465717 -0.03009305 0.9995461
vn 0.001651932 -0.06017814 0.9981863
vn 0.0007738669 -0.03001696 0.9995491
vn -0.0006764984 -0.06039251 0.9981745
vn -0.00296753 -0.06055135 0.9981607
vn 0.009400198 -0.05410621 0.9984909
vn 0.004708884 -0.02706932 0.9996225
vn -0.002800826 -0.05790724 0.9983181
vn -0.001427557 -0.0289156 0.9995809
vn -0.007108279 -0.058359 0.9982704
vn -0.01131206 -0.05838357 0.9982302
vn -0.01809764 -0.05856614 0.9981195
vn -0.02493855 -0.0593625 0.9979249
vn -0.01248692 -0.0296768 0.9994815
vn -0.03961289 -0.06150645 0.9973203
vn -0.05546913 -0.06541511 0.9963152
vn -0.02758227 -0.0329949 0.9990749
vn -0.07583591 -0.06777901 0.994814
vn -0.03791591 -0.03386949 0.9987068
vn -0.09255955 -0.06634616 0.9934943
vn -0.04635084 -0.03276153 0.9983878
vn -0.1043839 -0.05222778 0.9931648
vn -0.1016501 -0.03332179 0.994262
vn -0.08708939 -0.01925808 0.9960144
vn -0.0798383 -0.009395737 0.9967636
vn -0.07314902 -0.008165427 0.9972876
vn -0.07079421 -0.00769222 0.9974613
vn -0.0352517 -0.003734332 0.9993715
vn -0.06790661 -0.009916373 0.9976424
vn -0.03388122 -0.004894223 0.9994138
vn -0.06601926 -0.01228469 0.9977427
vn -0.03300153 -0.006123231 0.9994366
vn -0.06697976 -0.01145218 0.9976886
vn -0.07174763 -0.01145092 0.9973571
vn -0.08198937 -0.002769594 0.9966294
vn -0.09689128 0.006429906 0.9952742
vn -0.1000204 0.02291854 0.9947214
vn -0.09127264 0.03681751 0.9951451
vn -0.04584088 0.01864312 0.9987748
vn -0.0799188 0.03872862 0.9960487
vn -0.04009505 0.01959008 0.9990038
vn -0.06844596 0.04028172 0.9968413
vn -0.03432302 0.02036794 0.9992032
vn -0.06007712 0.03995021 0.997394
vn -0.03008825 0.02012228 0.9993447
vn -0.05273705 0.0402064 0.9977987
vn -0.02638775 0.02018623 0.9994479
vn -0.04266858 0.04083222 0.9982545
vn -0.02133623 0.02048166 0.9995626
vn -0.03288309 0.04159933 0.9985931
vn -0.01643008 0.02085103 0.9996476
vn -0.02184812 0.0432345 0.998826
vn -0.01093563 0.02161888 0.9997064
vn -0.01099383 0.04537065 0.9989097
vn -0.00553249 0.02263749 0.9997284
vn -0.007383405 0.04272218 0.9990597
vn -0.003729908 0.02140583 0.9997639
vn -0.00827374 0.0429549 0.9990427
vn -0.004192043 0.02154632 0.9997591
vn -0.009287847 0.04348567 0.9990109
vn -0.004695218 0.02173581 0.9997527
vn -0.00985666 0.04426386 0.9989712
vn -0.004962568 0.02200905 0.9997455
vn -0.005292451 0.02247849 0.9997333
vn -0.01131398 0.04630043 0.9988635
vn -0.00570156 0.02300759 0.999719
vn -0.01213631 0.0473798 0.9988032
vn -0.006118483 0.02354367 0.9997041
vn -0.01245602 0.04854412 0.9987434
vn -0.006274888 0.02412788 0.9996892
vn -0.01277393 0.0496651 0.9986842
vn -0.006430149 0.02469099 0.9996744
vn -0.01232814 0.05087327 0.998629
vn -0.006198383 0.02530397 0.9996606
vn -0.01185067 0.05196736 0.9985785
vn -0.005950748 0.02586205 0.9996478
vn -0.01030644 0.05295152 0.9985439
vn -0.005173439 0.02639241 0.9996383
vn -0.008660436 0.05348632 0.998531
vn -0.00434486 0.02669937 0.9996341
vn -0.00472636 0.05346619 0.9985585
vn -0.002361043 0.02673437 0.9996398
vn -0.0007637695 0.05289026 0.9986001
vn -0.0003629986 0.0264907 0.999649
vn 0.004595365 0.05181016 0.9986464
vn 0.002322726 0.02589281 0.999662
vn 0.009909772 0.05052651 0.9986736
vn 0.00498599 0.02519526 0.9996701
vn 0.0005167246 -0.0001297748 0.9999999
vn 0.001158189 -0.0004261903 0.9999992
vn 0.00156167 -0.0006585305 0.9999986
vn 0.002283249 -0.0008757316 0.999997
vn 0.002542904 -0.0008671544 0.9999964
vn 0.005348639 -0.001282323 0.9999849
vn 0.009945311 -0.003003129 0.9999461
vn 0.0122 -0.002816079 0.9999216
vn 0.01621686 -0.003516498 0.9998623
vn 0.01610691 -0.002836462 0.9998662
vn 0.01332175 -0.002398855 0.9999084
vn 0.02017244 -0.003934076 0.9997888
vn 0.0233803 -0.003510199 0.9997205
vn 0.01905371 -0.002733591 0.9998147
vn 0.01879684 -0.003542835 0.9998171
vn 0.02659194 -0.004060733 0.9996381
vn 0.02561695 -0.002358397 0.9996691
vn 0.0178859 -0.00125608 0.9998392
vn 0.02469603 -0.001400852 0.999694
vn 0.02185461 0.0006283977 0.999761
vn 0.0005103046 -0.0005810843 0.9999997
vn 0.001917702 -0.002897387 0.999994
vn 0.01388608 0.001403187 0.9999026
vn 0.01639179 -0.0003458545 0.9998656
vn 0.01909943 0.002015723 0.9998156
vn 0.01576717 0.004036008 0.9998676
vn 0.00638561 -0.008862208 0.9999403
vn 0.009427113 0.003897579 0.999948
vn 0.01152946 0.002679731 0.99993
vn 0.01240763 0.005799405 0.9999062
vn 0.0101567 0.007008025 0.9999239
vn 0.009212248 -0.01354051 0.9998659
vn 0.009268512 -0.01471935 0.9998487
vn 0.01014837 -0.01699613 0.9998041
vn 0.01129346 -0.01725877 0.9997873
vn 0.005727504 0.005917846 0.9999661
vn 0.007186025 0.005074084 0.9999613
vn 0.007688451 0.00805154 0.999938
vn 0.006425779 0.008076607 0.9999467
vn 0.01236093 -0.02181378 0.9996856
vn 0.01005899 -0.02012326 0.9997469
vn 0.00861424 -0.02091662 0.9997441
vn 0.01194238 -0.02375614 0.9996464
vn 0.003837811 0.006731104 0.99997
vn 0.004439906 0.006770213 0.9999672
vn 0.005226309 0.008480965 0.9999503
vn 0.004645999 0.007981185 0.9999574
vn 0.009492073 -0.02655596 0.9996023
vn 0.006311925 -0.02216541 0.9997344
vn 0.003019561 -0.02195498 0.9997544
vn 0.005940761 -0.0276163 0.9996009
vn 0.003045209 0.006214614 0.999976
vn 0.003350385 0.006686712 0.999972
vn 0.0044263 0.007470256 0.9999623
vn 0.00171472 -0.03007642 0.9995461
vn -0.0004087837 -0.02306449 0.9997339
vn 0.002174308 0.005159386 0.9999843
vn 0.002693989 0.005707414 0.9999801
vn 0.002741245 0.00543873 0.9999815
vn 0.0016329 0.00411704 0.9999902
vn 0.001882281 0.004648492 0.9999874
vn 0.002329074 0.00465021 0.9999865
vn 0.002048119 0.004051284 0.9999897
vn -0.007477968 -0.03382199 0.9993999
vn -0.009885747 -0.03444637 0.9993576
vn 0.001252186 0.003116448 0.9999943
vn 0.001875824 0.003398691 0.9999925
vn 0.001814426 0.002996173 0.9999939
vn -0.01239333 -0.03327312 0.9993694
vn -0.009910355 -0.02574051 0.9996195
vn -0.01513825 -0.0228202 0.999625
vn -0.01954107 -0.02981951 0.9993643
vn 0.0009530949 0.002524386 0.9999964
vn 0.001087163 0.002742773 0.9999956
vn -0.01953101 -0.01940018 0.999621
vn -0.02321305 -0.0163461 0.9995969
vn -0.03107433 -0.02110672 0.9992942
vn -0.03562569 -0.01620775 0.9992338
vn -0.02565679 -0.01282019 0.9995886
vn -0.02688895 -0.009773603 0.9995906
vn -0.03676224 -0.01254367 0.9992453
vn -0.0380745 -0.009318111 0.9992315
vn -0.02839445 -0.007175808 0.999571
vn -0.02734104 -0.00553703 0.9996108
vn -0.03743837 -0.006806486 0.9992757
vn -0.03654133 -0.004596064 0.9993216
vn -0.02598703 -0.004061129 0.9996541
vn -0.02147883 -0.003769411 0.9997622
vn -0.03090722 -0.003965402 0.9995144
vn -0.02967281 -0.002397513 0.9995568
vn -0.0207947 -0.002736653 0.99978
vn -0.01555231 -0.002996063 0.9998746
vn -0.02199572 -0.003052745 0.9997534
vn -0.01163898 -0.005271308 0.9999183
vn -0.008015311 -0.004414817 0.9999582
vn -0.003148005 -0.005194937 0.9999815
vn -0.004815993 -0.00647253 0.9999675
vn 0.001060625 -0.008029738 0.9999672
vn 0.0008453258 -0.006263583 0.99998
vn 0.002860755 -0.006764975 0.999973
vn 0.003659463 -0.00861559 0.9999562
vn 0.004828577 -0.007351154 0.9999613
vn 0.005009293 -0.007565726 0.9999588
vn 0.00734158 -0.01021407 0.9999209
vn 0.005934149 -0.01050075 0.9999273
vn 0.004572033 -0.01061089 0.9999332
vn 0.003220469 -0.008190854 0.9999613
vn -0.006606031 -0.009668855 0.9999315
vn -0.007915407 -0.009464224 0.9999239
vn -0.009641858 -0.008541021 0.999917
vn -0.001004004 0.001941258 0.9999976
vn -0.000831269 0.001451163 0.9999986
vn -0.001561964 0.001569225 0.9999976
vn -0.001235891 0.00118403 0.9999985
vn -0.002341601 0.0009612729 0.9999968
vn -0.00181793 0.0007401972 0.9999981
vn -0.008633292 -0.007241151 0.9999365
vn -0.006638847 -0.005359728 0.9999636
vn -0.008863327 -0.006724195 0.9999381
vn -0.003020124 0.000111156 0.9999954
vn -0.002339383 0.0001127476 0.9999973
vn -0.002974816 -0.0001473921 0.9999956
vn -0.009123242 -0.006132459 0.9999396
vn -0.008731619 -0.005450597 0.999947
vn -0.001836767 -0.0004254085 0.9999982
vn -0.008446291 -0.004701792 0.9999533
vn -0.006055755 -0.003581266 0.9999753
vn -0.005406956 -0.002929759 0.9999811
vn -0.007475451 -0.003866928 0.9999646
vn -0.006623591 -0.003139694 0.9999731
vn -0.004891161 -0.002385314 0.9999852
vn -0.003939635 -0.001788287 0.9999906
vn -0.005323596 -0.002349715 0.9999831
vn -0.004130284 -0.001744271 0.9999899
vn -0.003096175 -0.001322906 0.9999943
vn -0.002839245 -0.001101771 0.9999954
vn -0.001290886 0.0005141156 0.999999
vn -0.004007898 -0.002572721 0.9999887
vn -0.00200009 -0.001584273 0.9999967
vn -0.00053656 0.0005930175 0.9999997
vn -0.003440054 -0.002474881 0.999991
vn -0.005071913 -0.003734485 0.9999802
vn -0.003938758 -0.00141821 0.9999912
vn -0.0009466435 -0.003584076 0.9999931
vn -0.001815624 -0.005506278 0.9999832
vn 0.001344329 -0.0009141689 0.9999987
vn -0.0008158023 -0.001718049 0.9999982
vn -0.0001075176 -0.001558233 0.9999988
vn 0.002552443 -0.005767612 0.9999801
vn 0.002034576 -0.00379491 0.9999907
vn 0.00249566 -0.005746893 0.9999804
vn 0.001784976 -0.001078021 0.9999979
vn 0.002570671 -0.001891121 0.9999949
vn 0.00345424 -0.005369976 0.9999796
vn 0.003865066 -0.005339427 0.9999783
vn 0.0003112468 -0.00444286 0.9999901
vn -0.004830058 -0.003498015 0.9999822
vn -0.002071986 -0.002553817 0.9999946
vn -0.01066329 -0.00233345 0.9999404
vn -0.006128524 -0.001866952 0.9999795
vn -0.003711792 -0.0006942638 0.9999928
vn -0.003780371 6.98276E-05 0.9999928
vn -0.01459386 -0.00192514 0.9998916
vn -0.008915702 -0.001545462 0.9999591
vn -0.01418675 -0.002902802 0.9998952
vn -0.007688938 -0.002294016 0.9999678
vn -0.007129258 0.0002173731 0.9999745
vn -0.004553129 -0.0006632062 0.9999894
vn -0.01699747 -0.003351898 0.9998499
vn -0.008609093 -0.002829725 0.9999589
vn -0.01930669 -0.004004272 0.9998056
vn -0.01145926 -0.002875531 0.9999302
vn -0.02134075 -0.004642247 0.9997615
vn -0.01358297 -0.002876501 0.9999036
vn -0.01888073 -0.006882855 0.9997981
vn -0.01064452 -0.004731694 0.9999322
vn -0.002637717 -0.001781893 0.9999949
vn -0.007586774 -0.0007218265 0.999971
vn -0.006288011 0.0002277335 0.9999802
vn -0.0006243368 0.002078665 0.9999976
vn -0.01141767 0.0004832059 0.9999347
vn -0.0167277 -0.009614426 0.9998139
vn -0.008325071 -0.007004338 0.9999408
vn -0.0166806 -0.01158347 0.9997938
vn -0.003244872 -0.002817389 0.9999908
vn 0.0006391297 -0.002884973 0.9999956
vn -0.001832257 -0.004106724 0.9999899
vn -0.005975428 -0.0006188576 0.9999819
vn -0.001856925 -0.002332874 0.9999955
vn -0.01529262 -0.01312969 0.9997969
vn -0.01055516 -0.008113862 0.9999114
vn -0.01101214 -0.01589785 0.999813
vn -0.006815011 -0.01026559 0.9999241
vn -0.009682826 -0.001547661 0.9999519
vn -0.006391303 -0.0186352 0.9998059
vn -0.003116722 -0.01268018 0.9999148
vn 0.0006550682 0.003107562 0.9999949
vn 0.001784748 -0.007580966 0.9999697
vn -0.002233525 -0.006005866 0.9999795
vn -0.004373071 -0.0009903808 0.9999899
vn -0.004647304 -0.009392946 0.9999451
vn -0.003810641 -0.01771308 0.9998358
vn -0.001465994 -0.01731273 0.999849
vn 0.001264917 -0.01750704 0.9998459
vn 0.002923055 -0.01590509 0.9998692
vn 0.005076563 -0.01460702 0.9998804
vn 0.00695014 -0.01322934 0.9998884
vn 0.002188908 0.005902797 0.9999802
vn 0.003000577 0.005208199 0.9999819
vn 0.003857294 0.004888041 0.9999806
vn 0.004810806 0.004587011 0.9999779
vn 0.007894253 -0.01270468 0.9998881
vn 0.0005237369 0.001989702 0.9999979
vn 0.00123809 0.0008930857 0.9999988
vn 0.005730872 0.003764644 0.9999765
vn 0.007822176 0.00208357 0.9999672
vn 0.009867542 0.0005433465 0.9999512
vn 0.01038406 0.0002329326 0.9999461
vn 0.01128476 -0.0007919442 0.999936
vn 0.01236902 -0.001947841 0.9999216
vn 0.003478418 -0.000695107 0.9999937
vn 0.01334116 -0.003028372 0.9999064
vn 0.009695995 -0.002252524 0.9999505
vn 0.01116726 -0.002900758 0.9999334
vn 0.01001471 -0.002914599 0.9999456
vn 0.008642173 -0.002635719 0.9999592
vn 0.005852885 -0.002002868 0.9999809
vn 0.001665718 -0.0004036149 0.9999985

usemtl block2
f 2/2/2 1/1/1 4/4/4 3/3/3
f 6/6/6 5/5/5 2/2/2 3/3/3
f 6/6/6 3/3/3 4/4/4 7/7/7
f 4/4/4 1/1/1 9/9/9 8/8/8
f 7/7/7 4/4/4 8/8/8 10/10/10
f 9/9/9 11/11/11 10/10/10 8/8/8
f 13/13/13 12/12/12 15/15/15 14/14/14
f 13/13/13 14/14/14 17/17/17 16/16/16
f 17/17/17 14/14/14 15/15/15 18/18/18
f 15/15/15 12/12/12 20/20/20 19/19/19
f 15/15/15 19/19/19 21/21/21 18/18/18
f 19/19/19 20/20/20 22/22/22 21/21/21
f 24/24/24 23/23/23 26/26/26 25/25/25
f 24/24/24 25/25/25 28/28/28 27/27/27
f 25/25/25 26/26/26 29/29/29 28/28/28
f 31/31/31 30/30/30 33/33/33 32/32/32
f 31/31/31 32/32/32 35/35/35 34/34/34
f 32/32/32 33/33/33 36/36/36 35/35/35
f 38/38/38 37/37/37 40/40/40 39/39/39
f 41/41/41 38/38/38 39/39/39 42/42/42
f 40/40/40 43/43/43 42/42/42 39/39/39
f 45/45/45 44/44/44 47/47/47 46/46/46
f 48/48/48 45/45/45 46/46/46 49/49/49
f 47/47/47 50/50/50 49/49/49 46/46/46
f 52/52/52 51/51/51 54/54/54 53/53/53
f 55/55/55 52/52/52 53/53/53 56/56/56
f 54/54/54 57/57/57 56/56/56 53/53/53
f 61/61/61 60/60/60 59/59/59 58/58/58
f 60/60/60 63/63/63 62/62/62 59/59/59
f 61/61/61 64/64/64 63/63/63 60/60/60
f 67/67/67 66/66/66 65/65/65 7/7/7
f 66/66/66 69/69/69 68/68/68 65/65/65
f 67/67/67 58/58/58 69/69/69 66/66/66
f 6/6/6 71/71/71 70/70/70 5/5/5
f 71/71/71 73/73/73 72/72/72 70/70/70
f 6/6/6 7/7/7 73/73/73 71/71/71
f 77/77/77 76/76/76 75/75/75 74/74/74
f 76/76/76 79/79/79 78/78/78 75/75/75
f 77/77/77 5/5/5 79/79/79 76/76/76
f 83/83/83 82/82/82 81/81/81 80/80/80
f 85/85/85 84/84/84 81/81/81 82/82/82
f 83/83/83 74/74/74 85/85/85 82/82/82
f 89/89/89 88/88/88 87/87/87 86/86/86
f 88/88/88 91/91/91 90/90/90 87/87/87
f 92/92/92 91/91/91 88/88/88 89/89/89
f 96/96/96 95/95/95 94/94/94 93/93/93
f 95/95/95 98/98/98 97/97/97 94/94/94
f 99/99/99 98/98/98 95/95/95 96/96/96
f 103/103/103 102/102/102 101/101/101 100/100/100
f 105/105/105 104/104/104 101/101/101 102/102/102
f 103/103/103 106/106/106 105/105/105 102/102/102
f 110/110/110 109/109/109 108/108/108 107/107/107
f 112/112/112 111/111/111 108/108/108 109/109/109
f 110/110/110 113/113/113 112/112/112 109/109/109
f 117/117/117 116/116/116 115/115/115 114/114/114
f 119/119/119 118/118/118 115/115/115 116/116/116
f 120/120/120 119/119/119 116/116/116 117/117/117
f 115/115/115 122/122/122 121/121/121 114/114/114
f 122/122/122 124/124/124 123/123/123 121/121/121
f 118/118/118 124/124/124 122/122/122 115/115/115
f 128/128/128 127/127/127 126/126/126 125/125/125
f 121/121/121 123/123/123 126/126/126 127/127/127
f 114/114/114 121/121/121 127/127/127 128/128/128
f 126/126/126 130/130/130 129/129/129 125/125/125
f 130/130/130 132/132/132 131/131/131 129/129/129
f 123/123/123 132/132/132 130/130/130 126/126/126
f 135/135/135 134/134/134 133/133/133 136/136/136
f 138/138/138 137/137/137 134/134/134 135/135/135
f 138/138/138 135/135/135 136/136/136 139/139/139
f 142/142/142 141/141/141 140/140/140 143/143/143
f 144/144/144 141/141/141 142/142/142 145/145/145
f 145/145/145 142/142/142 143/143/143 146/146/146
f 149/149/149 148/148/148 147/147/147 150/150/150
f 151/151/151 148/148/148 149/149/149 152/152/152
f 152/152/152 149/149/149 150/150/150 153/153/153
f 156/156/156 155/155/155 154/154/154 157/157/157
f 159/159/159 158/158/158 155/155/155 156/156/156
f 159/159/159 156/156/156 157/157/157 160/160/160
f 162/162/162 161/161/161 164/164/164 163/163/163
f 166/166/166 165/165/165 162/162/162 163/163/163
f 166/166/166 163/163/163 164/164/164 167/167/167
f 170/170/169 169/169/169 168/168/168 171/171/170
f 172/172/169 169/169/169 170/170/169 173/173/169
f 173/173/169 170/170/169 171/171/170 174/174/171
f 176/176/169 175/175/172 168/168/168 169/169/169
f 176/176/169 178/178/169 177/177/173 175/175/172
f 178/178/169 176/176/169 169/169/169 172/172/169
f 182/182/169 181/181/169 180/180/169 179/179/169
f 181/181/169 184/184/169 183/183/174 180/180/169
f 182/182/169 185/185/169 184/184/169 181/181/169
f 187/187/169 186/186/175 189/189/176 188/188/169
f 187/187/169 188/188/169 191/191/178 190/190/177
f 188/188/169 189/189/176 192/192/179 191/191/178
f 193/193/169 186/186/175 187/187/169 194/194/169
f 193/193/169 194/194/169 196/196/169 195/195/169
f 194/194/169 187/187/169 190/190/177 196/196/169
f 68/68/68 199/199/182 198/198/181 197/197/180
f 201/201/184 200/200/183 197/197/180 198/198/181
f 199/199/182 202/202/185 201/201/184 198/198/181
f 201/201/184 204/204/169 203/203/169 200/200/183
f 204/204/169 206/206/169 205/205/169 203/203/169
f 201/201/184 202/202/185 206/206/169 204/204/169
f 207/207/169 210/210/169 209/209/169 208/208/169
f 212/212/187 211/211/186 208/208/169 209/209/169
f 210/210/169 213/213/188 212/212/187 209/209/169
f 72/72/72 216/216/191 215/215/190 214/214/189
f 218/218/193 217/217/192 214/214/189 215/215/190
f 216/216/191 200/200/183 218/218/193 215/215/190
f 222/222/169 221/221/169 220/220/169 219/219/169
f 221/221/169 224/224/169 223/223/169 220/220/169
f 222/222/169 205/205/169 224/224/169 221/221/169
f 78/78/78 227/227/196 226/226/195 225/225/194
f 229/229/198 228/228/197 225/225/194 226/226/195
f 227/227/196 217/217/192 229/229/198 226/226/195
f 84/84/84 232/232/200 231/231/102 230/230/199
f 234/234/105 233/233/201 230/230/199 231/231/102
f 232/232/200 228/228/197 234/234/105 231/231/102
f 238/238/169 237/237/169 236/236/169 235/235/169
f 237/237/169 240/240/169 239/239/169 236/236/169
f 238/238/169 241/241/169 240/240/169 237/237/169
f 242/242/202 245/245/205 244/244/204 243/243/203
f 247/247/207 246/246/206 243/243/203 244/244/204
f 245/245/205 233/233/201 247/247/207 244/244/204
f 233/233/201 250/250/169 249/249/169 248/248/169
f 252/252/169 251/251/169 248/248/169 249/249/169
f 250/250/169 253/253/169 252/252/169 249/249/169
f 257/257/169 256/256/169 255/255/169 254/254/169
f 256/256/169 258/258/169 158/158/158 255/255/169
f 257/257/169 259/259/169 258/258/169 256/256/169
f 260/260/169 263/263/169 262/262/169 261/261/169
f 265/265/209 264/264/208 261/261/169 262/262/169
f 263/263/169 160/160/160 265/265/209 262/262/169
f 266/266/169 269/269/169 268/268/169 267/267/169
f 271/271/169 270/270/169 267/267/169 268/268/169
f 268/268/169 269/269/169 272/272/169 271/271/169
f 270/270/169 275/275/169 274/274/169 273/273/169
f 277/277/169 276/276/169 273/273/169 274/274/169
f 274/274/169 275/275/169 260/260/169 277/277/169
f 112/112/112 279/279/169 278/278/169 111/111/111
f 280/280/169 278/278/169 279/279/169 281/281/169
f 113/113/113 281/281/169 279/279/169 112/112/112
f 282/282/210 285/285/169 284/284/169 283/283/169
f 284/284/169 287/287/169 286/286/211 283/283/169
f 285/285/169 288/288/169 287/287/169 284/284/169
f 289/289/169 151/151/151 291/291/169 290/290/169
f 292/292/169 289/289/169 290/290/169 293/293/169
f 291/291/169 294/294/169 293/293/169 290/290/169
f 298/298/215 297/297/214 296/296/213 295/295/212
f 299/299/216 296/296/213 297/297/214 300/300/217
f 301/301/218 300/300/217 297/297/214 298/298/215
f 302/302/219 144/144/144 145/145/145 303/303/220
f 302/302/219 303/303/220 305/305/222 304/304/221
f 145/145/145 146/146/146 305/305/222 303/303/220
f 309/309/225 308/308/224 307/307/224 306/306/223
f 308/308/224 311/311/224 310/310/226 307/307/224
f 312/312/225 311/311/224 308/308/224 309/309/225
f 313/313/137 316/316/229 315/315/228 314/314/227
f 317/317/230 314/314/227 315/315/228 318/318/231
f 318/318/231 315/315/228 316/316/229 319/319/232
f 321/321/234 320/320/233 323/323/236 322/322/235
f 324/324/237 321/321/234 322/322/235 325/325/238
f 323/323/236 326/326/239 325/325/238 322/322/235
f 328/328/240 327/327/240 137/137/137 138/138/138
f 329/329/240 327/327/240 328/328/240 330/330/241
f 139/139/139 330/330/241 328/328/240 138/138/138
f 334/334/169 333/333/169 332/332/169 331/331/242
f 333/333/169 336/336/169 335/335/169 332/332/169
f 337/337/169 336/336/169 333/333/169 334/334/169
f 340/340/240 339/339/211 338/338/211 341/341/240
f 342/342/211 339/339/211 340/340/240 343/343/240
f 343/343/240 340/340/240 341/341/240 329/329/240
f 346/346/169 345/345/169 344/344/169 335/335/169
f 348/348/169 347/347/169 344/344/169 345/345/169
f 349/349/169 348/348/169 345/345/169 346/346/169
f 350/350/169 353/353/169 352/352/169 351/351/169
f 352/352/169 355/355/169 354/354/169 351/351/169
f 353/353/169 356/356/169 355/355/169 352/352/169
f 359/359/169 358/358/169 357/357/169 360/360/169
f 356/356/169 358/358/169 359/359/169 355/355/169
f 354/354/169 355/355/169 359/359/169 360/360/169
f 357/357/169 363/363/169 362/362/169 361/361/169
f 362/362/169 364/364/169 349/349/169 361/361/169
f 363/363/169 365/365/169 364/364/169 362/362/169
f 367/367/169 366/366/169 353/353/169 350/350/169
f 366/366/169 368/368/169 356/356/169 353/353/169
f 369/369/169 368/368/169 366/366/169 367/367/169
f 372/372/245 371/371/244 370/370/243 373/373/246
f 374/374/240 371/371/244 372/372/245 375/375/247
f 375/375/247 372/372/245 373/373/246 376/376/244
f 371/371/244 378/378/247 377/377/248 370/370/243
f 380/380/240 379/379/211 377/377/248 378/378/247
f 374/374/240 380/380/240 378/378/247 371/371/244
f 383/383/251 382/382/250 381/381/249 384/384/252
f 385/385/253 382/382/250 383/383/251 386/386/254
f 384/384/252 387/387/255 386/386/254 383/383/251
f 391/391/211 390/390/256 389/389/256 388/388/256
f 390/390/256 393/393/211 392/392/256 389/389/256
f 391/391/211 394/394/211 393/393/211 390/390/256
f 396/396/258 395/395/257 324/324/237 397/397/259
f 399/399/261 398/398/260 395/395/257 396/396/258
f 399/399/261 396/396/258 397/397/259 400/400/262
f 402/402/264 401/401/263 404/404/265 403/403/255
f 398/398/260 402/402/264 403/403/255 395/395/257
f 404/404/265 324/324/237 395/395/257 403/403/255
f 401/401/263 402/402/264 406/406/266 405/405/266
f 407/407/267 405/405/266 406/406/266 408/408/260
f 408/408/260 406/406/266 402/402/264 398/398/260
f 409/409/268 319/319/232 411/411/270 410/410/269
f 407/407/267 409/409/268 410/410/269 405/405/266
f 410/410/269 411/411/270 401/401/263 405/405/266
f 412/412/211 388/388/256 414/414/256 413/413/256
f 416/416/211 415/415/169 412/412/211 413/413/256
f 416/416/211 413/413/256 414/414/256 417/417/211
f 418/418/169 421/421/169 420/420/211 419/419/169
f 419/419/169 420/420/211 416/416/211 417/417/211
f 421/421/169 415/415/169 416/416/211 420/420/211
f 422/422/169 418/418/169 424/424/169 423/423/169
f 426/426/169 425/425/169 422/422/169 423/423/169
f 427/427/169 426/426/169 423/423/169 424/424/169
f 317/317/230 430/430/273 429/429/272 428/428/271
f 431/431/274 428/428/271 429/429/272 432/432/275
f 432/432/275 429/429/272 430/430/273 433/433/276
f 434/434/169 437/437/169 436/436/169 435/435/169
f 426/426/169 427/427/169 435/435/169 436/436/169
f 437/437/169 425/425/169 426/426/169 436/436/169
f 440/440/279 439/439/278 438/438/277 441/441/280
f 442/442/281 439/439/278 440/440/279 443/443/282
f 441/441/280 444/444/280 443/443/282 440/440/279
f 445/445/169 434/434/169 447/447/169 446/446/169
f 449/449/169 448/448/169 445/445/169 446/446/169
f 449/449/169 446/446/169 447/447/169 450/450/169
f 451/451/169 454/454/169 453/453/169 452/452/169
f 449/449/169 450/450/169 452/452/169 453/453/169
f 454/454/169 448/448/169 449/449/169 453/453/169
f 455/455/283 438/438/277 439/439/278 456/456/284
f 457/457/285 455/455/283 456/456/284 458/458/248
f 439/439/278 442/442/281 458/458/248 456/456/284
f 460/460/169 459/459/169 454/454/169 451/451/169
f 459/459/169 461/461/169 448/448/169 454/454/169
f 460/460/169 462/462/169 461/461/169 459/459/169
f 464/464/287 463/463/286 466/466/288 465/465/283
f 464/464/287 465/465/283 468/468/289 467/467/283
f 466/466/288 469/469/277 468/468/289 465/465/283
f 470/470/247 463/463/286 464/464/287 471/471/245
f 472/472/285 470/470/247 471/471/245 473/473/241
f 464/464/287 467/467/283 473/473/241 471/471/245
f 477/477/169 476/476/169 475/475/169 474/474/169
f 476/476/169 479/479/169 478/478/169 475/475/169
f 480/480/211 479/479/169 476/476/169 477/477/169
f 484/484/256 483/483/256 482/482/211 481/481/256
f 483/483/256 485/485/211 480/480/211 482/482/211
f 484/484/256 486/486/169 485/485/211 483/483/256
f 488/488/226 487/487/256 481/481/256 489/489/226
f 491/491/224 490/490/226 487/487/256 488/488/226
f 491/491/224 488/488/226 489/489/226 492/492/224
f 496/496/290 495/495/290 494/494/224 493/493/290
f 495/495/290 491/491/224 492/492/224 494/494/224
f 496/496/290 490/490/226 491/491/224 495/495/290
f 498/498/291 497/497/290 493/493/290 499/499/290
f 501/501/291 500/500/292 497/497/290 498/498/291
f 502/502/291 501/501/291 498/498/291 499/499/290
f 506/506/291 505/505/294 504/504/293 503/503/291
f 505/505/294 501/501/291 502/502/291 504/504/293
f 500/500/292 501/501/291 505/505/294 506/506/291
f 507/507/295 304/304/221 509/509/297 508/508/296
f 507/507/295 508/508/296 511/511/299 510/510/298
f 509/509/297 512/512/300 511/511/299 508/508/296
f 514/514/293 513/513/291 503/503/291 515/515/293
f 517/517/293 516/516/291 513/513/291 514/514/293
f 518/518/301 517/517/293 514/514/293 515/515/293
f 519/519/302 522/522/293 521/521/301 520/520/302
f 517/517/293 518/518/301 520/520/302 521/521/301
f 522/522/293 516/516/291 517/517/293 521/521/301
f 524/524/304 523/523/303 526/526/306 525/525/305
f 524/524/304 525/525/305 528/528/308 527/527/307
f 526/526/306 529/529/309 528/528/308 525/525/305
f 530/530/310 523/523/303 524/524/304 531/531/304
f 533/533/304 532/532/311 530/530/310 531/531/304
f 533/533/304 531/531/304 524/524/304 527/527/307
f 535/535/312 534/534/305 537/537/313 536/536/304
f 536/536/304 533/533/304 527/527/307 535/535/312
f 537/537/313 532/532/311 533/533/304 536/536/304
f 538/538/293 519/519/302 540/540/314 539/539/301
f 542/542/301 541/541/293 538/538/293 539/539/301
f 543/543/315 542/542/301 539/539/301 540/540/314
f 544/544/316 547/547/293 546/546/301 545/545/317
f 542/542/301 543/543/315 545/545/317 546/546/301
f 547/547/293 541/541/293 542/542/301 546/546/301
f 548/548/318 534/534/305 550/550/320 549/549/319
f 552/552/322 551/551/321 548/548/318 549/549/319
f 552/552/322 549/549/319 550/550/320 553/553/323
f 554/554/324 544/544/316 556/556/325 555/555/324
f 558/558/327 557/557/326 554/554/324 555/555/324
f 559/559/328 558/558/327 555/555/324 556/556/325
f 560/560/329 563/563/332 562/562/331 561/561/330
f 561/561/330 562/562/331 565/565/334 564/564/333
f 562/562/331 563/563/332 551/551/321 565/565/334
f 564/564/333 565/565/334 567/567/334 566/566/335
f 567/567/334 552/552/322 553/553/323 566/566/335
f 565/565/334 551/551/321 552/552/322 567/567/334
f 569/569/333 568/568/336 571/571/330 570/570/334
f 569/569/333 570/570/334 561/561/330 564/564/333
f 571/571/330 560/560/329 561/561/330 570/570/334
f 572/572/337 575/575/326 574/574/339 573/573/338
f 558/558/327 559/559/328 573/573/338 574/574/339
f 575/575/326 557/557/326 558/558/327 574/574/339
f 576/576/340 564/564/333 578/578/282 577/577/341
f 580/580/342 579/579/289 576/576/340 577/577/341
f 580/580/342 577/577/341 578/578/282 581/581/281
f 583/583/211 582/582/285 585/585/281 584/584/211
f 586/586/169 583/583/211 584/584/211 587/587/211
f 585/585/281 579/579/289 587/587/211 584/584/211
f 589/589/169 588/588/169 591/591/169 590/590/169
f 589/589/169 590/590/169 583/583/211 586/586/169
f 591/591/169 582/582/285 583/583/211 590/590/169
f 593/593/343 592/592/293 575/575/326 572/572/337
f 594/594/290 557/557/326 575/575/326 592/592/293
f 593/593/343 595/595/344 594/594/290 592/592/293
f 596/596/345 599/599/348 598/598/347 597/597/346
f 601/601/347 600/600/349 597/597/346 598/598/347
f 599/599/348 602/602/348 601/601/347 598/598/347
f 603/603/169 586/586/169 605/605/169 604/604/169
f 603/603/169 604/604/169 607/607/169 606/606/169
f 605/605/169 608/608/169 607/607/169 604/604/169
f 609/609/169 586/586/169 603/603/169 610/610/169
f 612/612/169 611/611/169 609/609/169 610/610/169
f 612/612/169 610/610/169 603/603/169 606/606/169
f 614/614/351 613/613/350 599/599/348 596/596/345
f 615/615/352 602/602/348 599/599/348 613/613/350
f 614/614/351 616/616/353 615/615/352 613/613/350
f 617/617/169 620/620/169 619/619/169 618/618/169
f 618/618/169 619/619/169 622/622/169 621/621/169
f 619/619/169 620/620/169 611/611/169 622/622/169
f 624/624/169 623/623/169 626/626/169 625/625/169
f 624/624/169 625/625/169 618/618/169 621/621/169
f 626/626/169 617/617/169 618/618/169 625/625/169
f 627/627/354 630/630/213 629/629/356 628/628/355
f 632/632/358 631/631/357 628/628/355 629/629/356
f 630/630/213 633/633/213 632/632/358 629/629/356
f 634/634/169 621/621/169 636/636/169 635/635/169
f 634/634/169 635/635/169 638/638/169 637/637/169
f 636/636/169 639/639/169 638/638/169 635/635/169
f 640/640/169 621/621/169 634/634/169 641/641/169
f 643/643/169 642/642/169 640/640/169 641/641/169
f 643/643/169 641/641/169 634/634/169 637/637/169
f 644/644/169 647/647/169 646/646/169 645/645/169
f 646/646/169 643/643/169 637/637/169 645/645/169
f 647/647/169 642/642/169 643/643/169 646/646/169
f 649/649/214 648/648/359 630/630/213 627/627/354
f 650/650/360 633/633/213 630/630/213 648/648/359
f 649/649/214 651/651/214 650/650/360 648/648/359
f 653/653/362 652/652/361 655/655/357 654/654/358
f 657/657/363 656/656/363 653/653/362 654/654/358
f 658/658/364 657/657/363 654/654/358 655/655/357
f 659/659/169 644/644/169 661/661/169 660/660/169
f 663/663/169 662/662/169 659/659/169 660/660/169
f 663/663/169 660/660/169 661/661/169 664/664/169
f 665/665/169 668/668/169 667/667/169 666/666/169
f 667/667/169 663/663/169 664/664/169 666/666/169
f 668/668/169 662/662/169 663/663/169 667/667/169
f 669/669/169 665/665/169 671/671/169 670/670/169
f 673/673/169 672/672/169 669/669/169 670/670/169
f 673/673/169 670/670/169 671/671/169 674/674/169
f 676/676/169 675/675/169 678/678/169 677/677/169
f 679/679/169 676/676/169 677/677/169 680/680/169
f 678/678/169 672/672/169 680/680/169 677/677/169
f 681/681/169 679/679/169 680/680/169 682/682/169
f 681/681/169 682/682/169 673/673/169 674/674/169
f 680/680/169 672/672/169 673/673/169 682/682/169
f 683/683/169 679/679/169 685/685/169 684/684/169
f 687/687/169 686/686/169 683/683/169 684/684/169
f 687/687/169 684/684/169 685/685/169 688/688/169
f 288/288/169 691/691/169 690/690/169 689/689/169
f 690/690/169 693/693/169 692/692/169 689/689/169
f 691/691/169 694/694/169 693/693/169 690/690/169
f 696/696/169 695/695/169 698/698/169 697/697/169
f 696/696/169 697/697/169 687/687/169 688/688/169
f 697/697/169 698/698/169 686/686/169 687/687/169
f 699/699/169 695/695/169 701/701/169 700/700/169
f 703/703/169 702/702/169 699/699/169 700/700/169
f 703/703/169 700/700/169 701/701/169 704/704/169
f 706/706/169 705/705/169 708/708/169 707/707/169
f 706/706/169 707/707/169 703/703/169 704/704/169
f 707/707/169 708/708/169 702/702/169 703/703/169
f 712/712/169 711/711/169 710/710/169 709/709/169
f 713/713/169 710/710/169 711/711/169 714/714/169
f 280/280/169 714/714/169 711/711/169 712/712/169
f 716/716/169 715/715/169 705/705/169 717/717/169
f 719/719/169 718/718/169 715/715/169 716/716/169
f 719/719/169 716/716/169 717/717/169 720/720/169
f 722/722/169 721/721/169 724/724/169 723/723/169
f 722/722/169 723/723/169 719/719/169 720/720/169
f 723/723/169 724/724/169 718/718/169 719/719/169
f 726/726/169 725/725/169 721/721/169 727/727/169
f 729/729/169 728/728/169 725/725/169 726/726/169
f 729/729/169 726/726/169 727/727/169 730/730/169
f 731/731/169 734/734/169 733/733/169 732/732/169
f 732/732/169 733/733/169 729/729/169 730/730/169
f 733/733/169 734/734/169 728/728/169 729/729/169
f 736/736/169 735/735/169 738/738/169 737/737/169
f 739/739/169 736/736/169 737/737/169 740/740/169
f 740/740/169 737/737/169 738/738/169 741/741/169
f 743/743/169 742/742/169 731/731/169 744/744/169
f 746/746/169 745/745/169 742/742/169 743/743/169
f 746/746/169 743/743/169 744/744/169 747/747/169
f 738/738/169 735/735/169 749/749/169 748/748/169
f 738/738/169 748/748/169 750/750/169 741/741/169
f 748/748/169 749/749/169 751/751/169 750/750/169
f 752/752/169 755/755/169 754/754/169 753/753/169
f 753/753/169 754/754/169 746/746/169 747/747/169
f 754/754/169 755/755/169 745/745/169 746/746/169
f 758/758/169 757/757/169 756/756/169 759/759/169
f 760/760/169 757/757/169 758/758/169 761/761/169
f 761/761/169 758/758/169 759/759/169 762/762/169
f 764/764/169 763/763/169 752/752/169 765/765/169
f 766/766/169 763/763/169 764/764/169 767/767/169
f 767/767/169 764/764/169 765/765/169 768/768/169
f 769/769/169 772/772/169 771/771/169 770/770/169
f 770/770/169 771/771/169 767/767/169 768/768/169
f 771/771/169 772/772/169 766/766/169 767/767/169
f 756/756/169 775/775/169 774/774/169 773/773/169
f 773/773/169 774/774/169 777/777/169 776/776/169
f 774/774/169 775/775/169 778/778/169 777/777/169
f 781/781/169 780/780/169 779/779/169 782/782/169
f 777/777/169 778/778/169 780/780/169 781/781/169
f 777/777/169 781/781/169 782/782/169 776/776/169
f 784/784/169 783/783/169 769/769/169 785/785/169
f 786/786/169 783/783/169 784/784/169 787/787/169
f 787/787/169 784/784/169 785/785/169 788/788/169
f 779/779/169 791/791/169 790/790/169 789/789/169
f 789/789/169 790/790/169 787/787/169 788/788/169
f 790/790/169 791/791/169 786/786/169 787/787/169
f 795/795/368 794/794/367 793/793/366 792/792/365
f 794/794/367 797/797/370 796/796/369 793/793/366
f 799/799/372 798/798/371 797/797/370 794/794/367
f 800/800/373 799/799/372 794/794/367 795/795/368
f 804/804/377 803/803/376 802/802/375 801/801/374
f 803/803/376 795/795/368 792/792/365 802/802/375
f 805/805/378 800/800/373 795/795/368 803/803/376
f 806/806/379 805/805/378 803/803/376 804/804/377
f 808/808/381 807/807/380 799/799/372 800/800/373
f 807/807/380 809/809/382 798/798/371 799/799/372
f 811/811/384 810/810/383 809/809/382 807/807/380
f 812/812/385 811/811/384 807/807/380 808/808/381
f 814/814/387 813/813/386 805/805/378 806/806/379
f 813/813/386 808/808/381 800/800/373 805/805/378
f 815/815/388 812/812/385 808/808/381 813/813/386
f 816/816/389 815/815/388 813/813/386 814/814/387
f 818/818/391 817/817/390 811/811/384 812/812/385
f 817/817/390 819/819/392 810/810/383 811/811/384
f 821/821/394 820/820/393 819/819/392 817/817/390
f 822/822/395 821/821/394 817/817/390 818/818/391
f 824/824/397 823/823/396 815/815/388 816/816/389
f 823/823/396 818/818/391 812/812/385 815/815/388
f 825/825/398 822/822/395 818/818/391 823/823/396
f 826/826/399 825/825/398 823/823/396 824/824/397
f 828/828/401 827/827/400 821/821/394 822/822/395
f 827/827/400 829/829/402 820/820/393 821/821/394
f 831/831/404 830/830/403 829/829/402 827/827/400
f 832/832/405 831/831/404 827/827/400 828/828/401
f 834/834/407 833/833/406 825/825/398 826/826/399
f 833/833/406 828/828/401 822/822/395 825/825/398
f 835/835/408 832/832/405 828/828/401 833/833/406
f 836/836/409 835/835/408 833/833/406 834/834/407
f 838/838/411 837/837/410 831/831/404 832/832/405
f 837/837/410 839/839/412 830/830/403 831/831/404
f 841/841/414 840/840/413 839/839/412 837/837/410
f 842/842/415 841/841/414 837/837/410 838/838/411
f 844/844/417 843/843/416 835/835/408 836/836/409
f 843/843/416 838/838/411 832/832/405 835/835/408
f 845/845/418 842/842/415 838/838/411 843/843/416
f 846/846/419 845/845/418 843/843/416 844/844/417
f 848/848/420 847/847/420 841/841/414 842/842/415
f 847/847/420 849/849/420 840/840/413 841/841/414
f 851/851/421 850/850/421 849/849/420 847/847/420
f 852/852/422 851/851/421 847/847/420 848/848/420
f 854/854/424 853/853/423 845/845/418 846/846/419
f 853/853/423 848/848/420 842/842/415 845/845/418
f 853/853/423 855/855/422 852/852/422 848/848/420
f 854/854/424 856/856/425 855/855/422 853/853/423
f 852/852/422 858/858/426 857/857/426 851/851/421
f 857/857/426 859/859/427 850/850/421 851/851/421
f 857/857/426 861/861/429 860/860/428 859/859/427
f 858/858/426 862/862/430 861/861/429 857/857/426
f 864/864/431 863/863/426 855/855/422 856/856/425
f 855/855/422 863/863/426 858/858/426 852/852/422
f 863/863/426 865/865/430 862/862/430 858/858/426
f 866/866/432 865/865/430 863/863/426 864/864/431
f 868/868/434 867/867/433 861/861/429 862/862/430
f 867/867/433 869/869/435 860/860/428 861/861/429
f 871/871/437 870/870/436 869/869/435 867/867/433
f 872/872/438 871/871/437 867/867/433 868/868/434
f 874/874/440 873/873/439 865/865/430 866/866/432
f 873/873/439 868/868/434 862/862/430 865/865/430
f 875/875/441 872/872/438 868/868/434 873/873/439
f 876/876/442 875/875/441 873/873/439 874/874/440
f 878/878/444 877/877/443 871/871/437 872/872/438
f 877/877/443 879/879/445 870/870/436 871/871/437
f 881/881/447 880/880/446 879/879/445 877/877/443
f 882/882/448 881/881/447 877/877/443 878/878/444
f 884/884/450 883/883/449 875/875/441 876/876/442
f 883/883/449 878/878/444 872/872/438 875/875/441
f 885/885/451 882/882/448 878/878/444 883/883/449
f 886/886/452 885/885/451 883/883/449 884/884/450
f 888/888/454 887/887/453 881/881/447 882/882/448
f 887/887/453 889/889/455 880/880/446 881/881/447
f 891/891/457 890/890/456 889/889/455 887/887/453
f 892/892/458 891/891/457 887/887/453 888/888/454
f 894/894/460 893/893/459 885/885/451 886/886/452
f 893/893/459 888/888/454 882/882/448 885/885/451
f 895/895/461 892/892/458 888/888/454 893/893/459
f 896/896/462 895/895/461 893/893/459 894/894/460
f 898/898/464 897/897/463 891/891/457 892/892/458
f 897/897/463 899/899/465 890/890/456 891/891/457
f 901/901/467 900/900/466 899/899/465 897/897/463
f 902/902/468 901/901/467 897/897/463 898/898/464
f 904/904/470 903/903/469 895/895/461 896/896/462
f 903/903/469 898/898/464 892/892/458 895/895/461
f 905/905/471 902/902/468 898/898/464 903/903/469
f 906/906/472 905/905/471 903/903/469 904/904/470
f 908/908/474 907/907/473 901/901/467 902/902/468
f 901/901/467 907/907/473 909/909/475 900/900/466
f 911/911/477 910/910/476 909/909/475 907/907/473
f 912/912/478 911/911/477 907/907/473 908/908/474
f 914/914/480 913/913/479 905/905/471 906/906/472
f 913/913/479 908/908/474 902/902/468 905/905/471
f 915/915/481 912/912/478 908/908/474 913/913/479
f 916/916/482 915/915/481 913/913/479 914/914/480
f 918/918/484 917/917/483 911/911/477 912/912/478
f 911/911/477 917/917/483 919/919/485 910/910/476
f 921/921/487 920/920/486 919/919/485 917/917/483
f 922/922/488 921/921/487 917/917/483 918/918/484
f 924/924/490 923/923/489 915/915/481 916/916/482
f 923/923/489 918/918/484 912/912/478 915/915/481
f 925/925/491 922/922/488 918/918/484 923/923/489
f 926/926/492 925/925/491 923/923/489 924/924/490
f 922/922/488 928/928/494 927/927/493 921/921/487
f 921/921/487 927/927/493 929/929/495 920/920/486
f 927/927/493 931/931/497 930/930/496 929/929/495
f 928/928/494 932/932/498 931/931/497 927/927/493
f 926/926/492 934/934/500 933/933/499 925/925/491
f 925/925/491 933/933/499 928/928/494 922/922/488
f 933/933/499 935/935/501 932/932/498 928/928/494
f 934/934/500 936/936/502 935/935/501 933/933/499
f 938/938/504 937/937/503 931/931/497 932/932/498
f 937/937/503 939/939/505 930/930/496 931/931/497
f 941/941/507 940/940/506 939/939/505 937/937/503
f 942/942/508 941/941/507 937/937/503 938/938/504
f 944/944/510 943/943/509 935/935/501 936/936/502
f 943/943/509 938/938/504 932/932/498 935/935/501
f 945/945/511 942/942/508 938/938/504 943/943/509
f 946/946/512 945/945/511 943/943/509 944/944/510
f 948/948/514 947/947/513 941/941/507 942/942/508
f 947/947/513 949/949/515 940/940/506 941/941/507
f 951/951/517 950/950/516 949/949/515 947/947/513
f 952/952/518 951/951/517 947/947/513 948/948/514
f 954/954/520 953/953/519 945/945/511 946/946/512
f 953/953/519 948/948/514 942/942/508 945/945/511
f 955/955/521 952/952/518 948/948/514 953/953/519
f 956/956/522 955/955/521 953/953/519 954/954/520
f 952/952/518 958/958/524 957/957/523 951/951/517
f 951/951/517 957/957/523 959/959/525 950/950/516
f 957/957/523 961/961/527 960/960/526 959/959/525
f 958/958/524 962/962/528 961/961/527 957/957/523
f 964/964/530 963/963/529 955/955/521 956/956/522
f 955/955/521 963/963/529 958/958/524 952/952/518
f 965/965/531 962/962/528 958/958/524 963/963/529
f 966/966/532 965/965/531 963/963/529 964/964/530
f 962/962/528 968/968/534 967/967/533 961/961/527
f 961/961/527 967/967/533 969/969/535 960/960/526
f 967/967/533 971/971/537 970/970/536 969/969/535
f 968/968/534 972/972/538 971/971/537 967/967/533
f 966/966/532 974/974/540 973/973/539 965/965/531
f 965/965/531 973/973/539 968/968/534 962/962/528
f 973/973/539 975/975/541 972/972/538 968/968/534
f 974/974/540 976/976/542 975/975/541 973/973/539
f 972/972/538 978/978/544 977/977/543 971/971/537
f 971/971/537 977/977/543 979/979/545 970/970/536
f 977/977/543 981/981/547 980/980/546 979/979/545
f 978/978/544 982/982/548 981/981/547 977/977/543
f 976/976/542 984/984/550 983/983/549 975/975/541
f 975/975/541 983/983/549 978/978/544 972/972/538
f 983/983/549 985/985/551 982/982/548 978/978/544
f 984/984/550 986/986/552 985/985/551 983/983/549
f 982/982/548 988/988/554 987/987/553 981/981/547
f 981/981/547 987/987/553 989/989/555 980/980/546
f 987/987/553 991/991/557 990/990/556 989/989/555
f 988/988/554 992/992/558 991/991/557 987/987/553
f 986/986/552 994/994/560 993/993/559 985/985/551
f 985/985/551 993/993/559 988/988/554 982/982/548
f 993/993/559 995/995/561 992/992/558 988/988/554
f 994/994/560 996/996/562 995/995/561 993/993/559
f 998/998/564 997/997/563 991/991/557 992/992/558
f 997/997/563 999/999/565 990/990/556 991/991/557
f 1001/1001/567 1000/1000/566 999/999/565 997/997/563
f 1002/1002/568 1001/1001/567 997/997/563 998/998/564
f 1004/1004/570 1003/1003/569 995/995/561 996/996/562
f 1003/1003/569 998/998/564 992/992/558 995/995/561
f 1005/1005/571 1002/1002/568 998/998/564 1003/1003/569
f 1006/1006/572 1005/1005/571 1003/1003/569 1004/1004/570
f 1008/1008/574 1007/1007/573 1001/1001/567 1002/1002/568
f 1007/1007/573 1009/1009/575 1000/1000/566 1001/1001/567
f 1011/1011/577 1010/1010/576 1009/1009/575 1007/1007/573
f 1012/1012/578 1011/1011/577 1007/1007/573 1008/1008/574
f 1014/1014/580 1013/1013/579 1005/1005/571 1006/1006/572
f 1013/1013/579 1008/1008/574 1002/1002/568 1005/1005/571
f 1015/1015/581 1012/1012/578 1008/1008/574 1013/1013/579
f 1016/1016/582 1015/1015/581 1013/1013/579 1014/1014/580
f 1018/1018/584 1017/1017/583 1011/1011/577 1012/1012/578
f 1017/1017/583 1019/1019/585 1010/1010/576 1011/1011/577
f 1021/1021/587 1020/1020/586 1019/1019/585 1017/1017/583
f 1022/1022/588 1021/1021/587 1017/1017/583 1018/1018/584
f 1024/1024/590 1023/1023/589 1015/1015/581 1016/1016/582
f 1023/1023/589 1018/1018/584 1012/1012/578 1015/1015/581
f 1025/1025/591 1022/1022/588 1018/1018/584 1023/1023/589
f 1026/1026/592 1025/1025/591 1023/1023/589 1024/1024/590
f 1028/1028/594 1027/1027/593 1021/1021/587 1022/1022/588
f 1027/1027/593 1029/1029/595 1020/1020/586 1021/1021/587
f 1031/1031/597 1030/1030/596 1029/1029/595 1027/1027/593
f 1032/1032/598 1031/1031/597 1027/1027/593 1028/1028/594
f 1034/1034/600 1033/1033/599 1025/1025/591 1026/1026/592
f 1033/1033/599 1028/1028/594 1022/1022/588 1025/1025/591
f 1035/1035/601 1032/1032/598 1028/1028/594 1033/1033/599
f 1036/1036/602 1035/1035/601 1033/1033/599 1034/1034/600
f 1038/1038/604 1037/1037/603 1031/1031/597 1032/1032/598
f 1037/1037/603 1039/1039/605 1030/1030/596 1031/1031/597
f 1041/1041/607 1040/1040/606 1039/1039/605 1037/1037/603
f 1042/1042/608 1041/1041/607 1037/1037/603 1038/1038/604
f 1044/1044/610 1043/1043/609 1035/1035/601 1036/1036/602
f 1043/1043/609 1038/1038/604 1032/1032/598 1035/1035/601
f 1045/1045/611 1042/1042/608 1038/1038/604 1043/1043/609
f 1046/1046/612 1045/1045/611 1043/1043/609 1044/1044/610
f 1048/1048/614 1047/1047/613 1041/1041/607 1042/1042/608
f 1047/1047/613 1049/1049/615 1040/1040/606 1041/1041/607
f 1051/1051/617 1050/1050/616 1049/1049/615 1047/1047/613
f 1052/1052/618 1051/1051/617 1047/1047/613 1048/1048/614
f 1054/1054/620 1053/1053/619 1045/1045/611 1046/1046/612
f 1053/1053/619 1048/1048/614 1042/1042/608 1045/1045/611
f 1055/1055/621 1052/1052/618 1048/1048/614 1053/1053/619
f 1056/1056/622 1055/1055/621 1053/1053/619 1054/1054/620
f 1058/1058/624 1057/1057/623 1051/1051/617 1052/1052/618
f 1057/1057/623 1059/1059/625 1050/1050/616 1051/1051/617
f 1061/1061/627 1060/1060/626 1059/1059/625 1057/1057/623
f 1062/1062/628 1061/1061/627 1057/1057/623 1058/1058/624
f 1064/1064/630 1063/1063/629 1055/1055/621 1056/1056/622
f 1063/1063/629 1058/1058/624 1052/1052/618 1055/1055/621
f 1065/1065/631 1062/1062/628 1058/1058/624 1063/1063/629
f 1066/1066/632 1065/1065/631 1063/1063/629 1064/1064/630
f 1062/1062/628 1068/1068/634 1067/1067/633 1061/1061/627
f 1061/1061/627 1067/1067/633 1069/1069/635 1060/1060/626
f 1067/1067/633 1071/1071/637 1070/1070/636 1069/1069/635
f 1068/1068/634 1072/1072/638 1071/1071/637 1067/1067/633
f 1074/1074/640 1073/1073/639 1065/1065/631 1066/1066/632
f 1065/1065/631 1073/1073/639 1068/1068/634 1062/1062/628
f 1073/1073/639 1075/1075/641 1072/1072/638 1068/1068/634
f 1074/1074/640 1076/1076/642 1075/1075/641 1073/1073/639
f 1072/1072/638 1078/1078/644 1077/1077/643 1071/1071/637
f 1071/1071/637 1077/1077/643 1079/1079/645 1070/1070/636
f 1077/1077/643 1081/1081/647 1080/1080/646 1079/1079/645
f 1078/1078/644 1082/1082/648 1081/1081/647 1077/1077/643
f 1076/1076/642 1084/1084/650 1083/1083/649 1075/1075/641
f 1075/1075/641 1083/1083/649 1078/1078/644 1072/1072/638
f 1083/1083/649 1085/1085/651 1082/1082/648 1078/1078/644
f 1084/1084/650 1086/1086/652 1085/1085/651 1083/1083/649
f 1082/1082/648 1088/1088/654 1087/1087/653 1081/1081/647
f 1081/1081/647 1087/1087/653 1089/1089/655 1080/1080/646
f 1087/1087/653 1091/1091/657 1090/1090/656 1089/1089/655
f 1088/1088/654 1092/1092/658 1091/1091/657 1087/1087/653
f 1086/1086/652 1094/1094/660 1093/1093/659 1085/1085/651
f 1085/1085/651 1093/1093/659 1088/1088/654 1082/1082/648
f 1093/1093/659 1095/1095/661 1092/1092/658 1088/1088/654
f 1094/1094/660 1096/1096/662 1095/1095/661 1093/1093/659
f 1092/1092/658 1098/1098/664 1097/1097/663 1091/1091/657
f 1091/1091/657 1097/1097/663 1099/1099/665 1090/1090/656
f 1097/1097/663 1101/1101/667 1100/1100/666 1099/1099/665
f 1098/1098/664 1102/1102/668 1101/1101/667 1097/1097/663
f 1096/1096/662 1104/1104/670 1103/1103/669 1095/1095/661
f 1095/1095/661 1103/1103/669 1098/1098/664 1092/1092/658
f 1103/1103/669 1105/1105/671 1102/1102/668 1098/1098/664
f 1104/1104/670 1106/1106/672 1105/1105/671 1103/1103/669
f 1107/1107/673 1101/1101/667 1102/1102/668 1108/1108/674
f 1107/1107/673 1109/1109/675 1100/1100/666 1101/1101/667
f 1107/1107/673 1111/1111/677 1110/1110/676 1109/1109/675
f 1112/1112/678 1111/1111/677 1107/1107/673 1108/1108/674
f 1106/1106/672 1114/1114/680 1113/1113/679 1105/1105/671
f 1105/1105/671 1113/1113/679 1108/1108/674 1102/1102/668
f 1113/1113/679 1115/1115/681 1112/1112/678 1108/1108/674
f 1114/1114/680 1116/1116/682 1115/1115/681 1113/1113/679
f 1112/1112/678 1118/1118/684 1117/1117/683 1111/1111/677
f 1111/1111/677 1117/1117/683 1119/1119/685 1110/1110/676
f 1117/1117/683 1121/1121/687 1120/1120/686 1119/1119/685
f 1118/1118/684 1122/1122/688 1121/1121/687 1117/1117/683
f 1116/1116/682 1124/1124/690 1123/1123/689 1115/1115/681
f 1115/1115/681 1123/1123/689 1118/1118/684 1112/1112/678
f 1123/1123/689 1125/1125/691 1122/1122/688 1118/1118/684
f 1124/1124/690 1126/1126/692 1125/1125/691 1123/1123/689
f 1122/1122/688 1128/1128/694 1127/1127/693 1121/1121/687
f 1121/1121/687 1127/1127/693 1129/1129/695 1120/1120/686
f 1127/1127/693 1131/1131/697 1130/1130/696 1129/1129/695
f 1128/1128/694 1132/1132/698 1131/1131/697 1127/1127/693
f 1126/1126/692 1134/1134/700 1133/1133/699 1125/1125/691
f 1125/1125/691 1133/1133/699 1128/1128/694 1122/1122/688
f 1133/1133/699 1135/1135/701 1132/1132/698 1128/1128/694
f 1134/1134/700 1136/1136/702 1135/1135/701 1133/1133/699
f 1132/1132/698 1138/1138/704 1137/1137/703 1131/1131/697
f 1131/1131/697 1137/1137/703 1139/1139/705 1130/1130/696
f 1137/1137/703 1141/1141/707 1140/1140/706 1139/1139/705
f 1138/1138/704 1142/1142/708 1141/1141/707 1137/1137/703
f 1136/1136/702 1144/1144/710 1143/1143/709 1135/1135/701
f 1135/1135/701 1143/1143/709 1138/1138/704 1132/1132/698
f 1143/1143/709 1145/1145/711 1142/1142/708 1138/1138/704
f 1144/1144/710 1146/1146/712 1145/1145/711 1143/1143/709
f 1142/1142/708 1148/1148/714 1147/1147/713 1141/1141/707
f 1141/1141/707 1147/1147/713 1149/1149/715 1140/1140/706
f 1147/1147/713 1151/1151/717 1150/1150/716 1149/1149/715
f 1148/1148/714 1152/1152/718 1151/1151/717 1147/1147/713
f 1146/1146/712 1154/1154/720 1153/1153/719 1145/1145/711
f 1145/1145/711 1153/1153/719 1148/1148/714 1142/1142/708
f 1153/1153/719 1155/1155/721 1152/1152/718 1148/1148/714
f 1154/1154/720 1156/1156/722 1155/1155/721 1153/1153/719
f 1152/1152/718 1158/1158/724 1157/1157/723 1151/1151/717
f 1151/1151/717 1157/1157/723 1159/1159/725 1150/1150/716
f 1157/1157/723 1161/1161/727 1160/1160/726 1159/1159/725
f 1158/1158/724 1162/1162/728 1161/1161/727 1157/1157/723
f 1156/1156/722 1164/1164/730 1163/1163/729 1155/1155/721
f 1155/1155/721 1163/1163/729 1158/1158/724 1152/1152/718
f 1163/1163/729 1165/1165/731 1162/1162/728 1158/1158/724
f 1164/1164/730 1166/1166/732 1165/1165/731 1163/1163/729
f 1162/1162/728 1168/1168/734 1167/1167/733 1161/1161/727
f 1161/1161/727 1167/1167/733 1169/1169/735 1160/1160/726
f 1171/1171/737 1170/1170/736 1169/1169/735 1167/1167/733
f 1172/1172/738 1171/1171/737 1167/1167/733 1168/1168/734
f 1174/1174/740 1173/1173/739 1165/1165/731 1166/1166/732
f 1165/1165/731 1173/1173/739 1168/1168/734 1162/1162/728
f 1175/1175/738 1172/1172/738 1168/1168/734 1173/1173/739
f 1176/1176/741 1175/1175/738 1173/1173/739 1174/1174/740
f 1178/1178/743 1177/1177/742 1171/1171/737 1172/1172/738
f 1177/1177/742 1179/1179/742 1170/1170/736 1171/1171/737
f 1181/1181/745 1180/1180/744 1179/1179/742 1177/1177/742
f 1182/1182/746 1181/1181/745 1177/1177/742 1178/1178/743
f 1184/1184/748 1183/1183/747 1175/1175/738 1176/1176/741
f 1183/1183/747 1178/1178/743 1172/1172/738 1175/1175/738
f 1185/1185/749 1182/1182/746 1178/1178/743 1183/1183/747
f 1186/1186/750 1185/1185/749 1183/1183/747 1184/1184/748
f 1188/1188/752 1187/1187/751 1181/1181/745 1182/1182/746
f 1187/1187/751 1189/1189/753 1180/1180/744 1181/1181/745
f 1191/1191/755 1190/1190/754 1189/1189/753 1187/1187/751
f 1192/1192/756 1191/1191/755 1187/1187/751 1188/1188/752
f 1194/1194/758 1193/1193/757 1185/1185/749 1186/1186/750
f 1193/1193/757 1188/1188/752 1182/1182/746 1185/1185/749
f 1195/1195/759 1192/1192/756 1188/1188/752 1193/1193/757
f 1196/1196/760 1195/1195/759 1193/1193/757 1194/1194/758
f 1198/1198/762 1197/1197/761 1191/1191/755 1192/1192/756
f 1197/1197/761 1199/1199/763 1190/1190/754 1191/1191/755
f 1201/1201/765 1200/1200/764 1199/1199/763 1197/1197/761
f 1202/1202/766 1201/1201/765 1197/1197/761 1198/1198/762
f 1204/1204/768 1203/1203/767 1195/1195/759 1196/1196/760
f 1203/1203/767 1198/1198/762 1192/1192/756 1195/1195/759
f 1205/1205/769 1202/1202/766 1198/1198/762 1203/1203/767
f 1206/1206/770 1205/1205/769 1203/1203/767 1204/1204/768
f 1208/1208/772 1207/1207/771 1201/1201/765 1202/1202/766
f 1207/1207/771 1209/1209/773 1200/1200/764 1201/1201/765
f 1211/1211/775 1210/1210/774 1209/1209/773 1207/1207/771
f 1212/1212/776 1211/1211/775 1207/1207/771 1208/1208/772
f 1214/1214/778 1213/1213/777 1205/1205/769 1206/1206/770
f 1213/1213/777 1208/1208/772 1202/1202/766 1205/1205/769
f 1215/1215/779 1212/1212/776 1208/1208/772 1213/1213/777
f 1216/1216/780 1215/1215/779 1213/1213/777 1214/1214/778
f 1218/1218/782 1217/1217/781 1211/1211/775 1212/1212/776
f 1217/1217/781 1219/1219/783 1210/1210/774 1211/1211/775
f 1221/1221/785 1220/1220/784 1219/1219/783 1217/1217/781
f 1222/1222/786 1221/1221/785 1217/1217/781 1218/1218/782
f 1224/1224/788 1223/1223/787 1215/1215/779 1216/1216/780
f 1223/1223/787 1218/1218/782 1212/1212/776 1215/1215/779
f 1225/1225/789 1222/1222/786 1218/1218/782 1223/1223/787
f 1226/1226/790 1225/1225/789 1223/1223/787 1224/1224/788
f 1228/1228/792 1227/1227/791 1221/1221/785 1222/1222/786
f 1227/1227/791 1229/1229/793 1220/1220/784 1221/1221/785
f 1231/1231/795 1230/1230/794 1229/1229/793 1227/1227/791
f 1232/1232/796 1231/1231/795 1227/1227/791 1228/1228/792
f 1234/1234/798 1233/1233/797 1225/1225/789 1226/1226/790
f 1233/1233/797 1228/1228/792 1222/1222/786 1225/1225/789
f 1235/1235/799 1232/1232/796 1228/1228/792 1233/1233/797
f 1236/1236/800 1235/1235/799 1233/1233/797 1234/1234/798
f 1238/1238/802 1237/1237/801 1231/1231/795 1232/1232/796
f 1237/1237/801 1239/1239/803 1230/1230/794 1231/1231/795
f 1241/1241/805 1240/1240/804 1239/1239/803 1237/1237/801
f 1242/1242/806 1241/1241/805 1237/1237/801 1238/1238/802
f 1244/1244/808 1243/1243/807 1235/1235/799 1236/1236/800
f 1243/1243/807 1238/1238/802 1232/1232/796 1235/1235/799
f 1245/1245/809 1242/1242/806 1238/1238/802 1243/1243/807
f 1246/1246/810 1245/1245/809 1243/1243/807 1244/1244/808
f 1248/1248/812 1247/1247/811 1241/1241/805 1242/1242/806
f 1247/1247/811 1249/1249/813 1240/1240/804 1241/1241/805
f 1251/1251/815 1250/1250/814 1249/1249/813 1247/1247/811
f 1252/1252/816 1251/1251/815 1247/1247/811 1248/1248/812
f 1254/1254/818 1253/1253/817 1245/1245/809 1246/1246/810
f 1253/1253/817 1248/1248/812 1242/1242/806 1245/1245/809
f 1255/1255/819 1252/1252/816 1248/1248/812 1253/1253/817
f 1256/1256/820 1255/1255/819 1253/1253/817 1254/1254/818
f 1258/1258/822 1257/1257/821 1251/1251/815 1252/1252/816
f 1257/1257/821 1259/1259/823 1250/1250/814 1251/1251/815
f 1261/1261/825 1260/1260/824 1259/1259/823 1257/1257/821
f 1262/1262/826 1261/1261/825 1257/1257/821 1258/1258/822
f 1264/1264/828 1263/1263/827 1255/1255/819 1256/1256/820
f 1263/1263/827 1258/1258/822 1252/1252/816 1255/1255/819
f 1265/1265/829 1262/1262/826 1258/1258/822 1263/1263/827
f 1266/1266/830 1265/1265/829 1263/1263/827 1264/1264/828
f 1268/1268/832 1267/1267/831 1261/1261/825 1262/1262/826
f 1267/1267/831 1269/1269/833 1260/1260/824 1261/1261/825
f 1271/1271/835 1270/1270/834 1269/1269/833 1267/1267/831
f 1272/1272/836 1271/1271/835 1267/1267/831 1268/1268/832
f 1274/1274/838 1273/1273/837 1265/1265/829 1266/1266/830
f 1273/1273/837 1268/1268/832 1262/1262/826 1265/1265/829
f 1275/1275/839 1272/1272/836 1268/1268/832 1273/1273/837
f 1276/1276/840 1275/1275/839 1273/1273/837 1274/1274/838
f 1278/1278/842 1277/1277/841 1271/1271/835 1272/1272/836
f 1277/1277/841 1279/1279/843 1270/1270/834 1271/1271/835
f 1281/1281/845 1280/1280/844 1279/1279/843 1277/1277/841
f 1282/1282/846 1281/1281/845 1277/1277/841 1278/1278/842
f 1284/1284/848 1283/1283/847 1275/1275/839 1276/1276/840
f 1283/1283/847 1278/1278/842 1272/1272/836 1275/1275/839
f 1285/1285/849 1282/1282/846 1278/1278/842 1283/1283/847
f 1286/1286/850 1285/1285/849 1283/1283/847 1284/1284/848
f 1288/1288/852 1287/1287/851 1281/1281/845 1282/1282/846
f 1287/1287/851 1289/1289/853 1280/1280/844 1281/1281/845
f 1291/1291/855 1290/1290/854 1289/1289/853 1287/1287/851
f 1292/1292/856 1291/1291/855 1287/1287/851 1288/1288/852
f 1294/1294/858 1293/1293/857 1285/1285/849 1286/1286/850
f 1293/1293/857 1288/1288/852 1282/1282/846 1285/1285/849
f 1295/1295/859 1292/1292/856 1288/1288/852 1293/1293/857
f 1296/1296/860 1295/1295/859 1293/1293/857 1294/1294/858
f 1298/1298/862 1297/1297/861 1291/1291/855 1292/1292/856
f 1297/1297/861 1299/1299/863 1290/1290/854 1291/1291/855
f 1301/1301/865 1300/1300/864 1299/1299/863 1297/1297/861
f 1302/1302/866 1301/1301/865 1297/1297/861 1298/1298/862
f 1304/1304/868 1303/1303/867 1295/1295/859 1296/1296/860
f 1303/1303/867 1298/1298/862 1292/1292/856 1295/1295/859
f 1305/1305/869 1302/1302/866 1298/1298/862 1303/1303/867
f 1306/1306/870 1305/1305/869 1303/1303/867 1304/1304/868
f 1308/1308/872 1307/1307/871 1301/1301/865 1302/1302/866
f 1307/1307/871 1309/1309/873 1300/1300/864 1301/1301/865
f 1311/1311/875 1310/1310/874 1309/1309/873 1307/1307/871
f 1312/1312/876 1311/1311/875 1307/1307/871 1308/1308/872
f 1314/1314/878 1313/1313/877 1305/1305/869 1306/1306/870
f 1313/1313/877 1308/1308/872 1302/1302/866 1305/1305/869
f 1315/1315/879 1312/1312/876 1308/1308/872 1313/1313/877
f 1316/1316/880 1315/1315/879 1313/1313/877 1314/1314/878
f 1318/1318/882 1317/1317/881 1311/1311/875 1312/1312/876
f 1319/1319/883 1310/1310/874 1311/1311/875 1317/1317/881
f 1321/1321/885 1320/1320/884 1319/1319/883 1317/1317/881
f 1322/1322/886 1321/1321/885 1317/1317/881 1318/1318/882
f 1324/1324/888 1323/1323/887 1315/1315/879 1316/1316/880
f 1323/1323/887 1318/1318/882 1312/1312/876 1315/1315/879
f 1325/1325/889 1322/1322/886 1318/1318/882 1323/1323/887
f 1326/1326/890 1325/1325/889 1323/1323/887 1324/1324/888
f 1328/1328/892 1327/1327/891 1321/1321/885 1322/1322/886
f 1327/1327/891 1329/1329/893 1320/1320/884 1321/1321/885
f 1331/1331/895 1330/1330/894 1329/1329/893 1327/1327/891
f 1332/1332/896 1331/1331/895 1327/1327/891 1328/1328/892
f 1334/1334/898 1333/1333/897 1325/1325/889 1326/1326/890
f 1333/1333/897 1328/1328/892 1322/1322/886 1325/1325/889
f 1335/1335/899 1332/1332/896 1328/1328/892 1333/1333/897
f 1336/1336/900 1335/1335/899 1333/1333/897 1334/1334/898
f 1338/1338/902 1337/1337/901 1331/1331/895 1332/1332/896
f 1337/1337/901 1339/1339/903 1330/1330/894 1331/1331/895
f 1341/1341/905 1340/1340/904 1339/1339/903 1337/1337/901
f 1342/1342/906 1341/1341/905 1337/1337/901 1338/1338/902
f 1344/1344/908 1343/1343/907 1335/1335/899 1336/1336/900
f 1343/1343/907 1338/1338/902 1332/1332/896 1335/1335/899
f 1345/1345/909 1342/1342/906 1338/1338/902 1343/1343/907
f 1346/1346/910 1345/1345/909 1343/1343/907 1344/1344/908
f 1348/1348/912 1347/1347/911 1341/1341/905 1342/1342/906
f 1347/1347/911 1349/1349/913 1340/1340/904 1341/1341/905
f 1351/1351/915 1350/1350/914 1349/1349/913 1347/1347/911
f 1352/1352/916 1351/1351/915 1347/1347/911 1348/1348/912
f 1354/1354/918 1353/1353/917 1345/1345/909 1346/1346/910
f 1353/1353/917 1348/1348/912 1342/1342/906 1345/1345/909
f 1355/1355/919 1352/1352/916 1348/1348/912 1353/1353/917
f 1356/1356/920 1355/1355/919 1353/1353/917 1354/1354/918
f 1358/1358/922 1357/1357/921 1351/1351/915 1352/1352/916
f 1357/1357/921 1359/1359/923 1350/1350/914 1351/1351/915
f 1361/1361/925 1360/1360/924 1359/1359/923 1357/1357/921
f 1362/1362/926 1361/1361/925 1357/1357/921 1358/1358/922
f 1364/1364/928 1363/1363/927 1355/1355/919 1356/1356/920
f 1363/1363/927 1358/1358/922 1352/1352/916 1355/1355/919
f 1365/1365/929 1362/1362/926 1358/1358/922 1363/1363/927
f 1366/1366/930 1365/1365/929 1363/1363/927 1364/1364/928
f 1368/1368/932 1367/1367/931 1361/1361/925 1362/1362/926
f 1367/1367/931 1369/1369/933 1360/1360/924 1361/1361/925
f 1371/1371/934 1370/1370/934 1369/1369/933 1367/1367/931
f 1372/1372/934 1371/1371/934 1367/1367/931 1368/1368/932
f 1374/1374/936 1373/1373/935 1365/1365/929 1366/1366/930
f 1373/1373/935 1368/1368/932 1362/1362/926 1365/1365/929
f 1375/1375/937 1372/1372/934 1368/1368/932 1373/1373/935
f 1376/1376/938 1375/1375/937 1373/1373/935 1374/1374/936
f 1378/1378/940 1377/1377/939 1371/1371/934 1372/1372/934
f 1377/1377/939 1379/1379/941 1370/1370/934 1371/1371/934
f 1381/1381/943 1380/1380/942 1379/1379/941 1377/1377/939
f 1382/1382/944 1381/1381/943 1377/1377/939 1378/1378/940
f 1384/1384/946 1383/1383/945 1375/1375/937 1376/1376/938
f 1383/1383/945 1378/1378/940 1372/1372/934 1375/1375/937
f 1385/1385/947 1382/1382/944 1378/1378/940 1383/1383/945
f 1386/1386/948 1385/1385/947 1383/1383/945 1384/1384/946
f 1388/1388/950 1387/1387/949 1381/1381/943 1382/1382/944
f 1387/1387/949 1389/1389/951 1380/1380/942 1381/1381/943
f 1391/1391/953 1390/1390/952 1389/1389/951 1387/1387/949
f 1392/1392/954 1391/1391/953 1387/1387/949 1388/1388/950
f 1394/1394/956 1393/1393/955 1385/1385/947 1386/1386/948
f 1393/1393/955 1388/1388/950 1382/1382/944 1385/1385/947
f 1395/1395/957 1392/1392/954 1388/1388/950 1393/1393/955
f 1396/1396/958 1395/1395/957 1393/1393/955 1394/1394/956
f 1398/1398/960 1397/1397/959 1391/1391/953 1392/1392/954
f 1397/1397/959 1399/1399/961 1390/1390/952 1391/1391/953
f 1401/1401/963 1400/1400/962 1399/1399/961 1397/1397/959
f 1402/1402/964 1401/1401/963 1397/1397/959 1398/1398/960
f 1403/1403/965 1395/1395/957 1396/1396/958 1404/1404/966
f 1403/1403/965 1398/1398/960 1392/1392/954 1395/1395/957
f 1402/1402/964 1398/1398/960 1403/1403/965 1405/1405/967
f 1405/1405/967 1403/1403/965 1404/1404/966 1406/1406/968
f 1408/1408/970 1407/1407/969 1401/1401/963 1402/1402/964
f 1407/1407/969 1409/1409/971 1400/1400/962 1401/1401/963
f 1411/1411/973 1410/1410/972 1409/1409/971 1407/1407/969
f 1412/1412/974 1411/1411/973 1407/1407/969 1408/1408/970
f 1413/1413/975 1405/1405/967 1406/1406/968 1414/1414/976
f 1408/1408/970 1402/1402/964 1405/1405/967 1413/1413/975
f 1412/1412/974 1408/1408/970 1413/1413/975 1415/1415/977
f 1415/1415/977 1413/1413/975 1414/1414/976 1416/1416/978
f 1418/1418/980 1417/1417/979 1411/1411/973 1412/1412/974
f 1417/1417/979 1419/1419/981 1410/1410/972 1411/1411/973
f 1421/1421/983 1420/1420/982 1419/1419/981 1417/1417/979
f 1422/1422/984 1421/1421/983 1417/1417/979 1418/1418/980
f 1424/1424/986 1423/1423/985 1415/1415/977 1416/1416/978
f 1423/1423/985 1418/1418/980 1412/1412/974 1415/1415/977
f 1425/1425/987 1422/1422/984 1418/1418/980 1423/1423/985
f 1426/1426/988 1425/1425/987 1423/1423/985 1424/1424/986
f 1428/1428/990 1427/1427/989 1421/1421/983 1422/1422/984
f 1427/1427/989 1429/1429/991 1420/1420/982 1421/1421/983
f 1431/1431/993 1430/1430/992 1429/1429/991 1427/1427/989
f 1432/1432/994 1431/1431/993 1427/1427/989 1428/1428/990
f 1434/1434/996 1433/1433/995 1425/1425/987 1426/1426/988
f 1433/1433/995 1428/1428/990 1422/1422/984 1425/1425/987
f 1435/1435/997 1432/1432/994 1428/1428/990 1433/1433/995
f 1436/1436/998 1435/1435/997 1433/1433/995 1434/1434/996
f 1438/1438/1000 1437/1437/999 1431/1431/993 1432/1432/994
f 1439/1439/1001 1430/1430/992 1431/1431/993 1437/1437/999
f 1440/1440/1002 1439/1439/1001 1437/1437/999 1441/1441/1003
f 1442/1442/1004 1441/1441/1003 1437/1437/999 1438/1438/1000
f 1444/1444/1006 1443/1443/1005 1435/1435/997 1436/1436/998
f 1443/1443/1005 1438/1438/1000 1432/1432/994 1435/1435/997
f 1445/1445/1007 1442/1442/1004 1438/1438/1000 1443/1443/1005
f 1446/1446/1008 1445/1445/1007 1443/1443/1005 1444/1444/1006
f 1447/1447/1009 1441/1441/1003 1442/1442/1004 1448/1448/1010
f 1447/1447/1009 1449/1449/1011 1440/1440/1002 1441/1441/1003
f 1451/1451/1013 1450/1450/1012 1449/1449/1011 1447/1447/1009
f 1451/1451/1013 1447/1447/1009 1448/1448/1010 1452/1452/1014
f 1454/1454/1016 1453/1453/1015 1445/1445/1007 1446/1446/1008
f 1453/1453/1015 1448/1448/1010 1442/1442/1004 1445/1445/1007
f 1455/1455/1017 1452/1452/1014 1448/1448/1010 1453/1453/1015
f 1456/1456/1018 1455/1455/1017 1453/1453/1015 1454/1454/1016
f 1458/1458/1020 1457/1457/1019 1451/1451/1013 1452/1452/1014
f 1457/1457/1019 1459/1459/1021 1450/1450/1012 1451/1451/1013
f 1461/1461/1023 1460/1460/1022 1459/1459/1021 1457/1457/1019
f 1462/1462/1024 1461/1461/1023 1457/1457/1019 1458/1458/1020
f 1464/1464/1026 1463/1463/1025 1455/1455/1017 1456/1456/1018
f 1463/1463/1025 1458/1458/1020 1452/1452/1014 1455/1455/1017
f 1465/1465/1027 1462/1462/1024 1458/1458/1020 1463/1463/1025
f 1466/1466/1028 1465/1465/1027 1463/1463/1025 1464/1464/1026
f 1468/1468/1030 1467/1467/1029 1461/1461/1023 1462/1462/1024
f 1467/1467/1029 1469/1469/1031 1460/1460/1022 1461/1461/1023
f 1471/1471/1033 1470/1470/1032 1469/1469/1031 1467/1467/1029
f 1472/1472/1034 1471/1471/1033 1467/1467/1029 1468/1468/1030
f 1474/1474/1036 1473/1473/1035 1465/1465/1027 1466/1466/1028
f 1473/1473/1035 1468/1468/1030 1462/1462/1024 1465/1465/1027
f 1475/1475/1037 1472/1472/1034 1468/1468/1030 1473/1473/1035
f 1476/1476/1038 1475/1475/1037 1473/1473/1035 1474/1474/1036
f 1478/1478/1040 1477/1477/1039 1471/1471/1033 1472/1472/1034
f 1479/1479/1041 1470/1470/1032 1471/1471/1033 1477/1477/1039
f 1480/1480/1042 1479/1479/1041 1477/1477/1039 1481/1481/1043
f 1482/1482/1044 1481/1481/1043 1477/1477/1039 1478/1478/1040
f 1484/1484/1046 1483/1483/1045 1475/1475/1037 1476/1476/1038
f 1483/1483/1045 1478/1478/1040 1472/1472/1034 1475/1475/1037
f 1485/1485/1047 1482/1482/1044 1478/1478/1040 1483/1483/1045
f 1486/1486/1048 1485/1485/1047 1483/1483/1045 1484/1484/1046
f 1488/1488/1050 1487/1487/1049 1481/1481/1043 1482/1482/1044
f 1487/1487/1049 1489/1489/1049 1480/1480/1042 1481/1481/1043
f 1491/1491/1052 1490/1490/1051 1489/1489/1049 1487/1487/1049
f 1492/1492/1053 1491/1491/1052 1487/1487/1049 1488/1488/1050
f 1494/1494/1055 1493/1493/1054 1485/1485/1047 1486/1486/1048
f 1493/1493/1054 1488/1488/1050 1482/1482/1044 1485/1485/1047
f 1492/1492/1053 1488/1488/1050 1493/1493/1054 1495/1495/1056
f 1496/1496/1057 1495/1495/1056 1493/1493/1054 1494/1494/1055
f 1498/1498/1059 1497/1497/1058 1491/1491/1052 1492/1492/1053
f 1497/1497/1058 1499/1499/1060 1490/1490/1051 1491/1491/1052
f 1501/1501/1062 1500/1500/1061 1499/1499/1060 1497/1497/1058
f 1502/1502/1063 1501/1501/1062 1497/1497/1058 1498/1498/1059
f 1504/1504/1065 1503/1503/1064 1495/1495/1056 1496/1496/1057
f 1503/1503/1064 1498/1498/1059 1492/1492/1053 1495/1495/1056
f 1505/1505/1066 1502/1502/1063 1498/1498/1059 1503/1503/1064
f 1506/1506/1067 1505/1505/1066 1503/1503/1064 1504/1504/1065
f 1508/1508/1069 1507/1507/1068 1501/1501/1062 1502/1502/1063
f 1507/1507/1068 1509/1509/1070 1500/1500/1061 1501/1501/1062
f 1511/1511/1072 1510/1510/1071 1509/1509/1070 1507/1507/1068
f 1512/1512/1073 1511/1511/1072 1507/1507/1068 1508/1508/1069
f 1514/1514/1075 1513/1513/1074 1505/1505/1066 1506/1506/1067
f 1513/1513/1074 1508/1508/1069 1502/1502/1063 1505/1505/1066
f 1515/1515/1076 1512/1512/1073 1508/1508/1069 1513/1513/1074
f 1516/1516/1077 1515/1515/1076 1513/1513/1074 1514/1514/1075
f 1517/1517/1078 1511/1511/1072 1512/1512/1073 1518/1518/1079
f 1517/1517/1078 1519/1519/1080 1510/1510/1071 1511/1511/1072
f 1521/1521/1082 1520/1520/1081 1519/1519/1080 1517/1517/1078
f 1521/1521/1082 1517/1517/1078 1518/1518/1079 1522/1522/1083
f 1523/1523/1084 1515/1515/1076 1516/1516/1077 1524/1524/1085
f 1518/1518/1079 1512/1512/1073 1515/1515/1076 1523/1523/1084
f 1522/1522/1083 1518/1518/1079 1523/1523/1084 1525/1525/1086
f 1525/1525/1086 1523/1523/1084 1524/1524/1085 1526/1526/1087
f 1527/1527/1088 1521/1521/1082 1522/1522/1083 1528/1528/1089
f 1529/1529/1090 1520/1520/1081 1521/1521/1082 1527/1527/1088
f 1530/1530/1091 1529/1529/1090 1527/1527/1088 1531/1531/1092
f 1531/1531/1092 1527/1527/1088 1528/1528/1089 1532/1532/1093
f 1533/1533/1094 1525/1525/1086 1526/1526/1087 1534/1534/1095
f 1528/1528/1089 1522/1522/1083 1525/1525/1086 1533/1533/1094
f 1532/1532/1093 1528/1528/1089 1533/1533/1094 1535/1535/1096
f 1535/1535/1096 1533/1533/1094 1534/1534/1095 1536/1536/1097
f 1537/1537/1098 1531/1531/1092 1532/1532/1093 1538/1538/1099
f 1537/1537/1098 1539/1539/1100 1530/1530/1091 1531/1531/1092
f 1541/1541/1102 1540/1540/1101 1539/1539/1100 1537/1537/1098
f 1541/1541/1102 1537/1537/1098 1538/1538/1099 1542/1542/1102
f 1543/1543/1103 1535/1535/1096 1536/1536/1097 1544/1544/1104
f 1538/1538/1099 1532/1532/1093 1535/1535/1096 1543/1543/1103
f 1542/1542/1102 1538/1538/1099 1543/1543/1103 1545/1545/1102
f 1545/1545/1102 1543/1543/1103 1544/1544/1104 1546/1546/1105
f 1547/1547/1106 1541/1541/1102 1542/1542/1102 1548/1548/1107
f 1549/1549/1108 1540/1540/1101 1541/1541/1102 1547/1547/1106
f 1550/1550/1109 1549/1549/1108 1547/1547/1106 1551/1551/1110
f 1551/1551/1110 1547/1547/1106 1548/1548/1107 1552/1552/1111
f 1553/1553/1112 1545/1545/1102 1546/1546/1105 1554/1554/1113
f 1548/1548/1107 1542/1542/1102 1545/1545/1102 1553/1553/1112
f 1552/1552/1111 1548/1548/1107 1553/1553/1112 1555/1555/1114
f 1555/1555/1114 1553/1553/1112 1554/1554/1113 1556/1556/1115
f 1557/1557/1116 1551/1551/1110 1552/1552/1111 1558/1558/1117
f 1557/1557/1116 1559/1559/1118 1550/1550/1109 1551/1551/1110
f 1561/1561/1120 1560/1560/1119 1559/1559/1118 1557/1557/1116
f 1561/1561/1120 1557/1557/1116 1558/1558/1117 1562/1562/1121
f 1563/1563/1122 1555/1555/1114 1556/1556/1115 1564/1564/1123
f 1558/1558/1117 1552/1552/1111 1555/1555/1114 1563/1563/1122
f 1562/1562/1121 1558/1558/1117 1563/1563/1122 1565/1565/1124
f 1565/1565/1124 1563/1563/1122 1564/1564/1123 1566/1566/1125
f 1567/1567/1126 1561/1561/1120 1562/1562/1121 1568/1568/1127
f 1567/1567/1126 1569/1569/1128 1560/1560/1119 1561/1561/1120
f 1571/1571/1130 1570/1570/1129 1569/1569/1128 1567/1567/1126
f 1571/1571/1130 1567/1567/1126 1568/1568/1127 1572/1572/1131
f 1573/1573/1132 1565/1565/1124 1566/1566/1125 1574/1574/1133
f 1568/1568/1127 1562/1562/1121 1565/1565/1124 1573/1573/1132
f 1572/1572/1131 1568/1568/1127 1573/1573/1132 1575/1575/1134
f 1575/1575/1134 1573/1573/1132 1574/1574/1133 1576/1576/1135
f 1577/1577/1136 1571/1571/1130 1572/1572/1131 1578/1578/1137
f 1577/1577/1136 1579/1579/1138 1570/1570/1129 1571/1571/1130
f 1581/1581/1140 1580/1580/1139 1579/1579/1138 1577/1577/1136
f 1581/1581/1140 1577/1577/1136 1578/1578/1137 1582/1582/1141
f 1583/1583/1142 1575/1575/1134 1576/1576/1135 1584/1584/1143
f 1578/1578/1137 1572/1572/1131 1575/1575/1134 1583/1583/1142
f 1582/1582/1141 1578/1578/1137 1583/1583/1142 1585/1585/1144
f 1585/1585/1144 1583/1583/1142 1584/1584/1143 1586/1586/1145
f 1587/1587/1146 1581/1581/1140 1582/1582/1141 1588/1588/1147
f 1589/1589/1148 1580/1580/1139 1581/1581/1140 1587/1587/1146
f 1590/1590/1149 1589/1589/1148 1587/1587/1146 1591/1591/1149
f 1591/1591/1149 1587/1587/1146 1588/1588/1147 1592/1592/1150
f 1593/1593/1151 1585/1585/1144 1586/1586/1145 1594/1594/1152
f 1588/1588/1147 1582/1582/1141 1585/1585/1144 1593/1593/1151
f 1592/1592/1150 1588/1588/1147 1593/1593/1151 1595/1595/1153
f 1595/1595/1153 1593/1593/1151 1594/1594/1152 1596/1596/1154
f 1598/1598/1155 1597/1597/1155 1591/1591/1149 1592/1592/1150
f 1597/1597/1155 1599/1599/1156 1590/1590/1149 1591/1591/1149
f 1601/1601/1158 1600/1600/1157 1599/1599/1156 1597/1597/1155
f 1602/1602/1159 1601/1601/1158 1597/1597/1155 1598/1598/1155
f 1604/1604/1161 1603/1603/1160 1595/1595/1153 1596/1596/1154
f 1603/1603/1160 1598/1598/1155 1592/1592/1150 1595/1595/1153
f 1605/1605/1159 1602/1602/1159 1598/1598/1155 1603/1603/1160
f 1606/1606/1162 1605/1605/1159 1603/1603/1160 1604/1604/1161
f 1608/1608/1164 1607/1607/1163 1601/1601/1158 1602/1602/1159
f 1607/1607/1163 1609/1609/1165 1600/1600/1157 1601/1601/1158
f 1611/1611/1167 1610/1610/1166 1609/1609/1165 1607/1607/1163
f 1612/1612/1167 1611/1611/1167 1607/1607/1163 1608/1608/1164
f 1614/1614/1168 1613/1613/1164 1605/1605/1159 1606/1606/1162
f 1613/1613/1164 1608/1608/1164 1602/1602/1159 1605/1605/1159
f 1615/1615/1169 1612/1612/1167 1608/1608/1164 1613/1613/1164
f 1616/1616/1170 1615/1615/1169 1613/1613/1164 1614/1614/1168
f 1617/1617/1171 1620/1620/1174 1619/1619/1173 1618/1618/1172
f 1618/1618/1172 1619/1619/1173 1615/1615/1169 1616/1616/1170
f 1619/1619/1173 1621/1621/1175 1612/1612/1167 1615/1615/1169
f 1620/1620/1174 1622/1622/1176 1621/1621/1175 1619/1619/1173
f 1622/1622/1176 1624/1624/1177 1623/1623/1175 1621/1621/1175
f 1621/1621/1175 1623/1623/1175 1611/1611/1167 1612/1612/1167
f 1623/1623/1175 1625/1625/1178 1610/1610/1166 1611/1611/1167
f 1624/1624/1177 1626/1626/1179 1625/1625/1178 1623/1623/1175
f 1627/1627/1180 1630/1630/1183 1629/1629/1182 1628/1628/1181
f 1628/1628/1181 1629/1629/1182 1620/1620/1174 1617/1617/1171
f 1629/1629/1182 1631/1631/1182 1622/1622/1176 1620/1620/1174
f 1630/1630/1183 1632/1632/1183 1631/1631/1182 1629/1629/1182
f 1632/1632/1183 1634/1634/1184 1633/1633/1182 1631/1631/1182
f 1631/1631/1182 1633/1633/1182 1624/1624/1177 1622/1622/1176
f 1633/1633/1182 1635/1635/1185 1626/1626/1179 1624/1624/1177
f 1634/1634/1184 1636/1636/1184 1635/1635/1185 1633/1633/1182
f 1637/1637/1186 1634/1634/1184 1632/1632/1183 1638/1638/1187
f 1639/1639/1188 1636/1636/1184 1634/1634/1184 1637/1637/1186
f 1640/1640/1189 1639/1639/1188 1637/1637/1186 1641/1641/1189
f 1641/1641/1189 1637/1637/1186 1638/1638/1187 1642/1642/1189
f 1643/1643/1187 1630/1630/1183 1627/1627/1180 1644/1644/1190
f 1638/1638/1187 1632/1632/1183 1630/1630/1183 1643/1643/1187
f 1642/1642/1189 1638/1638/1187 1643/1643/1187 1645/1645/1191
f 1645/1645/1191 1643/1643/1187 1644/1644/1190 1646/1646/1192
f 1647/1647/1193 1641/1641/1189 1642/1642/1189 1648/1648/1194
f 1649/1649/1193 1640/1640/1189 1641/1641/1189 1647/1647/1193
f 1650/1650/1195 1649/1649/1193 1647/1647/1193 1651/1651/1196
f 1651/1651/1196 1647/1647/1193 1648/1648/1194 1652/1652/1197
f 1653/1653/1194 1645/1645/1191 1646/1646/1192 1654/1654/1198
f 1648/1648/1194 1642/1642/1189 1645/1645/1191 1653/1653/1194
f 1652/1652/1197 1648/1648/1194 1653/1653/1194 1655/1655/1199
f 1655/1655/1199 1653/1653/1194 1654/1654/1198 1656/1656/1200
f 1657/1657/1201 1651/1651/1196 1652/1652/1197 1658/1658/1202
f 1659/1659/1203 1650/1650/1195 1651/1651/1196 1657/1657/1201
f 1660/1660/1204 1659/1659/1203 1657/1657/1201 1661/1661/1205
f 1661/1661/1205 1657/1657/1201 1658/1658/1202 1662/1662/1206
f 1663/1663/1207 1655/1655/1199 1656/1656/1200 1664/1664/1208
f 1658/1658/1202 1652/1652/1197 1655/1655/1199 1663/1663/1207
f 1662/1662/1206 1658/1658/1202 1663/1663/1207 1665/1665/1209
f 1665/1665/1209 1663/1663/1207 1664/1664/1208 1666/1666/1210
f 1668/1668/1212 1667/1667/1211 1661/1661/1205 1662/1662/1206
f 1667/1667/1211 1669/1669/1213 1660/1660/1204 1661/1661/1205
f 1671/1671/1215 1670/1670/1214 1669/1669/1213 1667/1667/1211
f 1672/1672/1216 1671/1671/1215 1667/1667/1211 1668/1668/1212
f 1674/1674/1218 1673/1673/1217 1665/1665/1209 1666/1666/1210
f 1673/1673/1217 1668/1668/1212 1662/1662/1206 1665/1665/1209
f 1675/1675/1219 1672/1672/1216 1668/1668/1212 1673/1673/1217
f 1676/1676/1220 1675/1675/1219 1673/1673/1217 1674/1674/1218
f 1677/1677/1221 1671/1671/1215 1672/1672/1216 1678/1678/1222
f 1679/1679/1223 1670/1670/1214 1671/1671/1215 1677/1677/1221
f 1680/1680/1224 1679/1679/1223 1677/1677/1221 1681/1681/1225
f 1681/1681/1225 1677/1677/1221 1678/1678/1222 1682/1682/1226
f 1683/1683/1227 1675/1675/1219 1676/1676/1220 1684/1684/1228
f 1678/1678/1222 1672/1672/1216 1675/1675/1219 1683/1683/1227
f 1682/1682/1226 1678/1678/1222 1683/1683/1227 1685/1685/1229
f 1685/1685/1229 1683/1683/1227 1684/1684/1228 1686/1686/1230
f 1687/1687/1231 1681/1681/1225 1682/1682/1226 1688/1688/1232
f 1689/1689/1233 1680/1680/1224 1681/1681/1225 1687/1687/1231
f 1690/1690/1234 1689/1689/1233 1687/1687/1231 1691/1691/1235
f 1691/1691/1235 1687/1687/1231 1688/1688/1232 1692/1692/1236
f 1693/1693/1237 1685/1685/1229 1686/1686/1230 1694/1694/1238
f 1688/1688/1232 1682/1682/1226 1685/1685/1229 1693/1693/1237
f 1692/1692/1236 1688/1688/1232 1693/1693/1237 1695/1695/1239
f 1695/1695/1239 1693/1693/1237 1694/1694/1238 1696/1696/1240
f 1697/1697/1241 1691/1691/1235 1692/1692/1236 1698/1698/1242
f 1699/1699/1243 1690/1690/1234 1691/1691/1235 1697/1697/1241
f 1700/1700/1244 1699/1699/1243 1697/1697/1241 1701/1701/1245
f 1701/1701/1245 1697/1697/1241 1698/1698/1242 1702/1702/1246
f 1703/1703/1247 1695/1695/1239 1696/1696/1240 1704/1704/1248
f 1698/1698/1242 1692/1692/1236 1695/1695/1239 1703/1703/1247
f 1702/1702/1246 1698/1698/1242 1703/1703/1247 1705/1705/1249
f 1705/1705/1249 1703/1703/1247 1704/1704/1248 1706/1706/1250
f 1707/1707/1251 1701/1701/1245 1702/1702/1246 1708/1708/1252
f 1709/1709/1253 1700/1700/1244 1701/1701/1245 1707/1707/1251
f 1710/1710/1254 1709/1709/1253 1707/1707/1251 1711/1711/1255
f 1711/1711/1255 1707/1707/1251 1708/1708/1252 1712/1712/1256
f 1713/1713/1257 1705/1705/1249 1706/1706/1250 1714/1714/1258
f 1708/1708/1252 1702/1702/1246 1705/1705/1249 1713/1713/1257
f 1712/1712/1256 1708/1708/1252 1713/1713/1257 1715/1715/1259
f 1715/1715/1259 1713/1713/1257 1714/1714/1258 1716/1716/1260
f 1717/1717/1261 1711/1711/1255 1712/1712/1256 1718/1718/1262
f 1719/1719/1263 1710/1710/1254 1711/1711/1255 1717/1717/1261
f 1720/1720/1264 1719/1719/1263 1717/1717/1261 1721/1721/1265
f 1721/1721/1265 1717/1717/1261 1718/1718/1262 1722/1722/1266
f 1723/1723/1267 1715/1715/1259 1716/1716/1260 1724/1724/1268
f 1718/1718/1262 1712/1712/1256 1715/1715/1259 1723/1723/1267
f 1722/1722/1266 1718/1718/1262 1723/1723/1267 1725/1725/1269
f 1725/1725/1269 1723/1723/1267 1724/1724/1268 1726/1726/1270
f 1728/1728/1272 1727/1727/1271 1721/1721/1265 1722/1722/1266
f 1727/1727/1271 1729/1729/1273 1720/1720/1264 1721/1721/1265
f 1731/1731/1275 1730/1730/1274 1729/1729/1273 1727/1727/1271
f 1732/1732/1276 1731/1731/1275 1727/1727/1271 1728/1728/1272
f 1734/1734/1278 1733/1733/1277 1725/1725/1269 1726/1726/1270
f 1733/1733/1277 1728/1728/1272 1722/1722/1266 1725/1725/1269
f 1735/1735/1279 1732/1732/1276 1728/1728/1272 1733/1733/1277
f 1736/1736/1280 1735/1735/1279 1733/1733/1277 1734/1734/1278
f 1737/1737/1281 1731/1731/1275 1732/1732/1276 1738/1738/1282
f 1739/1739/1283 1730/1730/1274 1731/1731/1275 1737/1737/1281
f 1740/1740/1284 1739/1739/1283 1737/1737/1281 1741/1741/1285
f 1741/1741/1285 1737/1737/1281 1738/1738/1282 1742/1742/1286
f 1743/1743/1287 1735/1735/1279 1736/1736/1280 1744/1744/1288
f 1738/1738/1282 1732/1732/1276 1735/1735/1279 1743/1743/1287
f 1742/1742/1286 1738/1738/1282 1743/1743/1287 1745/1745/1289
f 1745/1745/1289 1743/1743/1287 1744/1744/1288 1746/1746/1290
f 1748/1748/1292 1747/1747/1291 1741/1741/1285 1742/1742/1286
f 1747/1747/1291 1749/1749/1293 1740/1740/1284 1741/1741/1285
f 1751/1751/1295 1750/1750/1294 1749/1749/1293 1747/1747/1291
f 1752/1752/1296 1751/1751/1295 1747/1747/1291 1748/1748/1292
f 1754/1754/1298 1753/1753/1297 1745/1745/1289 1746/1746/1290
f 1753/1753/1297 1748/1748/1292 1742/1742/1286 1745/1745/1289
f 1755/1755/1299 1752/1752/1296 1748/1748/1292 1753/1753/1297
f 1756/1756/1300 1755/1755/1299 1753/1753/1297 1754/1754/1298
f 1758/1758/1302 1757/1757/1301 1751/1751/1295 1752/1752/1296
f 1757/1757/1301 1759/1759/1303 1750/1750/1294 1751/1751/1295
f 1761/1761/1305 1760/1760/1304 1759/1759/1303 1757/1757/1301
f 1762/1762/1306 1761/1761/1305 1757/1757/1301 1758/1758/1302
f 1764/1764/1308 1763/1763/1307 1755/1755/1299 1756/1756/1300
f 1763/1763/1307 1758/1758/1302 1752/1752/1296 1755/1755/1299
f 1765/1765/1309 1762/1762/1306 1758/1758/1302 1763/1763/1307
f 1766/1766/1310 1765/1765/1309 1763/1763/1307 1764/1764/1308
f 1767/1767/1311 1761/1761/1305 1762/1762/1306 1768/1768/1312
f 1769/1769/1313 1760/1760/1304 1761/1761/1305 1767/1767/1311
f 1770/1770/1314 1769/1769/1313 1767/1767/1311 1771/1771/1315
f 1771/1771/1315 1767/1767/1311 1768/1768/1312 1772/1772/1316
f 1773/1773/1317 1765/1765/1309 1766/1766/1310 1774/1774/1318
f 1768/1768/1312 1762/1762/1306 1765/1765/1309 1773/1773/1317
f 1772/1772/1316 1768/1768/1312 1773/1773/1317 1775/1775/1319
f 1775/1775/1319 1773/1773/1317 1774/1774/1318 1776/1776/1320
f 802/1778/375 792/1777/365 1778/1780/1322 1777/1779/1321
f 801/1781/374 802/1778/375 1777/1779/1321 1779/1782/1323
f 1779/1782/1323 1777/1779/1321 1781/1784/1325 1780/1783/1324
f 1777/1779/1321 1778/1780/1322 1782/1785/1326 1781/1784/1325
f 793/1787/366 796/1786/369 1784/1789/1328 1783/1788/1327
f 792/1777/365 793/1787/366 1783/1788/1327 1778/1780/1322
f 1778/1780/1322 1783/1788/1327 1785/1790/1329 1782/1785/1326
f 1783/1788/1327 1784/1789/1328 1786/1791/1330 1785/1790/1329
f 1781/1784/1325 1782/1785/1326 1788/1793/1332 1787/1792/1331
f 1780/1783/1324 1781/1784/1325 1787/1792/1331 1789/1794/1333
f 1789/1794/1333 1787/1792/1331 1791/1796/1335 1790/1795/1334
f 1787/1792/1331 1788/1793/1332 1792/1797/1336 1791/1796/1335
f 1785/1790/1329 1786/1791/1330 1794/1799/1338 1793/1798/1337
f 1782/1785/1326 1785/1790/1329 1793/1798/1337 1788/1793/1332
f 1788/1793/1332 1793/1798/1337 1795/1800/1339 1792/1797/1336
f 1793/1798/1337 1794/1799/1338 1796/1801/1340 1795/1800/1339
f 1791/1796/1335 1792/1797/1336 1798/1803/1342 1797/1802/1341
f 1790/1795/1334 1791/1796/1335 1797/1802/1341 1799/1804/1343
f 1799/1804/1343 1797/1802/1341 1801/1806/1345 1800/1805/1344
f 1797/1802/1341 1798/1803/1342 1802/1807/1346 1801/1806/1345
f 1795/1800/1339 1796/1801/1340 1804/1809/1348 1803/1808/1347
f 1792/1797/1336 1795/1800/1339 1803/1808/1347 1798/1803/1342
f 1798/1803/1342 1803/1808/1347 1805/1810/1349 1802/1807/1346
f 1803/1808/1347 1804/1809/1348 1806/1811/1350 1805/1810/1349
f 1801/1806/1345 1802/1807/1346 1808/1813/1352 1807/1812/1351
f 1800/1805/1344 1801/1806/1345 1807/1812/1351 1809/1814/1353
f 1809/1814/1353 1807/1812/1351 1811/1816/1355 1810/1815/1354
f 1807/1812/1351 1808/1813/1352 1812/1817/1356 1811/1816/1355
f 1805/1810/1349 1806/1811/1350 1814/1819/1358 1813/1818/1357
f 1802/1807/1346 1805/1810/1349 1813/1818/1357 1808/1813/1352
f 1808/1813/1352 1813/1818/1357 1815/1820/1359 1812/1817/1356
f 1813/1818/1357 1814/1819/1358 1816/1821/1360 1815/1820/1359
f 1811/1816/1355 1812/1817/1356 1818/1823/1362 1817/1822/1361
f 1810/1815/1354 1811/1816/1355 1817/1822/1361 1819/1824/1363
f 1819/1824/1363 1817/1822/1361 1821/1826/1365 1820/1825/1364
f 1817/1822/1361 1818/1823/1362 1822/1827/1366 1821/1826/1365
f 1815/1820/1359 1816/1821/1360 1824/1829/1368 1823/1828/1367
f 1812/1817/1356 1815/1820/1359 1823/1828/1367 1818/1823/1362
f 1818/1823/1362 1823/1828/1367 1825/1830/1369 1822/1827/1366
f 1823/1828/1367 1824/1829/1368 1826/1831/1370 1825/1830/1369
f 1821/1826/1365 1822/1827/1366 1828/1833/1372 1827/1832/1371
f 1820/1825/1364 1821/1826/1365 1827/1832/1371 1829/1834/1373
f 1829/1834/1373 1827/1832/1371 1831/1836/1375 1830/1835/1374
f 1827/1832/1371 1828/1833/1372 1832/1837/1376 1831/1836/1375
f 1825/1830/1369 1826/1831/1370 1834/1839/1378 1833/1838/1377
f 1822/1827/1366 1825/1830/1369 1833/1838/1377 1828/1833/1372
f 1828/1833/1372 1833/1838/1377 1835/1840/1379 1832/1837/1376
f 1833/1838/1377 1834/1839/1378 1836/1841/1380 1835/1840/1379
f 1831/1836/1375 1832/1837/1376 1838/1843/1382 1837/1842/1381
f 1830/1835/1374 1831/1836/1375 1837/1842/1381 1839/1844/1383
f 1839/1844/1383 1837/1842/1381 1841/1846/1385 1840/1845/1384
f 1837/1842/1381 1838/1843/1382 1842/1847/1386 1841/1846/1385
f 1835/1840/1379 1836/1841/1380 1844/1849/1388 1843/1848/1387
f 1832/1837/1376 1835/1840/1379 1843/1848/1387 1838/1843/1382
f 1838/1843/1382 1843/1848/1387 1845/1850/1389 1842/1847/1386
f 1843/1848/1387 1844/1849/1388 1846/1851/1390 1845/1850/1389
f 1841/1846/1385 1842/1847/1386 1848/1853/1392 1847/1852/1391
f 1840/1845/1384 1841/1846/1385 1847/1852/1391 1849/1854/1393
f 1849/1854/1393 1847/1852/1391 1851/1856/1395 1850/1855/1394
f 1847/1852/1391 1848/1853/1392 1852/1857/1396 1851/1856/1395
f 1845/1850/1389 1846/1851/1390 1854/1859/1398 1853/1858/1397
f 1842/1847/1386 1845/1850/1389 1853/1858/1397 1848/1853/1392
f 1848/1853/1392 1853/1858/1397 1855/1860/1399 1852/1857/1396
f 1853/1858/1397 1854/1859/1398 1856/1861/1400 1855/1860/1399
f 1851/1856/1395 1852/1857/1396 1858/1863/1402 1857/1862/1401
f 1850/1855/1394 1851/1856/1395 1857/1862/1401 1859/1864/1403
f 1859/1864/1403 1857/1862/1401 1861/1866/1405 1860/1865/1404
f 1857/1862/1401 1858/1863/1402 1862/1867/1406 1861/1866/1405
f 1855/1860/1399 1856/1861/1400 1864/1869/1408 1863/1868/1407
f 1852/1857/1396 1855/1860/1399 1863/1868/1407 1858/1863/1402
f 1858/1863/1402 1863/1868/1407 1865/1870/1409 1862/1867/1406
f 1863/1868/1407 1864/1869/1408 1866/1871/1410 1865/1870/1409
f 1861/1866/1405 1862/1867/1406 1868/1873/1412 1867/1872/1411
f 1860/1865/1404 1861/1866/1405 1867/1872/1411 1869/1874/1413
f 1869/1874/1413 1867/1872/1411 1871/1876/1415 1870/1875/1414
f 1867/1872/1411 1868/1873/1412 1872/1877/1416 1871/1876/1415
f 1865/1870/1409 1866/1871/1410 1874/1879/1418 1873/1878/1417
f 1862/1867/1406 1865/1870/1409 1873/1878/1417 1868/1873/1412
f 1868/1873/1412 1873/1878/1417 1875/1880/1419 1872/1877/1416
f 1873/1878/1417 1874/1879/1418 1876/1881/1420 1875/1880/1419
f 1871/1876/1415 1872/1877/1416 1878/1883/1422 1877/1882/1421
f 1870/1875/1414 1871/1876/1415 1877/1882/1421 1879/1884/1423
f 1879/1884/1423 1877/1882/1421 1881/1886/1425 1880/1885/1424
f 1877/1882/1421 1878/1883/1422 1882/1887/1426 1881/1886/1425
f 1875/1880/1419 1876/1881/1420 1884/1889/1428 1883/1888/1427
f 1872/1877/1416 1875/1880/1419 1883/1888/1427 1878/1883/1422
f 1878/1883/1422 1883/1888/1427 1885/1890/1429 1882/1887/1426
f 1883/1888/1427 1884/1889/1428 1886/1891/1430 1885/1890/1429
f 1881/1886/1425 1882/1887/1426 1888/1893/1432 1887/1892/1431
f 1880/1885/1424 1881/1886/1425 1887/1892/1431 1889/1894/1433
f 1889/1894/1433 1887/1892/1431 1891/1896/1435 1890/1895/1434
f 1887/1892/1431 1888/1893/1432 1892/1897/1436 1891/1896/1435
f 1885/1890/1429 1886/1891/1430 1894/1899/1438 1893/1898/1437
f 1882/1887/1426 1885/1890/1429 1893/1898/1437 1888/1893/1432
f 1888/1893/1432 1893/1898/1437 1895/1900/1439 1892/1897/1436
f 1893/1898/1437 1894/1899/1438 1896/1901/1440 1895/1900/1439
f 1897/1902/1441 1891/1896/1435 1892/1897/1436 1898/1903/1442
f 1899/1904/1443 1890/1895/1434 1891/1896/1435 1897/1902/1441
f 1900/1905/1444 1899/1904/1443 1897/1902/1441 1901/1906/1445
f 1901/1906/1445 1897/1902/1441 1898/1903/1442 1902/1907/1446
f 1903/1908/1447 1895/1900/1439 1896/1901/1440 1904/1909/1448
f 1898/1903/1442 1892/1897/1436 1895/1900/1439 1903/1908/1447
f 1902/1907/1446 1898/1903/1442 1903/1908/1447 1905/1910/1449
f 1905/1910/1449 1903/1908/1447 1904/1909/1448 1906/1911/1450
f 1907/1912/1451 1901/1906/1445 1902/1907/1446 1908/1913/1452
f 1909/1914/1453 1900/1905/1444 1901/1906/1445 1907/1912/1451
f 1910/1915/1454 1909/1914/1453 1907/1912/1451 1911/1916/1455
f 1911/1916/1455 1907/1912/1451 1908/1913/1452 1912/1917/1456
f 1913/1918/1457 1905/1910/1449 1906/1911/1450 1914/1919/1458
f 1908/1913/1452 1902/1907/1446 1905/1910/1449 1913/1918/1457
f 1912/1917/1456 1908/1913/1452 1913/1918/1457 1915/1920/1459
f 1915/1920/1459 1913/1918/1457 1914/1919/1458 1916/1921/1460
f 1917/1922/1461 1911/1916/1455 1912/1917/1456 1918/1923/1462
f 1919/1924/1463 1910/1915/1454 1911/1916/1455 1917/1922/1461
f 1920/1925/1464 1919/1924/1463 1917/1922/1461 1921/1926/1465
f 1921/1926/1465 1917/1922/1461 1918/1923/1462 1922/1927/1466
f 1923/1928/1467 1915/1920/1459 1916/1921/1460 1924/1929/1468
f 1918/1923/1462 1912/1917/1456 1915/1920/1459 1923/1928/1467
f 1922/1927/1466 1918/1923/1462 1923/1928/1467 1925/1930/1469
f 1925/1930/1469 1923/1928/1467 1924/1929/1468 1926/1931/1470
f 1921/1926/1465 1922/1927/1466 1928/1933/1472 1927/1932/1471
f 1920/1925/1464 1921/1926/1465 1927/1932/1471 1929/1934/1473
f 1929/1934/1473 1927/1932/1471 1931/1936/1475 1930/1935/1474
f 1927/1932/1471 1928/1933/1472 1932/1937/1476 1931/1936/1475
f 1925/1930/1469 1926/1931/1470 1934/1939/1478 1933/1938/1477
f 1922/1927/1466 1925/1930/1469 1933/1938/1477 1928/1933/1472
f 1928/1933/1472 1933/1938/1477 1935/1940/1479 1932/1937/1476
f 1933/1938/1477 1934/1939/1478 1936/1941/1480 1935/1940/1479
f 1931/1936/1475 1932/1937/1476 1938/1943/1482 1937/1942/1481
f 1930/1935/1474 1931/1936/1475 1937/1942/1481 1939/1944/1483
f 1939/1944/1483 1937/1942/1481 1941/1946/1485 1940/1945/1484
f 1937/1942/1481 1938/1943/1482 1942/1947/1486 1941/1946/1485
f 1935/1940/1479 1936/1941/1480 1944/1949/1488 1943/1948/1487
f 1932/1937/1476 1935/1940/1479 1943/1948/1487 1938/1943/1482
f 1938/1943/1482 1943/1948/1487 1945/1950/1489 1942/1947/1486
f 1943/1948/1487 1944/1949/1488 1946/1951/1490 1945/1950/1489
f 1941/1946/1485 1942/1947/1486 1948/1953/1492 1947/1952/1491
f 1940/1945/1484 1941/1946/1485 1947/1952/1491 1949/1954/1493
f 1949/1954/1493 1947/1952/1491 1951/1956/1495 1950/1955/1494
f 1947/1952/1491 1948/1953/1492 1952/1957/1496 1951/1956/1495
f 1945/1950/1489 1946/1951/1490 1954/1959/1498 1953/1958/1497
f 1942/1947/1486 1945/1950/1489 1953/1958/1497 1948/1953/1492
f 1948/1953/1492 1953/1958/1497 1955/1960/1499 1952/1957/1496
f 1953/1958/1497 1954/1959/1498 1956/1961/1500 1955/1960/1499
f 1952/1957/1496 1958/1963/1502 1957/1962/1501 1951/1956/1495
f 1951/1956/1495 1957/1962/1501 1959/1964/1503 1950/1955/1494
f 1957/1962/1501 1961/1966/1505 1960/1965/1504 1959/1964/1503
f 1958/1963/1502 1962/1967/1506 1961/1966/1505 1957/1962/1501
f 1956/1961/1500 1964/1969/1508 1963/1968/1507 1955/1960/1499
f 1955/1960/1499 1963/1968/1507 1958/1963/1502 1952/1957/1496
f 1963/1968/1507 1965/1970/1509 1962/1967/1506 1958/1963/1502
f 1964/1969/1508 1966/1971/1510 1965/1970/1509 1963/1968/1507
f 1962/1967/1506 1968/1973/1512 1967/1972/1511 1961/1966/1505
f 1961/1966/1505 1967/1972/1511 1969/1974/1513 1960/1965/1504
f 1967/1972/1511 1971/1976/1515 1970/1975/1514 1969/1974/1513
f 1968/1973/1512 1972/1977/1516 1971/1976/1515 1967/1972/1511
f 1966/1971/1510 1974/1979/1518 1973/1978/1517 1965/1970/1509
f 1965/1970/1509 1973/1978/1517 1968/1973/1512 1962/1967/1506
f 1973/1978/1517 1975/1980/1519 1972/1977/1516 1968/1973/1512
f 1974/1979/1518 1976/1981/1520 1975/1980/1519 1973/1978/1517
f 1972/1977/1516 1978/1983/1522 1977/1982/1521 1971/1976/1515
f 1971/1976/1515 1977/1982/1521 1979/1984/1523 1970/1975/1514
f 1977/1982/1521 1981/1986/1525 1980/1985/1524 1979/1984/1523
f 1978/1983/1522 1982/1987/1526 1981/1986/1525 1977/1982/1521
f 1976/1981/1520 1984/1989/1528 1983/1988/1527 1975/1980/1519
f 1975/1980/1519 1983/1988/1527 1978/1983/1522 1972/1977/1516
f 1983/1988/1527 1985/1990/1529 1982/1987/1526 1978/1983/1522
f 1984/1989/1528 1986/1991/1530 1985/1990/1529 1983/1988/1527
f 1981/1986/1525 1982/1987/1526 1988/1993/1532 1987/1992/1531
f 1980/1985/1524 1981/1986/1525 1987/1992/1531 1989/1994/1533
f 1989/1994/1533 1987/1992/1531 1991/1996/1535 1990/1995/1534
f 1987/1992/1531 1988/1993/1532 1992/1997/1536 1991/1996/1535
f 1985/1990/1529 1986/1991/1530 1994/1999/1538 1993/1998/1537
f 1982/1987/1526 1985/1990/1529 1993/1998/1537 1988/1993/1532
f 1988/1993/1532 1993/1998/1537 1995/2000/1539 1992/1997/1536
f 1993/1998/1537 1994/1999/1538 1996/2001/1540 1995/2000/1539
f 1992/1997/1536 1998/2003/1542 1997/2002/1541 1991/1996/1535
f 1991/1996/1535 1997/2002/1541 1999/2004/1543 1990/1995/1534
f 1997/2002/1541 2001/2006/1545 2000/2005/1544 1999/2004/1543
f 1998/2003/1542 2002/2007/1546 2001/2006/1545 1997/2002/1541
f 1996/2001/1540 2004/2009/1548 2003/2008/1547 1995/2000/1539
f 1995/2000/1539 2003/2008/1547 1998/2003/1542 1992/1997/1536
f 2003/2008/1547 2005/2010/1549 2002/2007/1546 1998/2003/1542
f 2004/2009/1548 2006/2011/1550 2005/2010/1549 2003/2008/1547
f 2002/2007/1546 2008/2013/1552 2007/2012/1551 2001/2006/1545
f 2001/2006/1545 2007/2012/1551 2009/2014/1553 2000/2005/1544
f 2007/2012/1551 2011/2016/1555 2010/2015/1554 2009/2014/1553
f 2008/2013/1552 2012/2017/1556 2011/2016/1555 2007/2012/1551
f 2006/2011/1550 2014/2019/1558 2013/2018/1557 2005/2010/1549
f 2005/2010/1549 2013/2018/1557 2008/2013/1552 2002/2007/1546
f 2013/2018/1557 2015/2020/1559 2012/2017/1556 2008/2013/1552
f 2014/2019/1558 2016/2021/1560 2015/2020/1559 2013/2018/1557
f 2012/2017/1556 2018/2023/1562 2017/2022/1561 2011/2016/1555
f 2011/2016/1555 2017/2022/1561 2019/2024/1563 2010/2015/1554
f 2017/2022/1561 2021/2026/1565 2020/2025/1564 2019/2024/1563
f 2018/2023/1562 2022/2027/1566 2021/2026/1565 2017/2022/1561
f 2016/2021/1560 2024/2029/1568 2023/2028/1567 2015/2020/1559
f 2015/2020/1559 2023/2028/1567 2018/2023/1562 2012/2017/1556
f 2023/2028/1567 2025/2030/1569 2022/2027/1566 2018/2023/1562
f 2024/2029/1568 2026/2031/1570 2025/2030/1569 2023/2028/1567
f 2022/2027/1566 2028/2033/1572 2027/2032/1571 2021/2026/1565
f 2021/2026/1565 2027/2032/1571 2029/2034/1573 2020/2025/1564
f 2027/2032/1571 2031/2036/1575 2030/2035/1574 2029/2034/1573
f 2028/2033/1572 2032/2037/1576 2031/2036/1575 2027/2032/1571
f 2026/2031/1570 2034/2039/1578 2033/2038/1577 2025/2030/1569
f 2025/2030/1569 2033/2038/1577 2028/2033/1572 2022/2027/1566
f 2033/2038/1577 2035/2040/1579 2032/2037/1576 2028/2033/1572
f 2034/2039/1578 2036/2041/1580 2035/2040/1579 2033/2038/1577
f 2032/2037/1576 2038/2043/1582 2037/2042/1581 2031/2036/1575
f 2031/2036/1575 2037/2042/1581 2039/2044/1583 2030/2035/1574
f 2037/2042/1581 2041/2046/1585 2040/2045/1584 2039/2044/1583
f 2038/2043/1582 2042/2047/1586 2041/2046/1585 2037/2042/1581
f 2036/2041/1580 2044/2049/1588 2043/2048/1587 2035/2040/1579
f 2035/2040/1579 2043/2048/1587 2038/2043/1582 2032/2037/1576
f 2043/2048/1587 2045/2050/1589 2042/2047/1586 2038/2043/1582
f 2044/2049/1588 2046/2051/1590 2045/2050/1589 2043/2048/1587
f 2042/2047/1586 2048/2053/1592 2047/2052/1591 2041/2046/1585
f 2041/2046/1585 2047/2052/1591 2049/2054/1593 2040/2045/1584
f 2047/2052/1591 2051/2056/1595 2050/2055/1594 2049/2054/1593
f 2048/2053/1592 2052/2057/1596 2051/2056/1595 2047/2052/1591
f 2046/2051/1590 2054/2059/1598 2053/2058/1597 2045/2050/1589
f 2045/2050/1589 2053/2058/1597 2048/2053/1592 2042/2047/1586
f 2053/2058/1597 2055/2060/1599 2052/2057/1596 2048/2053/1592
f 2054/2059/1598 2056/2061/1600 2055/2060/1599 2053/2058/1597
f 2051/2056/1595 2052/2057/1596 2058/2063/1602 2057/2062/1601
f 2050/2055/1594 2051/2056/1595 2057/2062/1601 2059/2064/1603
f 2059/2064/1603 2057/2062/1601 2061/2066/1605 2060/2065/1604
f 2057/2062/1601 2058/2063/1602 2062/2067/1606 2061/2066/1605
f 2055/2060/1599 2056/2061/1600 2064/2069/1608 2063/2068/1607
f 2052/2057/1596 2055/2060/1599 2063/2068/1607 2058/2063/1602
f 2058/2063/1602 2063/2068/1607 2065/2070/1609 2062/2067/1606
f 2063/2068/1607 2064/2069/1608 2066/2071/1610 2065/2070/1609
f 2061/2066/1605 2062/2067/1606 2068/2073/1612 2067/2072/1611
f 2060/2065/1604 2061/2066/1605 2067/2072/1611 2069/2074/1613
f 2069/2074/1613 2067/2072/1611 2071/2076/1615 2070/2075/1614
f 2067/2072/1611 2068/2073/1612 2072/2077/1616 2071/2076/1615
f 2065/2070/1609 2066/2071/1610 2074/2079/1618 2073/2078/1617
f 2062/2067/1606 2065/2070/1609 2073/2078/1617 2068/2073/1612
f 2068/2073/1612 2073/2078/1617 2075/2080/1619 2072/2077/1616
f 2073/2078/1617 2074/2079/1618 2076/2081/1620 2075/2080/1619
f 2071/2076/1615 2072/2077/1616 2078/2083/1622 2077/2082/1621
f 2070/2075/1614 2071/2076/1615 2077/2082/1621 2079/2084/1623
f 2079/2084/1623 2077/2082/1621 2081/2086/1625 2080/2085/1624
f 2077/2082/1621 2078/2083/1622 2082/2087/1626 2081/2086/1625
f 2075/2080/1619 2076/2081/1620 2084/2089/1628 2083/2088/1627
f 2072/2077/1616 2075/2080/1619 2083/2088/1627 2078/2083/1622
f 2078/2083/1622 2083/2088/1627 2085/2090/1629 2082/2087/1626
f 2083/2088/1627 2084/2089/1628 2086/2091/1630 2085/2090/1629
f 2081/2086/1625 2082/2087/1626 2088/2093/1632 2087/2092/1631
f 2080/2085/1624 2081/2086/1625 2087/2092/1631 2089/2094/1633
f 2089/2094/1633 2087/2092/1631 2091/2096/1635 2090/2095/1634
f 2087/2092/1631 2088/2093/1632 2092/2097/1636 2091/2096/1635
f 2085/2090/1629 2086/2091/1630 2094/2099/1638 2093/2098/1637
f 2082/2087/1626 2085/2090/1629 2093/2098/1637 2088/2093/1632
f 2088/2093/1632 2093/2098/1637 2095/2100/1639 2092/2097/1636
f 2093/2098/1637 2094/2099/1638 2096/2101/1640 2095/2100/1639
f 2091/2096/1635 2092/2097/1636 2098/2103/1642 2097/2102/1641
f 2090/2095/1634 2091/2096/1635 2097/2102/1641 2099/2104/1643
f 2099/2104/1643 2097/2102/1641 2101/2106/1645 2100/2105/1644
f 2097/2102/1641 2098/2103/1642 2102/2107/1646 2101/2106/1645
f 2095/2100/1639 2096/2101/1640 2104/2109/1648 2103/2108/1647
f 2092/2097/1636 2095/2100/1639 2103/2108/1647 2098/2103/1642
f 2098/2103/1642 2103/2108/1647 2105/2110/1649 2102/2107/1646
f 2103/2108/1647 2104/2109/1648 2106/2111/1650 2105/2110/1649
f 2101/2106/1645 2102/2107/1646 2108/2113/1652 2107/2112/1651
f 2100/2105/1644 2101/2106/1645 2107/2112/1651 2109/2114/1653
f 2109/2114/1653 2107/2112/1651 2111/2116/1655 2110/2115/1654
f 2107/2112/1651 2108/2113/1652 2112/2117/1656 2111/2116/1655
f 2105/2110/1649 2106/2111/1650 2114/2119/1658 2113/2118/1657
f 2102/2107/1646 2105/2110/1649 2113/2118/1657 2108/2113/1652
f 2108/2113/1652 2113/2118/1657 2115/2120/1659 2112/2117/1656
f 2113/2118/1657 2114/2119/1658 2116/2121/1660 2115/2120/1659
f 2111/2116/1655 2112/2117/1656 2118/2123/1662 2117/2122/1661
f 2110/2115/1654 2111/2116/1655 2117/2122/1661 2119/2124/1663
f 2119/2124/1663 2117/2122/1661 2121/2126/1665 2120/2125/1664
f 2117/2122/1661 2118/2123/1662 2122/2127/1666 2121/2126/1665
f 2115/2120/1659 2116/2121/1660 2124/2129/1668 2123/2128/1667
f 2112/2117/1656 2115/2120/1659 2123/2128/1667 2118/2123/1662
f 2118/2123/1662 2123/2128/1667 2125/2130/1669 2122/2127/1666
f 2123/2128/1667 2124/2129/1668 2126/2131/1670 2125/2130/1669
f 2121/2126/1665 2122/2127/1666 2128/2133/1672 2127/2132/1671
f 2120/2125/1664 2121/2126/1665 2127/2132/1671 2129/2134/1673
f 2129/2134/1673 2127/2132/1671 2131/2136/1675 2130/2135/1674
f 2127/2132/1671 2128/2133/1672 2132/2137/1676 2131/2136/1675
f 2125/2130/1669 2126/2131/1670 2134/2139/1677 2133/2138/1672
f 2122/2127/1666 2125/2130/1669 2133/2138/1672 2128/2133/1672
f 2128/2133/1672 2133/2138/1672 2135/2140/1678 2132/2137/1676
f 2133/2138/1672 2134/2139/1677 2136/2141/1679 2135/2140/1678
f 2131/2136/1675 2132/2137/1676 2138/2143/1681 2137/2142/1680
f 2130/2135/1674 2131/2136/1675 2137/2142/1680 2139/2144/1682
f 2139/2144/1682 2137/2142/1680 2141/2146/1684 2140/2145/1683
f 2137/2142/1680 2138/2143/1681 2142/2147/1685 2141/2146/1684
f 2135/2140/1678 2136/2141/1679 2144/2149/1687 2143/2148/1686
f 2132/2137/1676 2135/2140/1678 2143/2148/1686 2138/2143/1681
f 2138/2143/1681 2143/2148/1686 2145/2150/1688 2142/2147/1685
f 2143/2148/1686 2144/2149/1687 2146/2151/1689 2145/2150/1688
f 2141/2146/1684 2142/2147/1685 2148/2153/1691 2147/2152/1690
f 2140/2145/1683 2141/2146/1684 2147/2152/1690 2149/2154/1692
f 2149/2154/1692 2147/2152/1690 2151/2156/1694 2150/2155/1693
f 2147/2152/1690 2148/2153/1691 2152/2157/1695 2151/2156/1694
f 2145/2150/1688 2146/2151/1689 2154/2159/1697 2153/2158/1696
f 2142/2147/1685 2145/2150/1688 2153/2158/1696 2148/2153/1691
f 2148/2153/1691 2153/2158/1696 2155/2160/1698 2152/2157/1695
f 2153/2158/1696 2154/2159/1697 2156/2161/1699 2155/2160/1698
f 2151/2156/1694 2152/2157/1695 2158/2163/1701 2157/2162/1700
f 2150/2155/1693 2151/2156/1694 2157/2162/1700 2159/2164/1702
f 2159/2164/1702 2157/2162/1700 2161/2166/1704 2160/2165/1703
f 2157/2162/1700 2158/2163/1701 2162/2167/1705 2161/2166/1704
f 2155/2160/1698 2156/2161/1699 2164/2169/1707 2163/2168/1706
f 2152/2157/1695 2155/2160/1698 2163/2168/1706 2158/2163/1701
f 2158/2163/1701 2163/2168/1706 2165/2170/1708 2162/2167/1705
f 2163/2168/1706 2164/2169/1707 2166/2171/1709 2165/2170/1708
f 2161/2166/1704 2162/2167/1705 2168/2173/1711 2167/2172/1710
f 2160/2165/1703 2161/2166/1704 2167/2172/1710 2169/2174/1712
f 2169/2174/1712 2167/2172/1710 2171/2176/1714 2170/2175/1713
f 2167/2172/1710 2168/2173/1711 2172/2177/1715 2171/2176/1714
f 2165/2170/1708 2166/2171/1709 2174/2179/1717 2173/2178/1716
f 2162/2167/1705 2165/2170/1708 2173/2178/1716 2168/2173/1711
f 2168/2173/1711 2173/2178/1716 2175/2180/1718 2172/2177/1715
f 2173/2178/1716 2174/2179/1717 2176/2181/1719 2175/2180/1718
f 2171/2176/1714 2172/2177/1715 2178/2183/1721 2177/2182/1720
f 2170/2175/1713 2171/2176/1714 2177/2182/1720 2179/2184/1722
f 2179/2184/1722 2177/2182/1720 2181/2186/1724 2180/2185/1723
f 2177/2182/1720 2178/2183/1721 2182/2187/1725 2181/2186/1724
f 2175/2180/1718 2176/2181/1719 2184/2189/1727 2183/2188/1726
f 2172/2177/1715 2175/2180/1718 2183/2188/1726 2178/2183/1721
f 2178/2183/1721 2183/2188/1726 2185/2190/1728 2182/2187/1725
f 2183/2188/1726 2184/2189/1727 2186/2191/1729 2185/2190/1728
f 2181/2186/1724 2182/2187/1725 2188/2193/1731 2187/2192/1730
f 2180/2185/1723 2181/2186/1724 2187/2192/1730 2189/2194/1732
f 2189/2194/1732 2187/2192/1730 2191/2196/1734 2190/2195/1733
f 2187/2192/1730 2188/2193/1731 2192/2197/1735 2191/2196/1734
f 2185/2190/1728 2186/2191/1729 2194/2199/1737 2193/2198/1736
f 2182/2187/1725 2185/2190/1728 2193/2198/1736 2188/2193/1731
f 2188/2193/1731 2193/2198/1736 2195/2200/1738 2192/2197/1735
f 2193/2198/1736 2194/2199/1737 2196/2201/1739 2195/2200/1738
f 2191/2196/1734 2192/2197/1735 2198/2203/1741 2197/2202/1740
f 2190/2195/1733 2191/2196/1734 2197/2202/1740 2199/2204/1742
f 2199/2204/1742 2197/2202/1740 2201/2206/1744 2200/2205/1743
f 2197/2202/1740 2198/2203/1741 2202/2207/1745 2201/2206/1744
f 2195/2200/1738 2196/2201/1739 2204/2209/1747 2203/2208/1746
f 2192/2197/1735 2195/2200/1738 2203/2208/1746 2198/2203/1741
f 2198/2203/1741 2203/2208/1746 2205/2210/1748 2202/2207/1745
f 2203/2208/1746 2204/2209/1747 2206/2211/1749 2205/2210/1748
f 2201/2206/1744 2202/2207/1745 2208/2213/1751 2207/2212/1750
f 2200/2205/1743 2201/2206/1744 2207/2212/1750 2209/2214/1752
f 2209/2214/1752 2207/2212/1750 2211/2216/1754 2210/2215/1753
f 2207/2212/1750 2208/2213/1751 2212/2217/1755 2211/2216/1754
f 2205/2210/1748 2206/2211/1749 2214/2219/1757 2213/2218/1756
f 2202/2207/1745 2205/2210/1748 2213/2218/1756 2208/2213/1751
f 2208/2213/1751 2213/2218/1756 2215/2220/1758 2212/2217/1755
f 2213/2218/1756 2214/2219/1757 2216/2221/1759 2215/2220/1758
f 2211/2216/1754 2212/2217/1755 2218/2223/1761 2217/2222/1760
f 2210/2215/1753 2211/2216/1754 2217/2222/1760 2219/2224/1762
f 2219/2224/1762 2217/2222/1760 2221/2226/1764 2220/2225/1763
f 2217/2222/1760 2218/2223/1761 2222/2227/1765 2221/2226/1764
f 2215/2220/1758 2216/2221/1759 2224/2229/1767 2223/2228/1766
f 2212/2217/1755 2215/2220/1758 2223/2228/1766 2218/2223/1761
f 2218/2223/1761 2223/2228/1766 2225/2230/1768 2222/2227/1765
f 2223/2228/1766 2224/2229/1767 2226/2231/1769 2225/2230/1768
f 2221/2226/1764 2222/2227/1765 2228/2233/1771 2227/2232/1770
f 2220/2225/1763 2221/2226/1764 2227/2232/1770 2229/2234/1772
f 2229/2234/1772 2227/2232/1770 2231/2236/1774 2230/2235/1773
f 2227/2232/1770 2228/2233/1771 2232/2237/1775 2231/2236/1774
f 2225/2230/1768 2226/2231/1769 2234/2239/1777 2233/2238/1776
f 2222/2227/1765 2225/2230/1768 2233/2238/1776 2228/2233/1771
f 2228/2233/1771 2233/2238/1776 2235/2240/1778 2232/2237/1775
f 2233/2238/1776 2234/2239/1777 2236/2241/1779 2235/2240/1778
f 2231/2236/1774 2232/2237/1775 2238/2243/1781 2237/2242/1780
f 2230/2235/1773 2231/2236/1774 2237/2242/1780 2239/2244/1782
f 2239/2244/1782 2237/2242/1780 2241/2246/1784 2240/2245/1783
f 2237/2242/1780 2238/2243/1781 2242/2247/1785 2241/2246/1784
f 2235/2240/1778 2236/2241/1779 2244/2249/1787 2243/2248/1786
f 2232/2237/1775 2235/2240/1778 2243/2248/1786 2238/2243/1781
f 2238/2243/1781 2243/2248/1786 2245/2250/1788 2242/2247/1785
f 2243/2248/1786 2244/2249/1787 2246/2251/1789 2245/2250/1788
f 2241/2246/1784 2242/2247/1785 2248/2253/1791 2247/2252/1790
f 2240/2245/1783 2241/2246/1784 2247/2252/1790 2249/2254/1792
f 2249/2254/1792 2247/2252/1790 1775/2256/1319 1776/2255/1320
f 2247/2252/1790 2248/2253/1791 1772/2257/1316 1775/2256/1319
f 2245/2250/1788 2246/2251/1789 2251/2259/1794 2250/2258/1793
f 2242/2247/1785 2245/2250/1788 2250/2258/1793 2248/2253/1791
f 2248/2253/1791 2250/2258/1793 1771/2260/1315 1772/2257/1316
f 2250/2258/1793 2251/2259/1794 1770/2261/1314 1771/2260/1315
f 2255/2265/1798 2254/2264/1797 2253/2263/1796 2252/2262/1795
f 2254/2264/1797 1574/2267/1133 1566/2266/1125 2253/2263/1796
f 1574/2267/1133 2254/2264/1797 2256/2269/1799 1576/2268/1135
f 2257/2270/1800 2256/2269/1799 2254/2264/1797 2255/2265/1798
f 2259/2272/1802 2258/2271/1801 2256/2269/1799 2257/2270/1800
f 2258/2271/1801 1584/2273/1143 1576/2268/1135 2256/2269/1799
f 2260/2275/1803 1586/2274/1145 1584/2273/1143 2258/2271/1801
f 2261/2276/1804 2260/2275/1803 2258/2271/1801 2259/2272/1802
f 1566/2266/1125 1564/2278/1123 2262/2277/1805 2253/2263/1796
f 2253/2263/1796 2262/2277/1805 2263/2279/1806 2252/2262/1795
f 2262/2277/1805 2265/2281/1808 2264/2280/1807 2263/2279/1806
f 1564/2278/1123 1556/2282/1115 2265/2281/1808 2262/2277/1805
f 2267/2284/1810 2266/2283/1809 2260/2275/1803 2261/2276/1804
f 2266/2283/1809 1594/2285/1152 1586/2274/1145 2260/2275/1803
f 2268/2287/1811 1596/2286/1154 1594/2285/1152 2266/2283/1809
f 2269/2288/1812 2268/2287/1811 2266/2283/1809 2267/2284/1810
f 1556/2282/1115 1554/2290/1113 2270/2289/1813 2265/2281/1808
f 2265/2281/1808 2270/2289/1813 2271/2291/1814 2264/2280/1807
f 2270/2289/1813 2273/2293/1816 2272/2292/1815 2271/2291/1814
f 1554/2290/1113 1546/2294/1105 2273/2293/1816 2270/2289/1813
f 2274/2295/1817 2268/2287/1811 2269/2288/1812 2275/2296/1818
f 1604/2297/1161 1596/2286/1154 2268/2287/1811 2274/2295/1817
f 1606/2298/1162 1604/2297/1161 2274/2295/1817 2276/2299/1819
f 2276/2299/1819 2274/2295/1817 2275/2296/1818 2277/2300/1820
f 1546/2294/1105 1544/2302/1104 2278/2301/1821 2273/2293/1816
f 2273/2293/1816 2278/2301/1821 2279/2303/1822 2272/2292/1815
f 2278/2301/1821 2281/2305/1824 2280/2304/1823 2279/2303/1822
f 1544/2302/1104 1536/2306/1097 2281/2305/1824 2278/2301/1821
f 2282/2307/1825 2276/2299/1819 2277/2300/1820 2283/2308/1826
f 1614/2309/1168 1606/2298/1162 2276/2299/1819 2282/2307/1825
f 1616/2310/1170 1614/2309/1168 2282/2307/1825 2284/2311/1827
f 2284/2311/1827 2282/2307/1825 2283/2308/1826 2285/2312/1828
f 1536/2306/1097 1534/2314/1095 2286/2313/1829 2281/2305/1824
f 2281/2305/1824 2286/2313/1829 2287/2315/1830 2280/2304/1823
f 2286/2313/1829 2289/2317/1832 2288/2316/1831 2287/2315/1830
f 1534/2314/1095 1526/2318/1087 2289/2317/1832 2286/2313/1829
f 2290/2319/1833 2284/2311/1827 2285/2312/1828 2291/2320/1834
f 1618/2321/1172 1616/2310/1170 2284/2311/1827 2290/2319/1833
f 1617/2322/1171 1618/2321/1172 2290/2319/1833 2292/2323/1835
f 2292/2323/1835 2290/2319/1833 2291/2320/1834 2293/2324/1836
f 1526/2318/1087 1524/2326/1085 2294/2325/1837 2289/2317/1832
f 2289/2317/1832 2294/2325/1837 2295/2327/1838 2288/2316/1831
f 2294/2325/1837 2297/2329/1840 2296/2328/1839 2295/2327/1838
f 1524/2326/1085 1516/2330/1077 2297/2329/1840 2294/2325/1837
f 2298/2331/1841 2292/2323/1835 2293/2324/1836 2299/2332/1842
f 1628/2333/1181 1617/2322/1171 2292/2323/1835 2298/2331/1841
f 1627/2334/1180 1628/2333/1181 2298/2331/1841 2300/2335/1843
f 2300/2335/1843 2298/2331/1841 2299/2332/1842 2301/2336/1844
f 2297/2329/1840 1516/2330/1077 1514/2338/1075 2302/2337/1845
f 2296/2328/1839 2297/2329/1840 2302/2337/1845 2303/2339/1846
f 2303/2339/1846 2302/2337/1845 2305/2341/1848 2304/2340/1847
f 2302/2337/1845 1514/2338/1075 1506/2342/1067 2305/2341/1848
f 2307/2344/1850 2306/2343/1849 2300/2335/1843 2301/2336/1844
f 2306/2343/1849 1644/2345/1190 1627/2334/1180 2300/2335/1843
f 2308/2347/1851 1646/2346/1192 1644/2345/1190 2306/2343/1849
f 2309/2348/1852 2308/2347/1851 2306/2343/1849 2307/2344/1850
f 2305/2341/1848 1506/2342/1067 1504/2350/1065 2310/2349/1853
f 2304/2340/1847 2305/2341/1848 2310/2349/1853 2311/2351/1854
f 2311/2351/1854 2310/2349/1853 2313/2353/1856 2312/2352/1855
f 2310/2349/1853 1504/2350/1065 1496/2354/1057 2313/2353/1856
f 2315/2356/1858 2314/2355/1857 2308/2347/1851 2309/2348/1852
f 2314/2355/1857 1654/2357/1198 1646/2346/1192 2308/2347/1851
f 2316/2359/1859 1656/2358/1200 1654/2357/1198 2314/2355/1857
f 2317/2360/1860 2316/2359/1859 2314/2355/1857 2315/2356/1858
f 2313/2353/1856 1496/2354/1057 1494/2362/1055 2318/2361/1861
f 2312/2352/1855 2313/2353/1856 2318/2361/1861 2319/2363/1862
f 2319/2363/1862 2318/2361/1861 2321/2365/1864 2320/2364/1863
f 2318/2361/1861 1494/2362/1055 1486/2366/1048 2321/2365/1864
f 2323/2368/1866 2322/2367/1865 2316/2359/1859 2317/2360/1860
f 2322/2367/1865 1664/2369/1208 1656/2358/1200 2316/2359/1859
f 2324/2371/1867 1666/2370/1210 1664/2369/1208 2322/2367/1865
f 2325/2372/1868 2324/2371/1867 2322/2367/1865 2323/2368/1866
f 2321/2365/1864 1486/2366/1048 1484/2374/1046 2326/2373/1869
f 2320/2364/1863 2321/2365/1864 2326/2373/1869 2327/2375/1870
f 2327/2375/1870 2326/2373/1869 2329/2377/1872 2328/2376/1871
f 2326/2373/1869 1484/2374/1046 1476/2378/1038 2329/2377/1872
f 2330/2379/1873 2324/2371/1867 2325/2372/1868 2331/2380/1874
f 1674/2381/1218 1666/2370/1210 2324/2371/1867 2330/2379/1873
f 2332/2383/1875 1676/2382/1220 1674/2381/1218 2330/2379/1873
f 2333/2384/1876 2332/2383/1875 2330/2379/1873 2331/2380/1874
f 2329/2377/1872 1476/2378/1038 1474/2386/1036 2334/2385/1877
f 2328/2376/1871 2329/2377/1872 2334/2385/1877 2335/2387/1878
f 2335/2387/1878 2334/2385/1877 2337/2389/1880 2336/2388/1879
f 2334/2385/1877 1474/2386/1036 1466/2390/1028 2337/2389/1880
f 2339/2392/1882 2338/2391/1881 2332/2383/1875 2333/2384/1876
f 2338/2391/1881 1684/2393/1228 1676/2382/1220 2332/2383/1875
f 2340/2395/1883 1686/2394/1230 1684/2393/1228 2338/2391/1881
f 2341/2396/1884 2340/2395/1883 2338/2391/1881 2339/2392/1882
f 2337/2389/1880 1466/2390/1028 1464/2398/1026 2342/2397/1885
f 2336/2388/1879 2337/2389/1880 2342/2397/1885 2343/2399/1886
f 2343/2399/1886 2342/2397/1885 2345/2401/1888 2344/2400/1887
f 2342/2397/1885 1464/2398/1026 1456/2402/1018 2345/2401/1888
f 2347/2404/1890 2346/2403/1889 2340/2395/1883 2341/2396/1884
f 2346/2403/1889 1694/2405/1238 1686/2394/1230 2340/2395/1883
f 1696/2406/1240 1694/2405/1238 2346/2403/1889 2348/2407/1891
f 2348/2407/1891 2346/2403/1889 2347/2404/1890 2349/2408/1892
f 2345/2401/1888 1456/2402/1018 1454/2410/1016 2350/2409/1893
f 2344/2400/1887 2345/2401/1888 2350/2409/1893 2351/2411/1894
f 2351/2411/1894 2350/2409/1893 2353/2413/1896 2352/2412/1895
f 2350/2409/1893 1454/2410/1016 1446/2414/1008 2353/2413/1896
f 2354/2415/1897 2348/2407/1891 2349/2408/1892 2355/2416/1898
f 1704/2417/1248 1696/2406/1240 2348/2407/1891 2354/2415/1897
f 2356/2419/1899 1706/2418/1250 1704/2417/1248 2354/2415/1897
f 2357/2420/1900 2356/2419/1899 2354/2415/1897 2355/2416/1898
f 2353/2413/1896 1446/2414/1008 1444/2422/1006 2358/2421/1901
f 2352/2412/1895 2353/2413/1896 2358/2421/1901 2359/2423/1902
f 2359/2423/1902 2358/2421/1901 2361/2425/1904 2360/2424/1903
f 2358/2421/1901 1444/2422/1006 1436/2426/998 2361/2425/1904
f 2363/2428/1906 2362/2427/1905 2356/2419/1899 2357/2420/1900
f 2362/2427/1905 1714/2429/1258 1706/2418/1250 2356/2419/1899
f 2364/2431/1907 1716/2430/1260 1714/2429/1258 2362/2427/1905
f 2365/2432/1908 2364/2431/1907 2362/2427/1905 2363/2428/1906
f 2361/2425/1904 1436/2426/998 1434/2434/996 2366/2433/1909
f 2360/2424/1903 2361/2425/1904 2366/2433/1909 2367/2435/1910
f 2367/2435/1910 2366/2433/1909 2369/2437/1912 2368/2436/1911
f 2366/2433/1909 1434/2434/996 1426/2438/988 2369/2437/1912
f 2371/2440/1914 2370/2439/1913 2364/2431/1907 2365/2432/1908
f 2370/2439/1913 1724/2441/1268 1716/2430/1260 2364/2431/1907
f 2372/2443/1915 1726/2442/1270 1724/2441/1268 2370/2439/1913
f 2373/2444/1916 2372/2443/1915 2370/2439/1913 2371/2440/1914
f 2369/2437/1912 1426/2438/988 1424/2446/986 2374/2445/1917
f 2368/2436/1911 2369/2437/1912 2374/2445/1917 2375/2447/1918
f 2375/2447/1918 2374/2445/1917 2377/2449/1920 2376/2448/1919
f 2374/2445/1917 1424/2446/986 1416/2450/978 2377/2449/1920
f 2378/2451/1921 2372/2443/1915 2373/2444/1916 2379/2452/1922
f 1734/2453/1278 1726/2442/1270 2372/2443/1915 2378/2451/1921
f 1736/2454/1280 1734/2453/1278 2378/2451/1921 2380/2455/1923
f 2380/2455/1923 2378/2451/1921 2379/2452/1922 2381/2456/1924
f 2377/2449/1920 1416/2450/978 1414/2458/976 2382/2457/1925
f 2376/2448/1919 2377/2449/1920 2382/2457/1925 2383/2459/1926
f 2383/2459/1926 2382/2457/1925 2385/2461/1928 2384/2460/1927
f 2382/2457/1925 1414/2458/976 1406/2462/968 2385/2461/1928
f 2387/2464/1930 2386/2463/1929 2380/2455/1923 2381/2456/1924
f 2386/2463/1929 1744/2465/1288 1736/2454/1280 2380/2455/1923
f 2388/2467/1931 1746/2466/1290 1744/2465/1288 2386/2463/1929
f 2389/2468/1932 2388/2467/1931 2386/2463/1929 2387/2464/1930
f 2385/2461/1928 1406/2462/968 1404/2470/966 2390/2469/1933
f 2384/2460/1927 2385/2461/1928 2390/2469/1933 2391/2471/1934
f 2391/2471/1934 2390/2469/1933 2393/2473/1936 2392/2472/1935
f 2390/2469/1933 1404/2470/966 1396/2474/958 2393/2473/1936
f 2395/2476/1938 2394/2475/1937 2388/2467/1931 2389/2468/1932
f 2394/2475/1937 1754/2477/1298 1746/2466/1290 2388/2467/1931
f 1756/2478/1300 1754/2477/1298 2394/2475/1937 2396/2479/1939
f 2396/2479/1939 2394/2475/1937 2395/2476/1938 2397/2480/1940
f 2393/2473/1936 1396/2474/958 1394/2482/956 2398/2481/1941
f 2392/2472/1935 2393/2473/1936 2398/2481/1941 2399/2483/1942
f 2399/2483/1942 2398/2481/1941 2401/2485/1944 2400/2484/1943
f 2398/2481/1941 1394/2482/956 1386/2486/948 2401/2485/1944
f 2402/2487/1945 2396/2479/1939 2397/2480/1940 2403/2488/1946
f 1764/2489/1308 1756/2478/1300 2396/2479/1939 2402/2487/1945
f 1766/2490/1310 1764/2489/1308 2402/2487/1945 2404/2491/1947
f 2404/2491/1947 2402/2487/1945 2403/2488/1946 2405/2492/1948
f 2401/2485/1944 1386/2486/948 1384/2494/946 2406/2493/1949
f 2400/2484/1943 2401/2485/1944 2406/2493/1949 2407/2495/1950
f 2407/2495/1950 2406/2493/1949 2409/2497/1952 2408/2496/1951
f 2406/2493/1949 1384/2494/946 1376/2498/938 2409/2497/1952
f 2411/2500/1954 2410/2499/1953 2404/2491/1947 2405/2492/1948
f 2410/2499/1953 1774/2501/1318 1766/2490/1310 2404/2491/1947
f 2412/2503/1955 1776/2502/1320 1774/2501/1318 2410/2499/1953
f 2413/2504/1956 2412/2503/1955 2410/2499/1953 2411/2500/1954
f 2409/2497/1952 1376/2498/938 1374/2506/936 2414/2505/1957
f 2408/2496/1951 2409/2497/1952 2414/2505/1957 2415/2507/1958
f 2415/2507/1958 2414/2505/1957 2417/2509/1960 2416/2508/1959
f 2414/2505/1957 1374/2506/936 1366/2510/930 2417/2509/1960
f 2419/2512/1962 2418/2511/1961 2412/2503/1955 2413/2504/1956
f 2418/2511/1961 2249/2513/1792 1776/2502/1320 2412/2503/1955
f 2420/2515/1963 2240/2514/1783 2249/2513/1792 2418/2511/1961
f 2421/2516/1964 2420/2515/1963 2418/2511/1961 2419/2512/1962
f 2417/2509/1960 1366/2510/930 1364/2518/928 2422/2517/1965
f 2416/2508/1959 2417/2509/1960 2422/2517/1965 2423/2519/1966
f 2423/2519/1966 2422/2517/1965 2425/2521/1968 2424/2520/1967
f 2422/2517/1965 1364/2518/928 1356/2522/920 2425/2521/1968
f 2427/2524/1970 2426/2523/1969 2420/2515/1963 2421/2516/1964
f 2426/2523/1969 2239/2525/1782 2240/2514/1783 2420/2515/1963
f 2428/2527/1971 2230/2526/1773 2239/2525/1782 2426/2523/1969
f 2429/2528/1972 2428/2527/1971 2426/2523/1969 2427/2524/1970
f 2425/2521/1968 1356/2522/920 1354/2530/918 2430/2529/1973
f 2424/2520/1967 2425/2521/1968 2430/2529/1973 2431/2531/1974
f 2431/2531/1974 2430/2529/1973 2433/2533/1976 2432/2532/1975
f 2430/2529/1973 1354/2530/918 1346/2534/910 2433/2533/1976
f 2428/2527/1971 2429/2528/1972 2435/2536/1978 2434/2535/1977
f 2230/2526/1773 2428/2527/1971 2434/2535/1977 2229/2537/1772
f 2436/2539/1979 2220/2538/1763 2229/2537/1772 2434/2535/1977
f 2437/2540/1980 2436/2539/1979 2434/2535/1977 2435/2536/1978
f 2433/2533/1976 1346/2534/910 1344/2542/908 2438/2541/1981
f 2432/2532/1975 2433/2533/1976 2438/2541/1981 2439/2543/1982
f 2439/2543/1982 2438/2541/1981 2441/2545/1984 2440/2544/1983
f 2438/2541/1981 1344/2542/908 1336/2546/900 2441/2545/1984
f 2443/2548/1986 2442/2547/1985 2436/2539/1979 2437/2540/1980
f 2442/2547/1985 2219/2549/1762 2220/2538/1763 2436/2539/1979
f 2444/2551/1987 2210/2550/1753 2219/2549/1762 2442/2547/1985
f 2445/2552/1988 2444/2551/1987 2442/2547/1985 2443/2548/1986
f 2441/2545/1984 1336/2546/900 1334/2554/898 2446/2553/1989
f 2440/2544/1983 2441/2545/1984 2446/2553/1989 2447/2555/1990
f 2447/2555/1990 2446/2553/1989 2449/2557/1992 2448/2556/1991
f 2446/2553/1989 1334/2554/898 1326/2558/890 2449/2557/1992
f 2451/2560/1994 2450/2559/1993 2444/2551/1987 2445/2552/1988
f 2450/2559/1993 2209/2561/1752 2210/2550/1753 2444/2551/1987
f 2452/2563/1995 2200/2562/1743 2209/2561/1752 2450/2559/1993
f 2453/2564/1996 2452/2563/1995 2450/2559/1993 2451/2560/1994
f 2449/2557/1992 1326/2558/890 1324/2566/888 2454/2565/1997
f 2448/2556/1991 2449/2557/1992 2454/2565/1997 2455/2567/1998
f 2455/2567/1998 2454/2565/1997 2457/2569/2000 2456/2568/1999
f 2454/2565/1997 1324/2566/888 1316/2570/880 2457/2569/2000
f 2459/2572/2002 2458/2571/2001 2452/2563/1995 2453/2564/1996
f 2458/2571/2001 2199/2573/1742 2200/2562/1743 2452/2563/1995
f 2460/2575/2003 2190/2574/1733 2199/2573/1742 2458/2571/2001
f 2461/2576/2004 2460/2575/2003 2458/2571/2001 2459/2572/2002
f 2457/2569/2000 1316/2570/880 1314/2578/878 2462/2577/2005
f 2456/2568/1999 2457/2569/2000 2462/2577/2005 2463/2579/2006
f 2463/2579/2006 2462/2577/2005 2465/2581/2008 2464/2580/2007
f 2462/2577/2005 1314/2578/878 1306/2582/870 2465/2581/2008
f 2467/2584/2010 2466/2583/2009 2460/2575/2003 2461/2576/2004
f 2466/2583/2009 2189/2585/1732 2190/2574/1733 2460/2575/2003
f 2468/2587/2011 2180/2586/1723 2189/2585/1732 2466/2583/2009
f 2469/2588/2012 2468/2587/2011 2466/2583/2009 2467/2584/2010
f 2465/2581/2008 1306/2582/870 1304/2590/868 2470/2589/2013
f 2464/2580/2007 2465/2581/2008 2470/2589/2013 2471/2591/2014
f 2471/2591/2014 2470/2589/2013 2473/2593/2016 2472/2592/2015
f 2470/2589/2013 1304/2590/868 1296/2594/860 2473/2593/2016
f 2475/2596/2018 2474/2595/2017 2468/2587/2011 2469/2588/2012
f 2474/2595/2017 2179/2597/1722 2180/2586/1723 2468/2587/2011
f 2476/2599/2019 2170/2598/1713 2179/2597/1722 2474/2595/2017
f 2477/2600/2020 2476/2599/2019 2474/2595/2017 2475/2596/2018
f 2473/2593/2016 1296/2594/860 1294/2602/858 2478/2601/2021
f 2472/2592/2015 2473/2593/2016 2478/2601/2021 2479/2603/2022
f 2479/2603/2022 2478/2601/2021 2481/2605/2024 2480/2604/2023
f 2478/2601/2021 1294/2602/858 1286/2606/850 2481/2605/2024
f 2483/2608/2026 2482/2607/2025 2476/2599/2019 2477/2600/2020
f 2482/2607/2025 2169/2609/1712 2170/2598/1713 2476/2599/2019
f 2484/2611/2027 2160/2610/1703 2169/2609/1712 2482/2607/2025
f 2485/2612/2028 2484/2611/2027 2482/2607/2025 2483/2608/2026
f 2481/2605/2024 1286/2606/850 1284/2614/848 2486/2613/2029
f 2480/2604/2023 2481/2605/2024 2486/2613/2029 2487/2615/2030
f 2487/2615/2030 2486/2613/2029 2489/2617/2032 2488/2616/2031
f 2486/2613/2029 1284/2614/848 1276/2618/840 2489/2617/2032
f 2491/2620/2034 2490/2619/2033 2484/2611/2027 2485/2612/2028
f 2490/2619/2033 2159/2621/1702 2160/2610/1703 2484/2611/2027
f 2492/2623/2035 2150/2622/1693 2159/2621/1702 2490/2619/2033
f 2493/2624/2036 2492/2623/2035 2490/2619/2033 2491/2620/2034
f 2489/2617/2032 1276/2618/840 1274/2626/838 2494/2625/2037
f 2488/2616/2031 2489/2617/2032 2494/2625/2037 2495/2627/2038
f 2495/2627/2038 2494/2625/2037 2497/2629/2040 2496/2628/2039
f 2494/2625/2037 1274/2626/838 1266/2630/830 2497/2629/2040
f 2499/2632/2042 2498/2631/2041 2492/2623/2035 2493/2624/2036
f 2498/2631/2041 2149/2633/1692 2150/2622/1693 2492/2623/2035
f 2500/2635/2043 2140/2634/1683 2149/2633/1692 2498/2631/2041
f 22/22/22 2500/2635/2043 2498/2631/2041 2499/2632/2042
f 2497/2629/2040 1266/2630/830 1264/2637/828 2501/2636/2044
f 2496/2628/2039 2497/2629/2040 2501/2636/2044 2502/2638/2045
f 2502/2638/2045 2501/2636/2044 2504/2640/2047 2503/2639/2046
f 2501/2636/2044 1264/2637/828 1256/2641/820 2504/2640/2047
f 20/20/20 2505/2642/2048 2500/2635/2043 22/22/22
f 2505/2642/2048 2139/2643/1682 2140/2634/1683 2500/2635/2043
f 2506/2645/2049 2130/2644/1674 2139/2643/1682 2505/2642/2048
f 12/12/12 2506/2645/2049 2505/2642/2048 20/20/20
f 2504/2640/2047 1256/2641/820 1254/2647/818 2507/2646/2050
f 2503/2639/2046 2504/2640/2047 2507/2646/2050 2508/2648/2051
f 2508/2648/2051 2507/2646/2050 2510/2650/2053 2509/2649/2052
f 2507/2646/2050 1254/2647/818 1246/2651/810 2510/2650/2053
f 2512/2653/2055 2511/2652/2054 2506/2645/2049 12/12/12
f 2511/2652/2054 2129/2654/1673 2130/2644/1674 2506/2645/2049
f 2513/2656/2056 2120/2655/1664 2129/2654/1673 2511/2652/2054
f 2514/2657/2057 2513/2656/2056 2511/2652/2054 2512/2653/2055
f 2510/2650/2053 1246/2651/810 1244/2659/808 2515/2658/2058
f 2509/2649/2052 2510/2650/2053 2515/2658/2058 2516/2660/2059
f 2516/2660/2059 2515/2658/2058 2518/2662/2061 2517/2661/2060
f 2515/2658/2058 1244/2659/808 1236/2663/800 2518/2662/2061
f 2520/2665/2063 2519/2664/2062 2513/2656/2056 2514/2657/2057
f 2519/2664/2062 2119/2666/1663 2120/2655/1664 2513/2656/2056
f 2521/2668/2064 2110/2667/1654 2119/2666/1663 2519/2664/2062
f 2522/2669/2065 2521/2668/2064 2519/2664/2062 2520/2665/2063
f 2518/2662/2061 1236/2663/800 1234/2671/798 2523/2670/2066
f 2517/2661/2060 2518/2662/2061 2523/2670/2066 2524/2672/2067
f 2524/2672/2067 2523/2670/2066 2526/2674/2069 2525/2673/2068
f 2523/2670/2066 1234/2671/798 1226/2675/790 2526/2674/2069
f 2528/2677/2071 2527/2676/2070 2521/2668/2064 2522/2669/2065
f 2527/2676/2070 2109/2678/1653 2110/2667/1654 2521/2668/2064
f 2529/2680/2072 2100/2679/1644 2109/2678/1653 2527/2676/2070
f 2530/2681/2073 2529/2680/2072 2527/2676/2070 2528/2677/2071
f 2526/2674/2069 1226/2675/790 1224/2683/788 2531/2682/2074
f 2525/2673/2068 2526/2674/2069 2531/2682/2074 2532/2684/2075
f 2532/2684/2075 2531/2682/2074 2534/2686/2077 2533/2685/2076
f 2531/2682/2074 1224/2683/788 1216/2687/780 2534/2686/2077
f 2536/2689/2079 2535/2688/2078 2529/2680/2072 2530/2681/2073
f 2535/2688/2078 2099/2690/1643 2100/2679/1644 2529/2680/2072
f 2537/2692/2080 2090/2691/1634 2099/2690/1643 2535/2688/2078
f 2538/2693/2081 2537/2692/2080 2535/2688/2078 2536/2689/2079
f 2534/2686/2077 1216/2687/780 1214/2695/778 2539/2694/2082
f 2533/2685/2076 2534/2686/2077 2539/2694/2082 2540/2696/2083
f 2540/2696/2083 2539/2694/2082 2542/2698/2085 2541/2697/2084
f 2539/2694/2082 1214/2695/778 1206/2699/770 2542/2698/2085
f 2544/2701/2087 2543/2700/2086 2537/2692/2080 2538/2693/2081
f 2543/2700/2086 2089/2702/1633 2090/2691/1634 2537/2692/2080
f 2545/2704/2088 2080/2703/1624 2089/2702/1633 2543/2700/2086
f 2546/2705/2089 2545/2704/2088 2543/2700/2086 2544/2701/2087
f 2542/2698/2085 1206/2699/770 1204/2707/768 2547/2706/2090
f 2541/2697/2084 2542/2698/2085 2547/2706/2090 2548/2708/2091
f 2548/2708/2091 2547/2706/2090 2550/2710/2093 2549/2709/2092
f 2547/2706/2090 1204/2707/768 1196/2711/760 2550/2710/2093
f 2552/2713/2095 2551/2712/2094 2545/2704/2088 2546/2705/2089
f 2551/2712/2094 2079/2714/1623 2080/2703/1624 2545/2704/2088
f 2553/2716/2096 2070/2715/1614 2079/2714/1623 2551/2712/2094
f 2554/2717/2097 2553/2716/2096 2551/2712/2094 2552/2713/2095
f 2550/2710/2093 1196/2711/760 1194/2719/758 2555/2718/2098
f 2549/2709/2092 2550/2710/2093 2555/2718/2098 2556/2720/2099
f 2556/2720/2099 2555/2718/2098 2558/2722/2101 2557/2721/2100
f 2555/2718/2098 1194/2719/758 1186/2723/750 2558/2722/2101
f 2560/2725/2103 2559/2724/2102 2553/2716/2096 2554/2717/2097
f 2559/2724/2102 2069/2726/1613 2070/2715/1614 2553/2716/2096
f 2561/2728/2104 2060/2727/1604 2069/2726/1613 2559/2724/2102
f 2562/2729/2105 2561/2728/2104 2559/2724/2102 2560/2725/2103
f 1186/2723/750 1184/2731/748 2563/2730/2106 2558/2722/2101
f 2564/2732/2107 2557/2721/2100 2558/2722/2101 2563/2730/2106
f 2565/2733/2108 2564/2732/2107 2563/2730/2106 2566/2734/2109
f 2566/2734/2109 2563/2730/2106 1184/2731/748 1176/2735/741
f 2568/2737/2111 2567/2736/2110 2561/2728/2104 2562/2729/2105
f 2567/2736/2110 2059/2738/1603 2060/2727/1604 2561/2728/2104
f 2569/2740/2112 2050/2739/1594 2059/2738/1603 2567/2736/2110
f 2570/2741/2113 2569/2740/2112 2567/2736/2110 2568/2737/2111
f 2571/2742/2114 2566/2734/2109 1176/2735/741 1174/2743/740
f 2572/2744/2115 2565/2733/2108 2566/2734/2109 2571/2742/2114
f 2573/2745/2116 2572/2744/2115 2571/2742/2114 2574/2746/2117
f 2574/2746/2117 2571/2742/2114 1174/2743/740 1166/2747/732
f 2576/2749/2119 2575/2748/2118 2569/2740/2112 2570/2741/2113
f 2575/2748/2118 2049/2750/1593 2050/2739/1594 2569/2740/2112
f 2577/2752/2120 2040/2751/1584 2049/2750/1593 2575/2748/2118
f 2578/2753/2121 2577/2752/2120 2575/2748/2118 2576/2749/2119
f 2579/2754/2122 2574/2746/2117 1166/2747/732 1164/2755/730
f 2580/2756/2123 2573/2745/2116 2574/2746/2117 2579/2754/2122
f 2581/2757/2124 2580/2756/2123 2579/2754/2122 2582/2758/2125
f 2582/2758/2125 2579/2754/2122 1164/2755/730 1156/2759/722
f 2584/2761/2127 2583/2760/2126 2577/2752/2120 2578/2753/2121
f 2583/2760/2126 2039/2762/1583 2040/2751/1584 2577/2752/2120
f 2585/2764/2128 2030/2763/1574 2039/2762/1583 2583/2760/2126
f 2586/2765/2129 2585/2764/2128 2583/2760/2126 2584/2761/2127
f 2582/2758/2125 1156/2759/722 1154/2767/720 2587/2766/2130
f 2581/2757/2124 2582/2758/2125 2587/2766/2130 2588/2768/2131
f 2588/2768/2131 2587/2766/2130 2590/2770/2133 2589/2769/2132
f 2587/2766/2130 1154/2767/720 1146/2771/712 2590/2770/2133
f 2592/2773/2135 2591/2772/2134 2585/2764/2128 2586/2765/2129
f 2591/2772/2134 2029/2774/1573 2030/2763/1574 2585/2764/2128
f 2593/2776/2136 2020/2775/1564 2029/2774/1573 2591/2772/2134
f 2594/2777/2137 2593/2776/2136 2591/2772/2134 2592/2773/2135
f 2590/2770/2133 1146/2771/712 1144/2779/710 2595/2778/2138
f 2589/2769/2132 2590/2770/2133 2595/2778/2138 2596/2780/2139
f 2596/2780/2139 2595/2778/2138 2598/2782/2141 2597/2781/2140
f 2595/2778/2138 1144/2779/710 1136/2783/702 2598/2782/2141
f 2600/2785/2143 2599/2784/2142 2593/2776/2136 2594/2777/2137
f 2599/2784/2142 2019/2786/1563 2020/2775/1564 2593/2776/2136
f 2601/2788/2144 2010/2787/1554 2019/2786/1563 2599/2784/2142
f 2602/2789/2145 2601/2788/2144 2599/2784/2142 2600/2785/2143
f 2598/2782/2141 1136/2783/702 1134/2791/700 2603/2790/2146
f 2597/2781/2140 2598/2782/2141 2603/2790/2146 2604/2792/2147
f 2604/2792/2147 2603/2790/2146 2606/2794/2149 2605/2793/2148
f 2603/2790/2146 1134/2791/700 1126/2795/692 2606/2794/2149
f 2608/2797/2151 2607/2796/2150 2601/2788/2144 2602/2789/2145
f 2607/2796/2150 2009/2798/1553 2010/2787/1554 2601/2788/2144
f 2609/2800/2152 2000/2799/1544 2009/2798/1553 2607/2796/2150
f 2610/2801/2153 2609/2800/2152 2607/2796/2150 2608/2797/2151
f 2606/2794/2149 1126/2795/692 1124/2803/690 2611/2802/2154
f 2605/2793/2148 2606/2794/2149 2611/2802/2154 2612/2804/2155
f 2612/2804/2155 2611/2802/2154 2614/2806/2157 2613/2805/2156
f 2611/2802/2154 1124/2803/690 1116/2807/682 2614/2806/2157
f 2616/2809/2159 2615/2808/2158 2609/2800/2152 2610/2801/2153
f 2615/2808/2158 1999/2810/1543 2000/2799/1544 2609/2800/2152
f 2617/2812/2160 1990/2811/1534 1999/2810/1543 2615/2808/2158
f 2618/2813/2161 2617/2812/2160 2615/2808/2158 2616/2809/2159
f 2614/2806/2157 1116/2807/682 1114/2815/680 2619/2814/2162
f 2613/2805/2156 2614/2806/2157 2619/2814/2162 2620/2816/2163
f 2620/2816/2163 2619/2814/2162 2622/2818/2165 2621/2817/2164
f 2619/2814/2162 1114/2815/680 1106/2819/672 2622/2818/2165
f 2623/2820/2166 2617/2812/2160 2618/2813/2161 2624/2821/2167
f 1989/2822/1533 1990/2811/1534 2617/2812/2160 2623/2820/2166
f 1980/2823/1524 1989/2822/1533 2623/2820/2166 2625/2824/2168
f 2625/2824/2168 2623/2820/2166 2624/2821/2167 2626/2825/2169
f 2622/2818/2165 1106/2819/672 1104/2827/670 2627/2826/2170
f 2621/2817/2164 2622/2818/2165 2627/2826/2170 2628/2828/2171
f 2628/2828/2171 2627/2826/2170 2630/2830/2173 2629/2829/2172
f 2627/2826/2170 1104/2827/670 1096/2831/662 2630/2830/2173
f 2631/2832/2174 2625/2824/2168 2626/2825/2169 2632/2833/2175
f 1979/2834/1523 1980/2823/1524 2625/2824/2168 2631/2832/2174
f 1970/2835/1514 1979/2834/1523 2631/2832/2174 2633/2836/2176
f 2633/2836/2176 2631/2832/2174 2632/2833/2175 2634/2837/2177
f 2630/2830/2173 1096/2831/662 1094/2839/660 2635/2838/2178
f 2629/2829/2172 2630/2830/2173 2635/2838/2178 2636/2840/2179
f 2636/2840/2179 2635/2838/2178 2638/2842/2181 2637/2841/2180
f 2635/2838/2178 1094/2839/660 1086/2843/652 2638/2842/2181
f 2639/2844/2182 2633/2836/2176 2634/2837/2177 2640/2845/2183
f 1969/2846/1513 1970/2835/1514 2633/2836/2176 2639/2844/2182
f 1960/2847/1504 1969/2846/1513 2639/2844/2182 2641/2848/2184
f 2641/2848/2184 2639/2844/2182 2640/2845/2183 2642/2849/2185
f 2638/2842/2181 1086/2843/652 1084/2851/650 2643/2850/2186
f 2637/2841/2180 2638/2842/2181 2643/2850/2186 2644/2852/2187
f 2644/2852/2187 2643/2850/2186 2646/2854/2189 2645/2853/2188
f 2643/2850/2186 1084/2851/650 1076/2855/642 2646/2854/2189
f 2647/2856/2190 2641/2848/2184 2642/2849/2185 2648/2857/2191
f 1959/2858/1503 1960/2847/1504 2641/2848/2184 2647/2856/2190
f 1950/2859/1494 1959/2858/1503 2647/2856/2190 2649/2860/2192
f 2649/2860/2192 2647/2856/2190 2648/2857/2191 2650/2861/2193
f 2646/2854/2189 1076/2855/642 1074/2863/640 2651/2862/2194
f 2645/2853/2188 2646/2854/2189 2651/2862/2194 2652/2864/2195
f 2652/2864/2195 2651/2862/2194 2654/2866/2197 2653/2865/2196
f 2651/2862/2194 1074/2863/640 1066/2867/632 2654/2866/2197
f 2656/2869/2199 2655/2868/2198 2649/2860/2192 2650/2861/2193
f 2655/2868/2198 1949/2870/1493 1950/2859/1494 2649/2860/2192
f 2657/2872/2200 1940/2871/1484 1949/2870/1493 2655/2868/2198
f 2658/2873/2201 2657/2872/2200 2655/2868/2198 2656/2869/2199
f 2654/2866/2197 1066/2867/632 1064/2875/630 2659/2874/2202
f 2653/2865/2196 2654/2866/2197 2659/2874/2202 2660/2876/2203
f 2660/2876/2203 2659/2874/2202 2662/2878/2205 2661/2877/2204
f 2659/2874/2202 1064/2875/630 1056/2879/622 2662/2878/2205
f 2664/2881/2207 2663/2880/2206 2657/2872/2200 2658/2873/2201
f 2663/2880/2206 1939/2882/1483 1940/2871/1484 2657/2872/2200
f 2665/2884/2208 1930/2883/1474 1939/2882/1483 2663/2880/2206
f 2666/2885/2209 2665/2884/2208 2663/2880/2206 2664/2881/2207
f 2662/2878/2205 1056/2879/622 1054/2887/620 2667/2886/2210
f 2661/2877/2204 2662/2878/2205 2667/2886/2210 2668/2888/2211
f 2668/2888/2211 2667/2886/2210 2670/2890/2213 2669/2889/2212
f 2667/2886/2210 1054/2887/620 1046/2891/612 2670/2890/2213
f 2666/2885/2209 2672/2893/2215 2671/2892/2214 2665/2884/2208
f 2665/2884/2208 2671/2892/2214 1929/2894/1473 1930/2883/1474
f 2671/2892/2214 2673/2896/2216 1920/2895/1464 1929/2894/1473
f 2672/2893/2215 2674/2897/2217 2673/2896/2216 2671/2892/2214
f 2675/2898/2218 2670/2890/2213 1046/2891/612 1044/2899/610
f 2676/2900/2219 2669/2889/2212 2670/2890/2213 2675/2898/2218
f 2677/2901/2220 2676/2900/2219 2675/2898/2218 2678/2902/2221
f 2678/2902/2221 2675/2898/2218 1044/2899/610 1036/2903/602
f 2674/2897/2217 2680/2905/2223 2679/2904/2222 2673/2896/2216
f 2673/2896/2216 2679/2904/2222 1919/2906/1463 1920/2895/1464
f 2679/2904/2222 2681/2908/2224 1910/2907/1454 1919/2906/1463
f 2680/2905/2223 11/11/11 2681/2908/2224 2679/2904/2222
f 2682/2909/2225 2678/2902/2221 1036/2903/602 1034/2910/600
f 2683/2911/2226 2677/2901/2220 2678/2902/2221 2682/2909/2225
f 2684/2912/2227 2683/2911/2226 2682/2909/2225 2685/2913/2228
f 2685/2913/2228 2682/2909/2225 1034/2910/600 1026/2914/592
f 11/11/11 9/9/9 2686/2915/2229 2681/2908/2224
f 2681/2908/2224 2686/2915/2229 1909/2916/1453 1910/2907/1454
f 2686/2915/2229 2687/2918/2230 1900/2917/1444 1909/2916/1453
f 9/9/9 1/1/1 2687/2918/2230 2686/2915/2229
f 2688/2919/2231 2685/2913/2228 1026/2914/592 1024/2920/590
f 2689/2921/2232 2684/2912/2227 2685/2913/2228 2688/2919/2231
f 2690/2922/2233 2689/2921/2232 2688/2919/2231 2691/2923/2234
f 2691/2923/2234 2688/2919/2231 1024/2920/590 1016/2924/582
f 1/1/1 2693/2926/2236 2692/2925/2235 2687/2918/2230
f 2687/2918/2230 2692/2925/2235 1899/2927/1443 1900/2917/1444
f 2692/2925/2235 2694/2929/2237 1890/2928/1434 1899/2927/1443
f 2693/2926/2236 2695/2930/2238 2694/2929/2237 2692/2925/2235
f 2696/2931/2239 2691/2923/2234 1016/2924/582 1014/2932/580
f 2697/2933/2240 2690/2922/2233 2691/2923/2234 2696/2931/2239
f 2698/2934/2241 2697/2933/2240 2696/2931/2239 2699/2935/2242
f 2699/2935/2242 2696/2931/2239 1014/2932/580 1006/2936/572
f 2701/2938/2244 2700/2937/2243 2694/2929/2237 2695/2930/2238
f 2700/2937/2243 1889/2939/1433 1890/2928/1434 2694/2929/2237
f 2702/2941/2245 1880/2940/1424 1889/2939/1433 2700/2937/2243
f 2703/2942/2246 2702/2941/2245 2700/2937/2243 2701/2938/2244
f 2704/2943/2247 2699/2935/2242 1006/2936/572 1004/2944/570
f 2705/2945/2248 2698/2934/2241 2699/2935/2242 2704/2943/2247
f 2706/2946/2249 2705/2945/2248 2704/2943/2247 2707/2947/2250
f 2707/2947/2250 2704/2943/2247 1004/2944/570 996/2948/562
f 2709/2950/2252 2708/2949/2251 2702/2941/2245 2703/2942/2246
f 2708/2949/2251 1879/2951/1423 1880/2940/1424 2702/2941/2245
f 2710/2953/2253 1870/2952/1414 1879/2951/1423 2708/2949/2251
f 2711/2954/2254 2710/2953/2253 2708/2949/2251 2709/2950/2252
f 2712/2955/2255 2707/2947/2250 996/2948/562 994/2956/560
f 2713/2957/2256 2706/2946/2249 2707/2947/2250 2712/2955/2255
f 2714/2958/2257 2713/2957/2256 2712/2955/2255 2715/2959/2258
f 2715/2959/2258 2712/2955/2255 994/2956/560 986/2960/552
f 2717/2962/2260 2716/2961/2259 2710/2953/2253 2711/2954/2254
f 2716/2961/2259 1869/2963/1413 1870/2952/1414 2710/2953/2253
f 2718/2965/2261 1860/2964/1404 1869/2963/1413 2716/2961/2259
f 2719/2966/2262 2718/2965/2261 2716/2961/2259 2717/2962/2260
f 2720/2967/2263 2715/2959/2258 986/2960/552 984/2968/550
f 2721/2969/2264 2714/2958/2257 2715/2959/2258 2720/2967/2263
f 2722/2970/2265 2721/2969/2264 2720/2967/2263 2723/2971/2266
f 2723/2971/2266 2720/2967/2263 984/2968/550 976/2972/542
f 2725/2974/2268 2724/2973/2267 2718/2965/2261 2719/2966/2262
f 2724/2973/2267 1859/2975/1403 1860/2964/1404 2718/2965/2261
f 2726/2977/2269 1850/2976/1394 1859/2975/1403 2724/2973/2267
f 2727/2978/2270 2726/2977/2269 2724/2973/2267 2725/2974/2268
f 2728/2979/2271 2723/2971/2266 976/2972/542 974/2980/540
f 2729/2981/2272 2722/2970/2265 2723/2971/2266 2728/2979/2271
f 2730/2982/2273 2729/2981/2272 2728/2979/2271 2731/2983/2274
f 2731/2983/2274 2728/2979/2271 974/2980/540 966/2984/532
f 2733/2986/2276 2732/2985/2275 2726/2977/2269 2727/2978/2270
f 2732/2985/2275 1849/2987/1393 1850/2976/1394 2726/2977/2269
f 2734/2989/2277 1840/2988/1384 1849/2987/1393 2732/2985/2275
f 2735/2990/2278 2734/2989/2277 2732/2985/2275 2733/2986/2276
f 2736/2991/2279 2731/2983/2274 966/2984/532 964/2992/530
f 2737/2993/2280 2730/2982/2273 2731/2983/2274 2736/2991/2279
f 2738/2994/2281 2737/2993/2280 2736/2991/2279 2739/2995/2282
f 2739/2995/2282 2736/2991/2279 964/2992/530 956/2996/522
f 2741/2998/2284 2740/2997/2283 2734/2989/2277 2735/2990/2278
f 2740/2997/2283 1839/2999/1383 1840/2988/1384 2734/2989/2277
f 2742/3001/2285 1830/3000/1374 1839/2999/1383 2740/2997/2283
f 2743/3002/2286 2742/3001/2285 2740/2997/2283 2741/2998/2284
f 2739/2995/2282 956/2996/522 954/3004/520 2744/3003/2287
f 2738/2994/2281 2739/2995/2282 2744/3003/2287 2745/3005/2288
f 2745/3005/2288 2744/3003/2287 2747/3007/2290 2746/3006/2289
f 2744/3003/2287 954/3004/520 946/3008/512 2747/3007/2290
f 2749/3010/2292 2748/3009/2291 2742/3001/2285 2743/3002/2286
f 2748/3009/2291 1829/3011/1373 1830/3000/1374 2742/3001/2285
f 2750/3013/2293 1820/3012/1364 1829/3011/1373 2748/3009/2291
f 2751/3014/2294 2750/3013/2293 2748/3009/2291 2749/3010/2292
f 946/3008/512 944/3016/510 2752/3015/2295 2747/3007/2290
f 2747/3007/2290 2752/3015/2295 2753/3017/2296 2746/3006/2289
f 2754/3018/2297 2753/3017/2296 2752/3015/2295 2755/3019/2298
f 2755/3019/2298 2752/3015/2295 944/3016/510 936/3020/502
f 2757/3022/2300 2756/3021/2299 2750/3013/2293 2751/3014/2294
f 2756/3021/2299 1819/3023/1363 1820/3012/1364 2750/3013/2293
f 2758/3025/2301 1810/3024/1354 1819/3023/1363 2756/3021/2299
f 2759/3026/2302 2758/3025/2301 2756/3021/2299 2757/3022/2300
f 2760/3027/2303 2755/3019/2298 936/3020/502 934/3028/500
f 2761/3029/2304 2754/3018/2297 2755/3019/2298 2760/3027/2303
f 2762/3030/2305 2761/3029/2304 2760/3027/2303 2763/3031/2306
f 2763/3031/2306 2760/3027/2303 934/3028/500 926/3032/492
f 2765/3034/2308 2764/3033/2307 2758/3025/2301 2759/3026/2302
f 2764/3033/2307 1809/3035/1353 1810/3024/1354 2758/3025/2301
f 2766/3037/2309 1800/3036/1344 1809/3035/1353 2764/3033/2307
f 2767/3038/2310 2766/3037/2309 2764/3033/2307 2765/3034/2308
f 2768/3039/2311 2763/3031/2306 926/3032/492 924/3040/490
f 2769/3041/2312 2762/3030/2305 2763/3031/2306 2768/3039/2311
f 2770/3042/2313 2769/3041/2312 2768/3039/2311 2771/3043/2314
f 2771/3043/2314 2768/3039/2311 924/3040/490 916/3044/482
f 2773/3046/2316 2772/3045/2315 2766/3037/2309 2767/3038/2310
f 2772/3045/2315 1799/3047/1343 1800/3036/1344 2766/3037/2309
f 2774/3049/2317 1790/3048/1334 1799/3047/1343 2772/3045/2315
f 2775/3050/2318 2774/3049/2317 2772/3045/2315 2773/3046/2316
f 2776/3051/2319 2771/3043/2314 916/3044/482 914/3052/480
f 2777/3053/2320 2770/3042/2313 2771/3043/2314 2776/3051/2319
f 2778/3054/2321 2777/3053/2320 2776/3051/2319 2779/3055/2322
f 2779/3055/2322 2776/3051/2319 914/3052/480 906/3056/472
f 2775/3050/2318 2781/3058/2324 2780/3057/2323 2774/3049/2317
f 2774/3049/2317 2780/3057/2323 1789/3059/1333 1790/3048/1334
f 2780/3057/2323 2782/3061/2325 1780/3060/1324 1789/3059/1333
f 2781/3058/2324 2783/3062/2326 2782/3061/2325 2780/3057/2323
f 2784/3063/2327 2779/3055/2322 906/3056/472 904/3064/470
f 2785/3065/2328 2778/3054/2321 2779/3055/2322 2784/3063/2327
f 2786/3066/2329 2785/3065/2328 2784/3063/2327 2787/3067/2330
f 2787/3067/2330 2784/3063/2327 904/3064/470 896/3068/462
f 2789/3070/2332 2788/3069/2331 2782/3061/2325 2783/3062/2326
f 2788/3069/2331 1779/3071/1323 1780/3060/1324 2782/3061/2325
f 2790/3073/2333 801/3072/374 1779/3071/1323 2788/3069/2331
f 2791/3074/2334 2790/3073/2333 2788/3069/2331 2789/3070/2332
f 2792/3075/2335 2787/3067/2330 896/3068/462 894/3076/460
f 2793/3077/2336 2786/3066/2329 2787/3067/2330 2792/3075/2335
f 2794/3078/2337 2793/3077/2336 2792/3075/2335 2795/3079/2338
f 2795/3079/2338 2792/3075/2335 894/3076/460 886/3080/452
f 2797/3082/2340 2796/3081/2339 2790/3073/2333 2791/3074/2334
f 2796/3081/2339 804/3083/377 801/3072/374 2790/3073/2333
f 2798/3085/2341 806/3084/379 804/3083/377 2796/3081/2339
f 2799/3086/2342 2798/3085/2341 2796/3081/2339 2797/3082/2340
f 2800/3087/2343 2795/3079/2338 886/3080/452 884/3088/450
f 2801/3089/2344 2794/3078/2337 2795/3079/2338 2800/3087/2343
f 2802/3090/2345 2801/3089/2344 2800/3087/2343 2803/3091/2346
f 2803/3091/2346 2800/3087/2343 884/3088/450 876/3092/442
f 2805/3094/2348 2804/3093/2347 2798/3085/2341 2799/3086/2342
f 2804/3093/2347 814/3095/387 806/3084/379 2798/3085/2341
f 2806/3097/2349 816/3096/389 814/3095/387 2804/3093/2347
f 2807/3098/2350 2806/3097/2349 2804/3093/2347 2805/3094/2348
f 2808/3099/2351 2803/3091/2346 876/3092/442 874/3100/440
f 2809/3101/2352 2802/3090/2345 2803/3091/2346 2808/3099/2351
f 2810/3102/2353 2809/3101/2352 2808/3099/2351 2811/3103/2354
f 2811/3103/2354 2808/3099/2351 874/3100/440 866/3104/432
f 2813/3106/2356 2812/3105/2355 2806/3097/2349 2807/3098/2350
f 2812/3105/2355 824/3107/397 816/3096/389 2806/3097/2349
f 2814/3109/2357 826/3108/399 824/3107/397 2812/3105/2355
f 2815/3110/2358 2814/3109/2357 2812/3105/2355 2813/3106/2356
f 2816/3111/2359 2811/3103/2354 866/3104/432 864/3112/431
f 2817/3113/2360 2810/3102/2353 2811/3103/2354 2816/3111/2359
f 2818/3114/2361 2817/3113/2360 2816/3111/2359 2819/3115/2362
f 2819/3115/2362 2816/3111/2359 864/3112/431 856/3116/425
f 2821/3118/2364 2820/3117/2363 2814/3109/2357 2815/3110/2358
f 2820/3117/2363 834/3119/407 826/3108/399 2814/3109/2357
f 2822/3121/2365 836/3120/409 834/3119/407 2820/3117/2363
f 2823/3122/2366 2822/3121/2365 2820/3117/2363 2821/3118/2364
f 2824/3123/2367 2819/3115/2362 856/3116/425 854/3124/424
f 2825/3125/2368 2818/3114/2361 2819/3115/2362 2824/3123/2367
f 2826/3126/2369 2825/3125/2368 2824/3123/2367 2827/3127/2370
f 2827/3127/2370 2824/3123/2367 854/3124/424 846/3128/419
f 2823/3122/2366 2829/3130/2372 2828/3129/2371 2822/3121/2365
f 2822/3121/2365 2828/3129/2371 844/3131/417 836/3120/409
f 2827/3127/2370 846/3128/419 844/3131/417 2828/3129/2371
f 2826/3126/2369 2827/3127/2370 2828/3129/2371 2829/3130/2372
f 99/99/99 96/96/96 2831/3133/2374 2830/3132/2373
f 2830/3132/2373 2831/3133/2374 2809/3101/2352 2810/3102/2353
f 2831/3133/2374 2832/3134/2375 2802/3090/2345 2809/3101/2352
f 96/96/96 93/93/93 2832/3134/2375 2831/3133/2374
f 2833/3135/2376 2836/3138/2379 2835/3137/2378 2834/3136/2377
f 2834/3136/2377 2835/3137/2378 2817/3113/2360 2818/3114/2361
f 2835/3137/2378 2830/3132/2373 2810/3102/2353 2817/3113/2360
f 2836/3138/2379 99/99/99 2830/3132/2373 2835/3137/2378
f 2837/3139/2380 2840/3142/2383 2839/3141/2382 2838/3140/2381
f 2838/3140/2381 2839/3141/2382 2825/3125/2368 2826/3126/2369
f 2839/3141/2382 2834/3136/2377 2818/3114/2361 2825/3125/2368
f 2840/3142/2383 2833/3135/2376 2834/3136/2377 2839/3141/2382
f 2841/3143/2384 2844/3146/2387 2843/3145/2386 2842/3144/2385
f 2842/3144/2385 2843/3145/2386 2829/3130/2372 2823/3122/2366
f 2838/3140/2381 2826/3126/2369 2829/3130/2372 2843/3145/2386
f 2837/3139/2380 2838/3140/2381 2843/3145/2386 2844/3146/2387
f 2848/3150/2391 2847/3149/2390 2846/3148/2389 2845/3147/2388
f 2847/3149/2390 2821/3118/2364 2815/3110/2358 2846/3148/2389
f 2842/3144/2385 2823/3122/2366 2821/3118/2364 2847/3149/2390
f 2841/3143/2384 2842/3144/2385 2847/3149/2390 2848/3150/2391
f 2852/3154/2395 2851/3153/2394 2850/3152/2393 2849/3151/2392
f 2851/3153/2394 2813/3106/2356 2807/3098/2350 2850/3152/2393
f 2846/3148/2389 2815/3110/2358 2813/3106/2356 2851/3153/2394
f 2845/3147/2388 2846/3148/2389 2851/3153/2394 2852/3154/2395
f 93/93/93 2854/3156/2397 2853/3155/2396 2832/3134/2375
f 2832/3134/2375 2853/3155/2396 2801/3089/2344 2802/3090/2345
f 2853/3155/2396 2855/3157/2398 2794/3078/2337 2801/3089/2344
f 2854/3156/2397 2856/3158/2399 2855/3157/2398 2853/3155/2396
f 2850/3152/2393 2807/3098/2350 2805/3094/2348 2857/3159/2400
f 2849/3151/2392 2850/3152/2393 2857/3159/2400 2858/3160/2401
f 2858/3160/2401 2857/3159/2400 2860/3162/2403 2859/3161/2402
f 2857/3159/2400 2805/3094/2348 2799/3086/2342 2860/3162/2403
f 2856/3158/2399 2862/3164/2405 2861/3163/2404 2855/3157/2398
f 2855/3157/2398 2861/3163/2404 2793/3077/2336 2794/3078/2337
f 2861/3163/2404 2863/3165/2406 2786/3066/2329 2793/3077/2336
f 2862/3164/2405 2864/3166/2407 2863/3165/2406 2861/3163/2404
f 2860/3162/2403 2799/3086/2342 2797/3082/2340 2865/3167/2408
f 2859/3161/2402 2860/3162/2403 2865/3167/2408 2866/3168/2409
f 2866/3168/2409 2865/3167/2408 2868/3170/2411 2867/3169/2410
f 2865/3167/2408 2797/3082/2340 2791/3074/2334 2868/3170/2411
f 2864/3166/2407 2870/3172/2413 2869/3171/2412 2863/3165/2406
f 2863/3165/2406 2869/3171/2412 2785/3065/2328 2786/3066/2329
f 2869/3171/2412 2871/3173/2414 2778/3054/2321 2785/3065/2328
f 2870/3172/2413 2872/3174/2415 2871/3173/2414 2869/3171/2412
f 2873/3175/2416 2868/3170/2411 2791/3074/2334 2789/3070/2332
f 2874/3176/2417 2867/3169/2410 2868/3170/2411 2873/3175/2416
f 86/86/86 2874/3176/2417 2873/3175/2416 2875/3177/2418
f 2875/3177/2418 2873/3175/2416 2789/3070/2332 2783/3062/2326
f 2877/3179/2420 2876/3178/2419 2871/3173/2414 2872/3174/2415
f 2876/3178/2419 2777/3053/2320 2778/3054/2321 2871/3173/2414
f 2878/3180/2421 2770/3042/2313 2777/3053/2320 2876/3178/2419
f 2879/3181/2422 2878/3180/2421 2876/3178/2419 2877/3179/2420
f 2880/3182/2423 2875/3177/2418 2783/3062/2326 2781/3058/2324
f 89/89/89 86/86/86 2875/3177/2418 2880/3182/2423
f 92/92/92 89/89/89 2880/3182/2423 2881/3183/2424
f 2881/3183/2424 2880/3182/2423 2781/3058/2324 2775/3050/2318
f 2882/3184/2425 2878/3180/2421 2879/3181/2422 2883/3185/2426
f 2769/3041/2312 2770/3042/2313 2878/3180/2421 2882/3184/2425
f 2884/3186/2427 2762/3030/2305 2769/3041/2312 2882/3184/2425
f 2885/3187/2428 2884/3186/2427 2882/3184/2425 2883/3185/2426
f 2886/3188/2429 2881/3183/2424 2775/3050/2318 2773/3046/2316
f 2887/3189/2430 92/92/92 2881/3183/2424 2886/3188/2429
f 2888/3190/2431 2887/3189/2430 2886/3188/2429 2889/3191/2432
f 2889/3191/2432 2886/3188/2429 2773/3046/2316 2767/3038/2310
f 2885/3187/2428 2891/3193/2434 2890/3192/2433 2884/3186/2427
f 2884/3186/2427 2890/3192/2433 2761/3029/2304 2762/3030/2305
f 2890/3192/2433 2892/3194/2435 2754/3018/2297 2761/3029/2304
f 2891/3193/2434 2893/3195/2436 2892/3194/2435 2890/3192/2433
f 2889/3191/2432 2767/3038/2310 2765/3034/2308 2894/3196/2437
f 2888/3190/2431 2889/3191/2432 2894/3196/2437 2895/3197/2438
f 2895/3197/2438 2894/3196/2437 2897/3199/2440 2896/3198/2439
f 2894/3196/2437 2765/3034/2308 2759/3026/2302 2897/3199/2440
f 2893/3195/2436 2899/3201/2442 2898/3200/2441 2892/3194/2435
f 2892/3194/2435 2898/3200/2441 2753/3017/2296 2754/3018/2297
f 2898/3200/2441 2900/3202/2443 2746/3006/2289 2753/3017/2296
f 2899/3201/2442 2901/3203/2444 2900/3202/2443 2898/3200/2441
f 2897/3199/2440 2759/3026/2302 2757/3022/2300 2902/3204/2445
f 2896/3198/2439 2897/3199/2440 2902/3204/2445 2903/3205/2446
f 2903/3205/2446 2902/3204/2445 2905/3207/2448 2904/3206/2447
f 2902/3204/2445 2757/3022/2300 2751/3014/2294 2905/3207/2448
f 2901/3203/2444 2907/3209/2450 2906/3208/2449 2900/3202/2443
f 2900/3202/2443 2906/3208/2449 2745/3005/2288 2746/3006/2289
f 2906/3208/2449 2908/3210/2451 2738/2994/2281 2745/3005/2288
f 2907/3209/2450 2909/3211/2452 2908/3210/2451 2906/3208/2449
f 2905/3207/2448 2751/3014/2294 2749/3010/2292 2910/3212/2453
f 2904/3206/2447 2905/3207/2448 2910/3212/2453 2911/3213/2454
f 2911/3213/2454 2910/3212/2453 2913/3215/2456 2912/3214/2455
f 2910/3212/2453 2749/3010/2292 2743/3002/2286 2913/3215/2456
f 2909/3211/2452 2915/3217/2458 2914/3216/2457 2908/3210/2451
f 2908/3210/2451 2914/3216/2457 2737/2993/2280 2738/2994/2281
f 2914/3216/2457 2916/3218/2459 2730/2982/2273 2737/2993/2280
f 2915/3217/2458 2917/3219/2460 2916/3218/2459 2914/3216/2457
f 2913/3215/2456 2743/3002/2286 2741/2998/2284 2918/3220/2461
f 2912/3214/2455 2913/3215/2456 2918/3220/2461 2919/3221/2462
f 2919/3221/2462 2918/3220/2461 2921/3223/2464 2920/3222/2463
f 2918/3220/2461 2741/2998/2284 2735/2990/2278 2921/3223/2464
f 2917/3219/2460 2923/3225/2466 2922/3224/2465 2916/3218/2459
f 2916/3218/2459 2922/3224/2465 2729/2981/2272 2730/2982/2273
f 2922/3224/2465 2924/3226/2467 2722/2970/2265 2729/2981/2272
f 2923/3225/2466 2925/3227/2468 2924/3226/2467 2922/3224/2465
f 2921/3223/2464 2735/2990/2278 2733/2986/2276 2926/3228/2469
f 2920/3222/2463 2921/3223/2464 2926/3228/2469 2927/3229/2470
f 2927/3229/2470 2926/3228/2469 2929/3231/2472 2928/3230/2471
f 2926/3228/2469 2733/2986/2276 2727/2978/2270 2929/3231/2472
f 2925/3227/2468 2931/3233/2474 2930/3232/2473 2924/3226/2467
f 2924/3226/2467 2930/3232/2473 2721/2969/2264 2722/2970/2265
f 2930/3232/2473 2932/3234/2475 2714/2958/2257 2721/2969/2264
f 2931/3233/2474 2933/3235/2476 2932/3234/2475 2930/3232/2473
f 2929/3231/2472 2727/2978/2270 2725/2974/2268 2934/3236/2477
f 2928/3230/2471 2929/3231/2472 2934/3236/2477 2935/3237/2478
f 2935/3237/2478 2934/3236/2477 2937/3239/2480 2936/3238/2479
f 2934/3236/2477 2725/2974/2268 2719/2966/2262 2937/3239/2480
f 2933/3235/2476 2939/3241/2482 2938/3240/2481 2932/3234/2475
f 2932/3234/2475 2938/3240/2481 2713/2957/2256 2714/2958/2257
f 2938/3240/2481 2940/3242/2483 2706/2946/2249 2713/2957/2256
f 2939/3241/2482 2941/3243/2484 2940/3242/2483 2938/3240/2481
f 2937/3239/2480 2719/2966/2262 2717/2962/2260 2942/3244/2485
f 2936/3238/2479 2937/3239/2480 2942/3244/2485 2943/3245/2486
f 2943/3245/2486 2942/3244/2485 2945/3247/2488 2944/3246/2487
f 2942/3244/2485 2717/2962/2260 2711/2954/2254 2945/3247/2488
f 2941/3243/2484 2947/3249/2490 2946/3248/2489 2940/3242/2483
f 2940/3242/2483 2946/3248/2489 2705/2945/2248 2706/2946/2249
f 2946/3248/2489 2948/3250/2491 2698/2934/2241 2705/2945/2248
f 2947/3249/2490 2949/3251/2492 2948/3250/2491 2946/3248/2489
f 2950/3252/2493 2945/3247/2488 2711/2954/2254 2709/2950/2252
f 2951/3253/2494 2944/3246/2487 2945/3247/2488 2950/3252/2493
f 80/80/80 2951/3253/2494 2950/3252/2493 2952/3254/2495
f 2952/3254/2495 2950/3252/2493 2709/2950/2252 2703/2942/2246
f 2949/3251/2492 2954/3256/2497 2953/3255/2496 2948/3250/2491
f 2948/3250/2491 2953/3255/2496 2697/2933/2240 2698/2934/2241
f 2953/3255/2496 2955/3257/2498 2690/2922/2233 2697/2933/2240
f 2954/3256/2497 2956/3258/2499 2955/3257/2498 2953/3255/2496
f 2957/3259/2500 2952/3254/2495 2703/2942/2246 2701/2938/2244
f 83/83/83 80/80/80 2952/3254/2495 2957/3259/2500
f 74/74/74 83/83/83 2957/3259/2500 2958/3260/2501
f 2958/3260/2501 2957/3259/2500 2701/2938/2244 2695/2930/2238
f 2956/3258/2499 2960/3262/2503 2959/3261/2502 2955/3257/2498
f 2955/3257/2498 2959/3261/2502 2689/2921/2232 2690/2922/2233
f 2959/3261/2502 2961/3263/2504 2684/2912/2227 2689/2921/2232
f 2960/3262/2503 2962/3264/2505 2961/3263/2504 2959/3261/2502
f 2963/3265/2506 2958/3260/2501 2695/2930/2238 2693/2926/2236
f 77/77/77 74/74/74 2958/3260/2501 2963/3265/2506
f 5/5/5 77/77/77 2963/3265/2506 2/2/2
f 2/2/2 2963/3265/2506 2693/2926/2236 1/1/1
f 2962/3264/2505 2965/3267/2508 2964/3266/2507 2961/3263/2504
f 2961/3263/2504 2964/3266/2507 2683/2911/2226 2684/2912/2227
f 2964/3266/2507 2966/3268/2509 2677/2901/2220 2683/2911/2226
f 2965/3267/2508 2967/3269/2510 2966/3268/2509 2964/3266/2507
f 2967/3269/2510 2969/3271/2512 2968/3270/2511 2966/3268/2509
f 2966/3268/2509 2968/3270/2511 2676/2900/2219 2677/2901/2220
f 2968/3270/2511 2970/3272/2513 2669/2889/2212 2676/2900/2219
f 2969/3271/2512 2971/3273/2514 2970/3272/2513 2968/3270/2511
f 2972/3274/2515 10/10/10 11/11/11 2680/2905/2223
f 67/67/67 7/7/7 10/10/10 2972/3274/2515
f 58/58/58 67/67/67 2972/3274/2515 2973/3275/2516
f 2973/3275/2516 2972/3274/2515 2680/2905/2223 2674/2897/2217
f 2971/3273/2514 2975/3277/2518 2974/3276/2517 2970/3272/2513
f 2970/3272/2513 2974/3276/2517 2668/2888/2211 2669/2889/2212
f 2974/3276/2517 2976/3278/2519 2661/2877/2204 2668/2888/2211
f 2975/3277/2518 2977/3279/2520 2976/3278/2519 2974/3276/2517
f 2978/3280/2521 2973/3275/2516 2674/2897/2217 2672/2893/2215
f 61/61/61 58/58/58 2973/3275/2516 2978/3280/2521
f 64/64/64 61/61/61 2978/3280/2521 2979/3281/2522
f 2979/3281/2522 2978/3280/2521 2672/2893/2215 2666/2885/2209
f 2977/3279/2520 2981/3283/2524 2980/3282/2523 2976/3278/2519
f 2976/3278/2519 2980/3282/2523 2660/2876/2203 2661/2877/2204
f 2980/3282/2523 2982/3284/2525 2653/2865/2196 2660/2876/2203
f 2981/3283/2524 2983/3285/2526 2982/3284/2525 2980/3282/2523
f 2979/3281/2522 2666/2885/2209 2664/2881/2207 2984/3286/2527
f 64/64/64 2979/3281/2522 2984/3286/2527 2985/3287/2528
f 2985/3287/2528 2984/3286/2527 2987/3289/2530 2986/3288/2529
f 2984/3286/2527 2664/2881/2207 2658/2873/2201 2987/3289/2530
f 2983/3285/2526 2989/3291/2532 2988/3290/2531 2982/3284/2525
f 2982/3284/2525 2988/3290/2531 2652/2864/2195 2653/2865/2196
f 2988/3290/2531 2990/3292/2533 2645/2853/2188 2652/2864/2195
f 2989/3291/2532 2991/3293/2534 2990/3292/2533 2988/3290/2531
f 2987/3289/2530 2658/2873/2201 2656/2869/2199 2992/3294/2535
f 2986/3288/2529 2987/3289/2530 2992/3294/2535 2993/3295/2536
f 2993/3295/2536 2992/3294/2535 2995/3297/2538 2994/3296/2537
f 2992/3294/2535 2656/2869/2199 2650/2861/2193 2995/3297/2538
f 2991/3293/2534 2997/3299/2540 2996/3298/2539 2990/3292/2533
f 2990/3292/2533 2996/3298/2539 2644/2852/2187 2645/2853/2188
f 2996/3298/2539 2998/3300/2541 2637/2841/2180 2644/2852/2187
f 2997/3299/2540 2999/3301/2542 2998/3300/2541 2996/3298/2539
f 2650/2861/2193 2648/2857/2191 3000/3302/2543 2995/3297/2538
f 2995/3297/2538 3000/3302/2543 3001/3303/2544 2994/3296/2537
f 3000/3302/2543 3003/3305/2546 3002/3304/2545 3001/3303/2544
f 2648/2857/2191 2642/2849/2185 3003/3305/2546 3000/3302/2543
f 2999/3301/2542 3005/3307/2548 3004/3306/2547 2998/3300/2541
f 2998/3300/2541 3004/3306/2547 2636/2840/2179 2637/2841/2180
f 3004/3306/2547 3006/3308/2549 2629/2829/2172 2636/2840/2179
f 3005/3307/2548 3007/3309/2550 3006/3308/2549 3004/3306/2547
f 2642/2849/2185 2640/2845/2183 3008/3310/2551 3003/3305/2546
f 3003/3305/2546 3008/3310/2551 3009/3311/2552 3002/3304/2545
f 3008/3310/2551 3011/3313/2554 3010/3312/2553 3009/3311/2552
f 2640/2845/2183 2634/2837/2177 3011/3313/2554 3008/3310/2551
f 3007/3309/2550 3013/3315/2556 3012/3314/2555 3006/3308/2549
f 3006/3308/2549 3012/3314/2555 2628/2828/2171 2629/2829/2172
f 3012/3314/2555 3014/3316/2557 2621/2817/2164 2628/2828/2171
f 3013/3315/2556 3015/3317/2558 3014/3316/2557 3012/3314/2555
f 2634/2837/2177 2632/2833/2175 3016/3318/2559 3011/3313/2554
f 3011/3313/2554 3016/3318/2559 3017/3319/2560 3010/3312/2553
f 3016/3318/2559 3019/3321/2562 3018/3320/2561 3017/3319/2560
f 2632/2833/2175 2626/2825/2169 3019/3321/2562 3016/3318/2559
f 3015/3317/2558 3021/3323/2564 3020/3322/2563 3014/3316/2557
f 3014/3316/2557 3020/3322/2563 2620/2816/2163 2621/2817/2164
f 3020/3322/2563 3022/3324/2565 2613/2805/2156 2620/2816/2163
f 3021/3323/2564 3023/3325/2566 3022/3324/2565 3020/3322/2563
f 3019/3321/2562 2626/2825/2169 2624/2821/2167 3024/3326/2567
f 3018/3320/2561 3019/3321/2562 3024/3326/2567 3025/3327/2568
f 3024/3326/2567 3027/3329/2570 3026/3328/2569 3025/3327/2568
f 2624/2821/2167 2618/2813/2161 3027/3329/2570 3024/3326/2567
f 3029/3331/2572 3028/3330/2571 3022/3324/2565 3023/3325/2566
f 3028/3330/2571 2612/2804/2155 2613/2805/2156 3022/3324/2565
f 3030/3332/2573 2605/2793/2148 2612/2804/2155 3028/3330/2571
f 3031/3333/2574 3030/3332/2573 3028/3330/2571 3029/3331/2572
f 3027/3329/2570 2618/2813/2161 2616/2809/2159 3032/3334/2575
f 3026/3328/2569 3027/3329/2570 3032/3334/2575 3033/3335/2576
f 3033/3335/2576 3032/3334/2575 3035/3337/2578 3034/3336/2577
f 3032/3334/2575 2616/2809/2159 2610/2801/2153 3035/3337/2578
f 3037/3339/2580 3036/3338/2579 3030/3332/2573 3031/3333/2574
f 3036/3338/2579 2604/2792/2147 2605/2793/2148 3030/3332/2573
f 3038/3340/2581 2597/2781/2140 2604/2792/2147 3036/3338/2579
f 3039/3341/2582 3038/3340/2581 3036/3338/2579 3037/3339/2580
f 3035/3337/2578 2610/2801/2153 2608/2797/2151 3040/3342/2583
f 3034/3336/2577 3035/3337/2578 3040/3342/2583 3041/3343/2584
f 3041/3343/2584 3040/3342/2583 3043/3345/2586 3042/3344/2585
f 3040/3342/2583 2608/2797/2151 2602/2789/2145 3043/3345/2586
f 3045/3347/2588 3044/3346/2587 3038/3340/2581 3039/3341/2582
f 3044/3346/2587 2596/2780/2139 2597/2781/2140 3038/3340/2581
f 3046/3348/2589 2589/2769/2132 2596/2780/2139 3044/3346/2587
f 3047/3349/2590 3046/3348/2589 3044/3346/2587 3045/3347/2588
f 3043/3345/2586 2602/2789/2145 2600/2785/2143 3048/3350/2591
f 3042/3344/2585 3043/3345/2586 3048/3350/2591 3049/3351/2592
f 3049/3351/2592 3048/3350/2591 3051/3353/2594 3050/3352/2593
f 3048/3350/2591 2600/2785/2143 2594/2777/2137 3051/3353/2594
f 3053/3355/2596 3052/3354/2595 3046/3348/2589 3047/3349/2590
f 3052/3354/2595 2588/2768/2131 2589/2769/2132 3046/3348/2589
f 3054/3356/2597 2581/2757/2124 2588/2768/2131 3052/3354/2595
f 3055/3357/2598 3054/3356/2597 3052/3354/2595 3053/3355/2596
f 3051/3353/2594 2594/2777/2137 2592/2773/2135 3056/3358/2599
f 3050/3352/2593 3051/3353/2594 3056/3358/2599 3057/3359/2600
f 3056/3358/2599 3059/3361/2602 3058/3360/2601 3057/3359/2600
f 2592/2773/2135 2586/2765/2129 3059/3361/2602 3056/3358/2599
f 3055/3357/2598 3061/3363/2604 3060/3362/2603 3054/3356/2597
f 3054/3356/2597 3060/3362/2603 2580/2756/2123 2581/2757/2124
f 3060/3362/2603 3062/3364/2605 2573/2745/2116 2580/2756/2123
f 3061/3363/2604 3063/3365/2606 3062/3364/2605 3060/3362/2603
f 2586/2765/2129 2584/2761/2127 3064/3366/2607 3059/3361/2602
f 3059/3361/2602 3064/3366/2607 3065/3367/2608 3058/3360/2601
f 3065/3367/2608 3064/3366/2607 3067/3369/2610 3066/3368/2609
f 3064/3366/2607 2584/2761/2127 2578/2753/2121 3067/3369/2610
f 3063/3365/2606 3069/3371/2612 3068/3370/2611 3062/3364/2605
f 3062/3364/2605 3068/3370/2611 2572/2744/2115 2573/2745/2116
f 3068/3370/2611 3070/3372/2613 2565/2733/2108 2572/2744/2115
f 3069/3371/2612 3071/3373/2614 3070/3372/2613 3068/3370/2611
f 3067/3369/2610 2578/2753/2121 2576/2749/2119 3072/3374/2615
f 3066/3368/2609 3067/3369/2610 3072/3374/2615 3073/3375/2616
f 3073/3375/2616 3072/3374/2615 3075/3377/2618 3074/3376/2617
f 3072/3374/2615 2576/2749/2119 2570/2741/2113 3075/3377/2618
f 3071/3373/2614 3077/3379/2620 3076/3378/2619 3070/3372/2613
f 3070/3372/2613 3076/3378/2619 2564/2732/2107 2565/2733/2108
f 3076/3378/2619 3078/3380/2621 2557/2721/2100 2564/2732/2107
f 3077/3379/2620 3079/3381/2622 3078/3380/2621 3076/3378/2619
f 3075/3377/2618 2570/2741/2113 2568/2737/2111 3080/3382/2623
f 3074/3376/2617 3075/3377/2618 3080/3382/2623 3081/3383/2624
f 3081/3383/2624 3080/3382/2623 3083/3385/2626 3082/3384/2625
f 3080/3382/2623 2568/2737/2111 2562/2729/2105 3083/3385/2626
f 3079/3381/2622 3085/3387/2628 3084/3386/2627 3078/3380/2621
f 3078/3380/2621 3084/3386/2627 2556/2720/2099 2557/2721/2100
f 3084/3386/2627 3086/3388/2629 2549/2709/2092 2556/2720/2099
f 3085/3387/2628 3087/3389/2630 3086/3388/2629 3084/3386/2627
f 3083/3385/2626 2562/2729/2105 2560/2725/2103 3088/3390/2631
f 3082/3384/2625 3083/3385/2626 3088/3390/2631 3089/3391/2632
f 3089/3391/2632 3088/3390/2631 3091/3393/2634 3090/3392/2633
f 3088/3390/2631 2560/2725/2103 2554/2717/2097 3091/3393/2634
f 3093/3395/2636 3092/3394/2635 3086/3388/2629 3087/3389/2630
f 3092/3394/2635 2548/2708/2091 2549/2709/2092 3086/3388/2629
f 3094/3396/2637 2541/2697/2084 2548/2708/2091 3092/3394/2635
f 3095/3397/2638 3094/3396/2637 3092/3394/2635 3093/3395/2636
f 3091/3393/2634 2554/2717/2097 2552/2713/2095 3096/3398/2639
f 3090/3392/2633 3091/3393/2634 3096/3398/2639 3097/3399/2640
f 3097/3399/2640 3096/3398/2639 3099/3401/2642 3098/3400/2641
f 3096/3398/2639 2552/2713/2095 2546/2705/2089 3099/3401/2642
f 3101/3403/2644 3100/3402/2643 3094/3396/2637 3095/3397/2638
f 3100/3402/2643 2540/2696/2083 2541/2697/2084 3094/3396/2637
f 3102/3404/2645 2533/2685/2076 2540/2696/2083 3100/3402/2643
f 3103/3405/2646 3102/3404/2645 3100/3402/2643 3101/3403/2644
f 3099/3401/2642 2546/2705/2089 2544/2701/2087 3104/3406/2647
f 3098/3400/2641 3099/3401/2642 3104/3406/2647 3105/3407/2648
f 3105/3407/2648 3104/3406/2647 3106/3408/2649 51/51/51
f 3104/3406/2647 2544/2701/2087 2538/2693/2081 3106/3408/2649
f 3108/3410/2651 3107/3409/2650 3102/3404/2645 3103/3405/2646
f 3107/3409/2650 2532/2684/2075 2533/2685/2076 3102/3404/2645
f 3109/3411/2652 2525/2673/2068 2532/2684/2075 3107/3409/2650
f 3110/3412/2653 3109/3411/2652 3107/3409/2650 3108/3410/2651
f 3106/3408/2649 2538/2693/2081 2536/2689/2079 3111/3413/2654
f 51/51/51 3106/3408/2649 3111/3413/2654 54/54/54
f 54/54/54 3111/3413/2654 3112/3414/2655 57/57/57
f 3111/3413/2654 2536/2689/2079 2530/2681/2073 3112/3414/2655
f 3114/3416/2657 3113/3415/2656 3109/3411/2652 3110/3412/2653
f 3113/3415/2656 2524/2672/2067 2525/2673/2068 3109/3411/2652
f 3115/3417/2658 2517/2661/2060 2524/2672/2067 3113/3415/2656
f 3116/3418/2659 3115/3417/2658 3113/3415/2656 3114/3416/2657
f 3112/3414/2655 2530/2681/2073 2528/2677/2071 3117/3419/2660
f 57/57/57 3112/3414/2655 3117/3419/2660 3118/3420/2661
f 3118/3420/2661 3117/3419/2660 3119/3421/2662 44/44/44
f 3117/3419/2660 2528/2677/2071 2522/2669/2065 3119/3421/2662
f 3121/3423/2664 3120/3422/2663 3115/3417/2658 3116/3418/2659
f 3120/3422/2663 2516/2660/2059 2517/2661/2060 3115/3417/2658
f 3122/3424/2665 2509/2649/2052 2516/2660/2059 3120/3422/2663
f 43/43/43 3122/3424/2665 3120/3422/2663 3121/3423/2664
f 3119/3421/2662 2522/2669/2065 2520/2665/2063 3123/3425/2666
f 44/44/44 3119/3421/2662 3123/3425/2666 47/47/47
f 47/47/47 3123/3425/2666 3124/3426/2667 50/50/50
f 3123/3425/2666 2520/2665/2063 2514/2657/2057 3124/3426/2667
f 40/40/40 3125/3427/2668 3122/3424/2665 43/43/43
f 3125/3427/2668 2508/2648/2051 2509/2649/2052 3122/3424/2665
f 3126/3428/2669 2503/2639/2046 2508/2648/2051 3125/3427/2668
f 37/37/37 3126/3428/2669 3125/3427/2668 40/40/40
f 3124/3426/2667 2514/2657/2057 2512/2653/2055 3127/3429/2670
f 50/50/50 3124/3426/2667 3127/3429/2670 3128/3430/2671
f 3128/3430/2671 3127/3429/2670 13/13/13 16/16/16
f 3127/3429/2670 2512/2653/2055 12/12/12 13/13/13
f 3130/3432/2673 3129/3431/2672 3126/3428/2669 37/37/37
f 3129/3431/2672 2502/2638/2045 2503/2639/2046 3126/3428/2669
f 3131/3433/2674 2496/2628/2039 2502/2638/2045 3129/3431/2672
f 3132/3434/2675 3131/3433/2674 3129/3431/2672 3130/3432/2673
f 3134/3436/2677 3133/3435/2676 3131/3433/2674 3132/3434/2675
f 3133/3435/2676 2495/2627/2038 2496/2628/2039 3131/3433/2674
f 3135/3437/2678 2488/2616/2031 2495/2627/2038 3133/3435/2676
f 3136/3438/2679 3135/3437/2678 3133/3435/2676 3134/3436/2677
f 21/21/21 22/22/22 2499/2632/2042 3137/3439/2680
f 18/18/18 21/21/21 3137/3439/2680 3138/3440/2681
f 3138/3440/2681 3137/3439/2680 3140/3442/2683 3139/3441/2682
f 3137/3439/2680 2499/2632/2042 2493/2624/2036 3140/3442/2683
f 3142/3444/2685 3141/3443/2684 3135/3437/2678 3136/3438/2679
f 3141/3443/2684 2487/2615/2030 2488/2616/2031 3135/3437/2678
f 3143/3445/2686 2480/2604/2023 2487/2615/2030 3141/3443/2684
f 3144/3446/2687 3143/3445/2686 3141/3443/2684 3142/3444/2685
f 3140/3442/2683 2493/2624/2036 2491/2620/2034 3145/3447/2688
f 3139/3441/2682 3140/3442/2683 3145/3447/2688 3146/3448/2689
f 3146/3448/2689 3145/3447/2688 3148/3450/2691 3147/3449/2690
f 3145/3447/2688 2491/2620/2034 2485/2612/2028 3148/3450/2691
f 3150/3452/2693 3149/3451/2692 3143/3445/2686 3144/3446/2687
f 3149/3451/2692 2479/2603/2022 2480/2604/2023 3143/3445/2686
f 3151/3453/2694 2472/2592/2015 2479/2603/2022 3149/3451/2692
f 3152/3454/2695 3151/3453/2694 3149/3451/2692 3150/3452/2693
f 3148/3450/2691 2485/2612/2028 2483/2608/2026 3153/3455/2696
f 3147/3449/2690 3148/3450/2691 3153/3455/2696 3154/3456/2697
f 3154/3456/2697 3153/3455/2696 3156/3458/2699 3155/3457/2698
f 3153/3455/2696 2483/2608/2026 2477/2600/2020 3156/3458/2699
f 3158/3460/2701 3157/3459/2700 3151/3453/2694 3152/3454/2695
f 3157/3459/2700 2471/2591/2014 2472/2592/2015 3151/3453/2694
f 3159/3461/2702 2464/2580/2007 2471/2591/2014 3157/3459/2700
f 3160/3462/2703 3159/3461/2702 3157/3459/2700 3158/3460/2701
f 3156/3458/2699 2477/2600/2020 2475/2596/2018 3161/3463/2704
f 3155/3457/2698 3156/3458/2699 3161/3463/2704 3162/3464/2705
f 3162/3464/2705 3161/3463/2704 3164/3466/2707 3163/3465/2706
f 3161/3463/2704 2475/2596/2018 2469/2588/2012 3164/3466/2707
f 3166/3468/2709 3165/3467/2708 3159/3461/2702 3160/3462/2703
f 3165/3467/2708 2463/2579/2006 2464/2580/2007 3159/3461/2702
f 3167/3469/2710 2456/2568/1999 2463/2579/2006 3165/3467/2708
f 3168/3470/2711 3167/3469/2710 3165/3467/2708 3166/3468/2709
f 3164/3466/2707 2469/2588/2012 2467/2584/2010 3169/3471/2712
f 3163/3465/2706 3164/3466/2707 3169/3471/2712 3170/3472/2713
f 3170/3472/2713 3169/3471/2712 3172/3474/2715 3171/3473/2714
f 3169/3471/2712 2467/2584/2010 2461/2576/2004 3172/3474/2715
f 3174/3476/2717 3173/3475/2716 3167/3469/2710 3168/3470/2711
f 3173/3475/2716 2455/2567/1998 2456/2568/1999 3167/3469/2710
f 3175/3477/2718 2448/2556/1991 2455/2567/1998 3173/3475/2716
f 3176/3478/2719 3175/3477/2718 3173/3475/2716 3174/3476/2717
f 3172/3474/2715 2461/2576/2004 2459/2572/2002 3177/3479/2720
f 3171/3473/2714 3172/3474/2715 3177/3479/2720 3178/3480/2721
f 3178/3480/2721 3177/3479/2720 3180/3482/2723 3179/3481/2722
f 3177/3479/2720 2459/2572/2002 2453/2564/1996 3180/3482/2723
f 3182/3484/2725 3181/3483/2724 3175/3477/2718 3176/3478/2719
f 3181/3483/2724 2447/2555/1990 2448/2556/1991 3175/3477/2718
f 3183/3485/2726 2440/2544/1983 2447/2555/1990 3181/3483/2724
f 3184/3486/2727 3183/3485/2726 3181/3483/2724 3182/3484/2725
f 3180/3482/2723 2453/2564/1996 2451/2560/1994 3185/3487/2728
f 3179/3481/2722 3180/3482/2723 3185/3487/2728 3186/3488/2729
f 3186/3488/2729 3185/3487/2728 3188/3490/2731 3187/3489/2730
f 3185/3487/2728 2451/2560/1994 2445/2552/1988 3188/3490/2731
f 3190/3492/2733 3189/3491/2732 3183/3485/2726 3184/3486/2727
f 3189/3491/2732 2439/2543/1982 2440/2544/1983 3183/3485/2726
f 3191/3493/2734 2432/2532/1975 2439/2543/1982 3189/3491/2732
f 3192/3494/2735 3191/3493/2734 3189/3491/2732 3190/3492/2733
f 3188/3490/2731 2445/2552/1988 2443/2548/1986 3193/3495/2736
f 3187/3489/2730 3188/3490/2731 3193/3495/2736 3194/3496/2737
f 3194/3496/2737 3193/3495/2736 3196/3498/2739 3195/3497/2738
f 3193/3495/2736 2443/2548/1986 2437/2540/1980 3196/3498/2739
f 3198/3500/2741 3197/3499/2740 3191/3493/2734 3192/3494/2735
f 3197/3499/2740 2431/2531/1974 2432/2532/1975 3191/3493/2734
f 3199/3501/2742 2424/2520/1967 2431/2531/1974 3197/3499/2740
f 3200/3502/2743 3199/3501/2742 3197/3499/2740 3198/3500/2741
f 3196/3498/2739 2437/2540/1980 2435/2536/1978 3201/3503/2744
f 3195/3497/2738 3196/3498/2739 3201/3503/2744 3202/3504/2745
f 3202/3504/2745 3201/3503/2744 3204/3506/2747 3203/3505/2746
f 3201/3503/2744 2435/2536/1978 2429/2528/1972 3204/3506/2747
f 3206/3508/2749 3205/3507/2748 3199/3501/2742 3200/3502/2743
f 3205/3507/2748 2423/2519/1966 2424/2520/1967 3199/3501/2742
f 3207/3509/2750 2416/2508/1959 2423/2519/1966 3205/3507/2748
f 3208/3510/2751 3207/3509/2750 3205/3507/2748 3206/3508/2749
f 3204/3506/2747 2429/2528/1972 2427/2524/1970 3209/3511/2752
f 3203/3505/2746 3204/3506/2747 3209/3511/2752 3210/3512/2753
f 3210/3512/2753 3209/3511/2752 3212/3514/2755 3211/3513/2754
f 3209/3511/2752 2427/2524/1970 2421/2516/1964 3212/3514/2755
f 3214/3516/2757 3213/3515/2756 3207/3509/2750 3208/3510/2751
f 3213/3515/2756 2415/2507/1958 2416/2508/1959 3207/3509/2750
f 3215/3517/2758 2408/2496/1951 2415/2507/1958 3213/3515/2756
f 3216/3518/2759 3215/3517/2758 3213/3515/2756 3214/3516/2757
f 3212/3514/2755 2421/2516/1964 2419/2512/1962 3217/3519/2760
f 3211/3513/2754 3212/3514/2755 3217/3519/2760 3218/3520/2761
f 3218/3520/2761 3217/3519/2760 3220/3522/2763 3219/3521/2762
f 3217/3519/2760 2419/2512/1962 2413/2504/1956 3220/3522/2763
f 3222/3524/2765 3221/3523/2764 3215/3517/2758 3216/3518/2759
f 3221/3523/2764 2407/2495/1950 2408/2496/1951 3215/3517/2758
f 3223/3525/2766 2400/2484/1943 2407/2495/1950 3221/3523/2764
f 3224/3526/2767 3223/3525/2766 3221/3523/2764 3222/3524/2765
f 3220/3522/2763 2413/2504/1956 2411/2500/1954 3225/3527/2768
f 3219/3521/2762 3220/3522/2763 3225/3527/2768 3226/3528/2769
f 3227/3529/2770 3226/3528/2769 3225/3527/2768 3228/3530/2771
f 3228/3530/2771 3225/3527/2768 2411/2500/1954 2405/2492/1948
f 3230/3532/2773 3229/3531/2772 3223/3525/2766 3224/3526/2767
f 3229/3531/2772 2399/2483/1942 2400/2484/1943 3223/3525/2766
f 3231/3533/2774 2392/2472/1935 2399/2483/1942 3229/3531/2772
f 3232/3534/2775 3231/3533/2774 3229/3531/2772 3230/3532/2773
f 2405/2492/1948 2403/2488/1946 3233/3535/2776 3228/3530/2771
f 3228/3530/2771 3233/3535/2776 3234/3536/2777 3227/3529/2770
f 3233/3535/2776 3236/3538/2779 3235/3537/2778 3234/3536/2777
f 2403/2488/1946 2397/2480/1940 3236/3538/2779 3233/3535/2776
f 3238/3540/2781 3237/3539/2780 3231/3533/2774 3232/3534/2775
f 3237/3539/2780 2391/2471/1934 2392/2472/1935 3231/3533/2774
f 3239/3541/2782 2384/2460/1927 2391/2471/1934 3237/3539/2780
f 3240/3542/2783 3239/3541/2782 3237/3539/2780 3238/3540/2781
f 2397/2480/1940 2395/2476/1938 3241/3543/2784 3236/3538/2779
f 3236/3538/2779 3241/3543/2784 3242/3544/2785 3235/3537/2778
f 3241/3543/2784 3244/3546/2787 3243/3545/2786 3242/3544/2785
f 2395/2476/1938 2389/2468/1932 3244/3546/2787 3241/3543/2784
f 3246/3548/2789 3245/3547/2788 3239/3541/2782 3240/3542/2783
f 3245/3547/2788 2383/2459/1926 2384/2460/1927 3239/3541/2782
f 3247/3549/2790 2376/2448/1919 2383/2459/1926 3245/3547/2788
f 3248/3550/2791 3247/3549/2790 3245/3547/2788 3246/3548/2789
f 3244/3546/2787 2389/2468/1932 2387/2464/1930 3249/3551/2792
f 3243/3545/2786 3244/3546/2787 3249/3551/2792 3250/3552/2793
f 3250/3552/2793 3249/3551/2792 3252/3554/2795 3251/3553/2794
f 3249/3551/2792 2387/2464/1930 2381/2456/1924 3252/3554/2795
f 3254/3556/2797 3253/3555/2796 3247/3549/2790 3248/3550/2791
f 3253/3555/2796 2375/2447/1918 2376/2448/1919 3247/3549/2790
f 3255/3557/2798 2368/2436/1911 2375/2447/1918 3253/3555/2796
f 3256/3558/2799 3255/3557/2798 3253/3555/2796 3254/3556/2797
f 2381/2456/1924 2379/2452/1922 3257/3559/2800 3252/3554/2795
f 3252/3554/2795 3257/3559/2800 3258/3560/2801 3251/3553/2794
f 3257/3559/2800 3260/3562/2803 3259/3561/2802 3258/3560/2801
f 2379/2452/1922 2373/2444/1916 3260/3562/2803 3257/3559/2800
f 3262/3564/2805 3261/3563/2804 3255/3557/2798 3256/3558/2799
f 3261/3563/2804 2367/2435/1910 2368/2436/1911 3255/3557/2798
f 3263/3565/2806 2360/2424/1903 2367/2435/1910 3261/3563/2804
f 3264/3566/2807 3263/3565/2806 3261/3563/2804 3262/3564/2805
f 3260/3562/2803 2373/2444/1916 2371/2440/1914 3265/3567/2808
f 3259/3561/2802 3260/3562/2803 3265/3567/2808 3266/3568/2809
f 3266/3568/2809 3265/3567/2808 3268/3570/2811 3267/3569/2810
f 3265/3567/2808 2371/2440/1914 2365/2432/1908 3268/3570/2811
f 3270/3572/2813 3269/3571/2812 3263/3565/2806 3264/3566/2807
f 3269/3571/2812 2359/2423/1902 2360/2424/1903 3263/3565/2806
f 3271/3573/2814 2352/2412/1895 2359/2423/1902 3269/3571/2812
f 3272/3574/2815 3271/3573/2814 3269/3571/2812 3270/3572/2813
f 3268/3570/2811 2365/2432/1908 2363/2428/1906 3273/3575/2816
f 3267/3569/2810 3268/3570/2811 3273/3575/2816 3274/3576/2817
f 3274/3576/2817 3273/3575/2816 3276/3578/2819 3275/3577/2818
f 3273/3575/2816 2363/2428/1906 2357/2420/1900 3276/3578/2819
f 3278/3580/2821 3277/3579/2820 3271/3573/2814 3272/3574/2815
f 3277/3579/2820 2351/2411/1894 2352/2412/1895 3271/3573/2814
f 3279/3581/2822 2344/2400/1887 2351/2411/1894 3277/3579/2820
f 3280/3582/2823 3279/3581/2822 3277/3579/2820 3278/3580/2821
f 3276/3578/2819 2357/2420/1900 2355/2416/1898 3281/3583/2824
f 3275/3577/2818 3276/3578/2819 3281/3583/2824 3282/3584/2825
f 3282/3584/2825 3281/3583/2824 3284/3586/2827 3283/3585/2826
f 3281/3583/2824 2355/2416/1898 2349/2408/1892 3284/3586/2827
f 3286/3588/2829 3285/3587/2828 3279/3581/2822 3280/3582/2823
f 3285/3587/2828 2343/2399/1886 2344/2400/1887 3279/3581/2822
f 3287/3589/2830 2336/2388/1879 2343/2399/1886 3285/3587/2828
f 3288/3590/2831 3287/3589/2830 3285/3587/2828 3286/3588/2829
f 2349/2408/1892 2347/2404/1890 3289/3591/2832 3284/3586/2827
f 3284/3586/2827 3289/3591/2832 3290/3592/2833 3283/3585/2826
f 3289/3591/2832 3292/3594/2835 3291/3593/2834 3290/3592/2833
f 2347/2404/1890 2341/2396/1884 3292/3594/2835 3289/3591/2832
f 3294/3596/2837 3293/3595/2836 3287/3589/2830 3288/3590/2831
f 3293/3595/2836 2335/2387/1878 2336/2388/1879 3287/3589/2830
f 3295/3597/2838 2328/2376/1871 2335/2387/1878 3293/3595/2836
f 3296/3598/2839 3295/3597/2838 3293/3595/2836 3294/3596/2837
f 2341/2396/1884 2339/2392/1882 3297/3599/2840 3292/3594/2835
f 3292/3594/2835 3297/3599/2840 3298/3600/2841 3291/3593/2834
f 3297/3599/2840 3300/3602/2843 3299/3601/2842 3298/3600/2841
f 2339/2392/1882 2333/2384/1876 3300/3602/2843 3297/3599/2840
f 3302/3604/2845 3301/3603/2844 3295/3597/2838 3296/3598/2839
f 3301/3603/2844 2327/2375/1870 2328/2376/1871 3295/3597/2838
f 3303/3605/2846 2320/2364/1863 2327/2375/1870 3301/3603/2844
f 3304/3606/2847 3303/3605/2846 3301/3603/2844 3302/3604/2845
f 2333/2384/1876 2331/2380/1874 3305/3607/2848 3300/3602/2843
f 3300/3602/2843 3305/3607/2848 3306/3608/2849 3299/3601/2842
f 3305/3607/2848 3308/3610/2851 3307/3609/2850 3306/3608/2849
f 2331/2380/1874 2325/2372/1868 3308/3610/2851 3305/3607/2848
f 3310/3612/2853 3309/3611/2852 3303/3605/2846 3304/3606/2847
f 3309/3611/2852 2319/2363/1862 2320/2364/1863 3303/3605/2846
f 3311/3613/2854 2312/2352/1855 2319/2363/1862 3309/3611/2852
f 3312/3614/2855 3311/3613/2854 3309/3611/2852 3310/3612/2853
f 3308/3610/2851 2325/2372/1868 2323/2368/1866 3313/3615/2856
f 3307/3609/2850 3308/3610/2851 3313/3615/2856 3314/3616/2857
f 3314/3616/2857 3313/3615/2856 3316/3618/2859 3315/3617/2858
f 3313/3615/2856 2323/2368/1866 2317/2360/1860 3316/3618/2859
f 3318/3620/2861 3317/3619/2860 3311/3613/2854 3312/3614/2855
f 3317/3619/2860 2311/2351/1854 2312/2352/1855 3311/3613/2854
f 3319/3621/2862 2304/2340/1847 2311/2351/1854 3317/3619/2860
f 3320/3622/2863 3319/3621/2862 3317/3619/2860 3318/3620/2861
f 3316/3618/2859 2317/2360/1860 2315/2356/1858 3321/3623/2864
f 3315/3617/2858 3316/3618/2859 3321/3623/2864 3322/3624/2865
f 3322/3624/2865 3321/3623/2864 3323/3625/2866 30/30/30
f 3321/3623/2864 2315/2356/1858 2309/2348/1852 3323/3625/2866
f 3325/3627/2868 3324/3626/2867 3319/3621/2862 3320/3622/2863
f 3324/3626/2867 2303/2339/1846 2304/2340/1847 3319/3621/2862
f 3326/3628/2869 2296/2328/1839 2303/2339/1846 3324/3626/2867
f 29/29/29 3326/3628/2869 3324/3626/2867 3325/3627/2868
f 3323/3625/2866 2309/2348/1852 2307/2344/1850 3327/3629/2870
f 30/30/30 3323/3625/2866 3327/3629/2870 33/33/33
f 33/33/33 3327/3629/2870 3328/3630/2871 36/36/36
f 3327/3629/2870 2307/2344/1850 2301/2336/1844 3328/3630/2871
f 26/26/26 3329/3631/2872 3326/3628/2869 29/29/29
f 3329/3631/2872 2295/2327/1838 2296/2328/1839 3326/3628/2869
f 3330/3632/2873 2288/2316/1831 2295/2327/1838 3329/3631/2872
f 23/23/23 3330/3632/2873 3329/3631/2872 26/26/26
f 2301/2336/1844 2299/2332/1842 3331/3633/2874 3328/3630/2871
f 3328/3630/2871 3331/3633/2874 3332/3634/2875 36/36/36
f 3331/3633/2874 3334/3636/2877 3333/3635/2876 3332/3634/2875
f 2299/2332/1842 2293/2324/1836 3334/3636/2877 3331/3633/2874
f 3335/3637/2878 3330/3632/2873 23/23/23 3336/3638/2879
f 2287/2315/1830 2288/2316/1831 3330/3632/2873 3335/3637/2878
f 2280/2304/1823 2287/2315/1830 3335/3637/2878 3337/3639/2880
f 3337/3639/2880 3335/3637/2878 3336/3638/2879 3338/3640/2881
f 2293/2324/1836 2291/2320/1834 3339/3641/2882 3334/3636/2877
f 3334/3636/2877 3339/3641/2882 3340/3642/2883 3333/3635/2876
f 3339/3641/2882 3342/3644/2885 3341/3643/2884 3340/3642/2883
f 2291/2320/1834 2285/2312/1828 3342/3644/2885 3339/3641/2882
f 3343/3645/2886 3337/3639/2880 3338/3640/2881 3344/3646/2887
f 2279/2303/1822 2280/2304/1823 3337/3639/2880 3343/3645/2886
f 2272/2292/1815 2279/2303/1822 3343/3645/2886 3345/3647/2888
f 3345/3647/2888 3343/3645/2886 3344/3646/2887 3346/3648/2889
f 2285/2312/1828 2283/2308/1826 3347/3649/2890 3342/3644/2885
f 3342/3644/2885 3347/3649/2890 3348/3650/2891 3341/3643/2884
f 3347/3649/2890 3350/3652/2893 3349/3651/2892 3348/3650/2891
f 2283/2308/1826 2277/2300/1820 3350/3652/2893 3347/3649/2890
f 3351/3653/2894 3345/3647/2888 3346/3648/2889 3352/3654/2895
f 2271/2291/1814 2272/2292/1815 3345/3647/2888 3351/3653/2894
f 2264/2280/1807 2271/2291/1814 3351/3653/2894 3353/3655/2896
f 3353/3655/2896 3351/3653/2894 3352/3654/2895 3354/3656/2897
f 2277/2300/1820 2275/2296/1818 3355/3657/2898 3350/3652/2893
f 3350/3652/2893 3355/3657/2898 3356/3658/2899 3349/3651/2892
f 3355/3657/2898 3358/3660/2901 3357/3659/2900 3356/3658/2899
f 2275/2296/1818 2269/2288/1812 3358/3660/2901 3355/3657/2898
f 3360/3662/2903 3359/3661/2902 3353/3655/2896 3354/3656/2897
f 3359/3661/2902 2263/2279/1806 2264/2280/1807 3353/3655/2896
f 3361/3663/2904 2252/2262/1795 2263/2279/1806 3359/3661/2902
f 3362/3664/2905 3361/3663/2904 3359/3661/2902 3360/3662/2903
f 3358/3660/2901 2269/2288/1812 2267/2284/1810 3363/3665/2906
f 3357/3659/2900 3358/3660/2901 3363/3665/2906 3364/3666/2907
f 3364/3666/2907 3363/3665/2906 3366/3668/2909 3365/3667/2908
f 3363/3665/2906 2267/2284/1810 2261/2276/1804 3366/3668/2909
f 3368/3670/2911 3367/3669/2910 3361/3663/2904 3362/3664/2905
f 3367/3669/2910 2255/2265/1798 2252/2262/1795 3361/3663/2904
f 3369/3671/2912 2257/2270/1800 2255/2265/1798 3367/3669/2910
f 3370/3672/2913 3369/3671/2912 3367/3669/2910 3368/3670/2911
f 3372/3674/2915 3371/3673/2914 3369/3671/2912 3370/3672/2913
f 3371/3673/2914 2259/2272/1802 2257/2270/1800 3369/3671/2912
f 3366/3668/2909 2261/2276/1804 2259/2272/1802 3371/3673/2914
f 3365/3667/2908 3366/3668/2909 3371/3673/2914 3372/3674/2915
f 3375/3677/2918 3374/3676/2917 3373/3675/2916 3376/3678/2919
f 3344/3646/2887 3338/3640/2881 3374/3676/2917 3375/3677/2918
f 3346/3648/2889 3344/3646/2887 3375/3677/2918 3377/3679/2920
f 3377/3679/2920 3375/3677/2918 3376/3678/2919 3378/3680/2921
f 3380/3682/2923 3379/3681/2922 3377/3679/2920 3378/3680/2921
f 3379/3681/2922 3352/3654/2895 3346/3648/2889 3377/3679/2920
f 3381/3683/2924 3354/3656/2897 3352/3654/2895 3379/3681/2922
f 3382/3684/2925 3381/3683/2924 3379/3681/2922 3380/3682/2923
f 3384/3686/2927 3383/3685/2926 3381/3683/2924 3382/3684/2925
f 3383/3685/2926 3360/3662/2903 3354/3656/2897 3381/3683/2924
f 3385/3687/2928 3362/3664/2905 3360/3662/2903 3383/3685/2926
f 3386/3688/2929 3385/3687/2928 3383/3685/2926 3384/3686/2927
f 3388/3690/2931 3387/3689/2930 3385/3687/2928 3386/3688/2929
f 3387/3689/2930 3368/3670/2911 3362/3664/2905 3385/3687/2928
f 3389/3691/2932 3370/3672/2913 3368/3670/2911 3387/3689/2930
f 3390/3692/2933 3389/3691/2932 3387/3689/2930 3388/3690/2931
f 3392/3694/2935 3391/3693/2934 3389/3691/2932 3390/3692/2933
f 3391/3693/2934 3372/3674/2915 3370/3672/2913 3389/3691/2932
f 3393/3695/2936 3365/3667/2908 3372/3674/2915 3391/3693/2934
f 3394/3696/2937 3393/3695/2936 3391/3693/2934 3392/3694/2935
f 3396/3698/2939 3395/3697/2938 3393/3695/2936 3394/3696/2937
f 3395/3697/2938 3364/3666/2907 3365/3667/2908 3393/3695/2936
f 3397/3699/2940 3357/3659/2900 3364/3666/2907 3395/3697/2938
f 3398/3700/2941 3397/3699/2940 3395/3697/2938 3396/3698/2939
f 3338/3640/2881 3336/3638/2879 3399/3701/2942 3374/3676/2917
f 3374/3676/2917 3399/3701/2942 3400/3702/2943 3373/3675/2916
f 3399/3701/2942 3401/3703/2944 140/140/140 3400/3702/2943
f 3336/3638/2879 23/23/23 3401/3703/2944 3399/3701/2942
f 3402/3704/2945 3397/3699/2940 3398/3700/2941 3403/3705/2946
f 3356/3658/2899 3357/3659/2900 3397/3699/2940 3402/3704/2945
f 3349/3651/2892 3356/3658/2899 3402/3704/2945 3404/3706/2947
f 3404/3706/2947 3402/3704/2945 3403/3705/2946 3405/3707/2948
f 3401/3703/2944 23/23/23 24/24/24 3406/3708/2949
f 140/140/140 3401/3703/2944 3406/3708/2949 143/143/143
f 143/143/143 3406/3708/2949 3407/3709/2950 146/146/146
f 3406/3708/2949 24/24/24 27/27/27 3407/3709/2950
f 3408/3710/2951 3404/3706/2947 3405/3707/2948 3409/3711/2952
f 3348/3650/2891 3349/3651/2892 3404/3706/2947 3408/3710/2951
f 3341/3643/2884 3348/3650/2891 3408/3710/2951 3410/3712/2953
f 3410/3712/2953 3408/3710/2951 3409/3711/2952 3411/3713/2954
f 28/28/28 29/29/29 3325/3627/2868 3412/3714/2955
f 27/27/27 28/28/28 3412/3714/2955 3413/3715/2956
f 3413/3715/2956 3412/3714/2955 3415/3717/2958 3414/3716/2957
f 3412/3714/2955 3325/3627/2868 3320/3622/2863 3415/3717/2958
f 3416/3718/2959 3410/3712/2953 3411/3713/2954 3417/3719/2960
f 3340/3642/2883 3341/3643/2884 3410/3712/2953 3416/3718/2959
f 3333/3635/2876 3340/3642/2883 3416/3718/2959 3418/3720/2961
f 3418/3720/2961 3416/3718/2959 3417/3719/2960 3419/3721/2962
f 3415/3717/2958 3320/3622/2863 3318/3620/2861 3420/3722/2963
f 3414/3716/2957 3415/3717/2958 3420/3722/2963 3421/3723/2964
f 3421/3723/2964 3420/3722/2963 3423/3725/2966 3422/3724/2965
f 3420/3722/2963 3318/3620/2861 3312/3614/2855 3423/3725/2966
f 3424/3726/2967 3418/3720/2961 3419/3721/2962 3425/3727/2968
f 3332/3634/2875 3333/3635/2876 3418/3720/2961 3424/3726/2967
f 36/36/36 3332/3634/2875 3424/3726/2967 35/35/35
f 35/35/35 3424/3726/2967 3425/3727/2968 34/34/34
f 3423/3725/2966 3312/3614/2855 3310/3612/2853 3426/3728/2969
f 3422/3724/2965 3423/3725/2966 3426/3728/2969 3427/3729/2970
f 3427/3729/2970 3426/3728/2969 3429/3731/2972 3428/3730/2971
f 3426/3728/2969 3310/3612/2853 3304/3606/2847 3429/3731/2972
f 3429/3731/2972 3304/3606/2847 3302/3604/2845 3430/3732/2973
f 3428/3730/2971 3429/3731/2972 3430/3732/2973 3431/3733/2974
f 3431/3733/2974 3430/3732/2973 3433/3735/2976 3432/3734/2975
f 3430/3732/2973 3302/3604/2845 3296/3598/2839 3433/3735/2976
f 3434/3736/2977 30/30/30 31/31/31 3435/3737/2978
f 147/147/147 3434/3736/2977 3435/3737/2978 150/150/150
f 150/150/150 3435/3737/2978 3436/3738/2979 153/153/153
f 3435/3737/2978 31/31/31 34/34/34 3436/3738/2979
f 3438/3740/2981 3437/3739/2980 3434/3736/2977 147/147/147
f 3437/3739/2980 3322/3624/2865 30/30/30 3434/3736/2977
f 3439/3741/2982 3315/3617/2858 3322/3624/2865 3437/3739/2980
f 3440/3742/2983 3439/3741/2982 3437/3739/2980 3438/3740/2981
f 3433/3735/2976 3296/3598/2839 3294/3596/2837 3441/3743/2984
f 3432/3734/2975 3433/3735/2976 3441/3743/2984 3442/3744/2985
f 3442/3744/2985 3441/3743/2984 3444/3746/2987 3443/3745/2986
f 3441/3743/2984 3294/3596/2837 3288/3590/2831 3444/3746/2987
f 3446/3748/2989 3445/3747/2988 3439/3741/2982 3440/3742/2983
f 3445/3747/2988 3314/3616/2857 3315/3617/2858 3439/3741/2982
f 3447/3749/2990 3307/3609/2850 3314/3616/2857 3445/3747/2988
f 3448/3750/2991 3447/3749/2990 3445/3747/2988 3446/3748/2989
f 3444/3746/2987 3288/3590/2831 3286/3588/2829 3449/3751/2992
f 3443/3745/2986 3444/3746/2987 3449/3751/2992 3450/3752/2993
f 3450/3752/2993 3449/3751/2992 3452/3754/2995 3451/3753/2994
f 3449/3751/2992 3286/3588/2829 3280/3582/2823 3452/3754/2995
f 3453/3755/2996 3447/3749/2990 3448/3750/2991 3454/3756/2997
f 3306/3608/2849 3307/3609/2850 3447/3749/2990 3453/3755/2996
f 3299/3601/2842 3306/3608/2849 3453/3755/2996 3455/3757/2998
f 3455/3757/2998 3453/3755/2996 3454/3756/2997 3456/3758/2999
f 3452/3754/2995 3280/3582/2823 3278/3580/2821 3457/3759/3000
f 3451/3753/2994 3452/3754/2995 3457/3759/3000 3458/3760/3001
f 3458/3760/3001 3457/3759/3000 3460/3762/3003 3459/3761/3002
f 3457/3759/3000 3278/3580/2821 3272/3574/2815 3460/3762/3003
f 3461/3763/3004 3455/3757/2998 3456/3758/2999 3462/3764/3005
f 3298/3600/2841 3299/3601/2842 3455/3757/2998 3461/3763/3004
f 3291/3593/2834 3298/3600/2841 3461/3763/3004 3463/3765/3006
f 3463/3765/3006 3461/3763/3004 3462/3764/3005 3464/3766/3007
f 3460/3762/3003 3272/3574/2815 3270/3572/2813 3465/3767/3008
f 3459/3761/3002 3460/3762/3003 3465/3767/3008 3466/3768/3009
f 3466/3768/3009 3465/3767/3008 3468/3770/3011 3467/3769/3010
f 3465/3767/3008 3270/3572/2813 3264/3566/2807 3468/3770/3011
f 3469/3771/3012 3463/3765/3006 3464/3766/3007 3470/3772/3013
f 3290/3592/2833 3291/3593/2834 3463/3765/3006 3469/3771/3012
f 3283/3585/2826 3290/3592/2833 3469/3771/3012 3471/3773/3014
f 3471/3773/3014 3469/3771/3012 3470/3772/3013 3472/3774/3015
f 3468/3770/3011 3264/3566/2807 3262/3564/2805 3473/3775/3016
f 3467/3769/3010 3468/3770/3011 3473/3775/3016 3474/3776/3017
f 3474/3776/3017 3473/3775/3016 3476/3778/3019 3475/3777/3018
f 3473/3775/3016 3262/3564/2805 3256/3558/2799 3476/3778/3019
f 3478/3780/3021 3477/3779/3020 3471/3773/3014 3472/3774/3015
f 3477/3779/3020 3282/3584/2825 3283/3585/2826 3471/3773/3014
f 3479/3781/3022 3275/3577/2818 3282/3584/2825 3477/3779/3020
f 3480/3782/3023 3479/3781/3022 3477/3779/3020 3478/3780/3021
f 3476/3778/3019 3256/3558/2799 3254/3556/2797 3481/3783/3024
f 3475/3777/3018 3476/3778/3019 3481/3783/3024 3482/3784/3025
f 3482/3784/3025 3481/3783/3024 3484/3786/3027 3483/3785/3026
f 3481/3783/3024 3254/3556/2797 3248/3550/2791 3484/3786/3027
f 3486/3788/3029 3485/3787/3028 3479/3781/3022 3480/3782/3023
f 3485/3787/3028 3274/3576/2817 3275/3577/2818 3479/3781/3022
f 3487/3789/3030 3267/3569/2810 3274/3576/2817 3485/3787/3028
f 3488/3790/3031 3487/3789/3030 3485/3787/3028 3486/3788/3029
f 3489/3791/3032 3484/3786/3027 3248/3550/2791 3246/3548/2789
f 3490/3792/3033 3483/3785/3026 3484/3786/3027 3489/3791/3032
f 3491/3793/3034 3490/3792/3033 3489/3791/3032 3492/3794/3035
f 3492/3794/3035 3489/3791/3032 3246/3548/2789 3240/3542/2783
f 3494/3796/3037 3493/3795/3036 3487/3789/3030 3488/3790/3031
f 3493/3795/3036 3266/3568/2809 3267/3569/2810 3487/3789/3030
f 3495/3797/3038 3259/3561/2802 3266/3568/2809 3493/3795/3036
f 3496/3798/3039 3495/3797/3038 3493/3795/3036 3494/3796/3037
f 3497/3799/3040 3492/3794/3035 3240/3542/2783 3238/3540/2781
f 3498/3800/3041 3491/3793/3034 3492/3794/3035 3497/3799/3040
f 3499/3801/3042 3498/3800/3041 3497/3799/3040 3500/3802/3043
f 3500/3802/3043 3497/3799/3040 3238/3540/2781 3232/3534/2775
f 3501/3803/3044 3495/3797/3038 3496/3798/3039 3502/3804/3045
f 3258/3560/2801 3259/3561/2802 3495/3797/3038 3501/3803/3044
f 3251/3553/2794 3258/3560/2801 3501/3803/3044 3503/3805/3046
f 3503/3805/3046 3501/3803/3044 3502/3804/3045 3504/3806/3047
f 3500/3802/3043 3232/3534/2775 3230/3532/2773 3505/3807/3048
f 3499/3801/3042 3500/3802/3043 3505/3807/3048 3506/3808/3049
f 3506/3808/3049 3505/3807/3048 3508/3810/3051 3507/3809/3050
f 3505/3807/3048 3230/3532/2773 3224/3526/2767 3508/3810/3051
f 3510/3812/3053 3509/3811/3052 3503/3805/3046 3504/3806/3047
f 3509/3811/3052 3250/3552/2793 3251/3553/2794 3503/3805/3046
f 3511/3813/3054 3243/3545/2786 3250/3552/2793 3509/3811/3052
f 3512/3814/3055 3511/3813/3054 3509/3811/3052 3510/3812/3053
f 3508/3810/3051 3224/3526/2767 3222/3524/2765 3513/3815/3056
f 3507/3809/3050 3508/3810/3051 3513/3815/3056 3514/3816/3057
f 3514/3816/3057 3513/3815/3056 3516/3818/3059 3515/3817/3058
f 3513/3815/3056 3222/3524/2765 3216/3518/2759 3516/3818/3059
f 3517/3819/3060 3511/3813/3054 3512/3814/3055 3518/3820/3061
f 3242/3544/2785 3243/3545/2786 3511/3813/3054 3517/3819/3060
f 3235/3537/2778 3242/3544/2785 3517/3819/3060 3519/3821/3062
f 3519/3821/3062 3517/3819/3060 3518/3820/3061 3520/3822/3063
f 3516/3818/3059 3216/3518/2759 3214/3516/2757 3521/3823/3064
f 3515/3817/3058 3516/3818/3059 3521/3823/3064 3522/3824/3065
f 3522/3824/3065 3521/3823/3064 3524/3826/3067 3523/3825/3066
f 3521/3823/3064 3214/3516/2757 3208/3510/2751 3524/3826/3067
f 3525/3827/3068 3519/3821/3062 3520/3822/3063 3526/3828/3069
f 3234/3536/2777 3235/3537/2778 3519/3821/3062 3525/3827/3068
f 3227/3529/2770 3234/3536/2777 3525/3827/3068 3527/3829/3070
f 3527/3829/3070 3525/3827/3068 3526/3828/3069 3528/3830/3071
f 3529/3831/3072 3524/3826/3067 3208/3510/2751 3206/3508/2749
f 3530/3832/3073 3523/3825/3066 3524/3826/3067 3529/3831/3072
f 3531/3833/3074 3530/3832/3073 3529/3831/3072 3532/3834/3075
f 3532/3834/3075 3529/3831/3072 3206/3508/2749 3200/3502/2743
f 3534/3836/3077 3533/3835/3076 3527/3829/3070 3528/3830/3071
f 3527/3829/3070 3533/3835/3076 3226/3528/2769 3227/3529/2770
f 3535/3837/3078 3219/3521/2762 3226/3528/2769 3533/3835/3076
f 3536/3838/3079 3535/3837/3078 3533/3835/3076 3534/3836/3077
f 3537/3839/3080 3532/3834/3075 3200/3502/2743 3198/3500/2741
f 3538/3840/3081 3531/3833/3074 3532/3834/3075 3537/3839/3080
f 3539/3841/3082 3538/3840/3081 3537/3839/3080 3540/3842/3083
f 3540/3842/3083 3537/3839/3080 3198/3500/2741 3192/3494/2735
f 3542/3844/3085 3541/3843/3084 3535/3837/3078 3536/3838/3079
f 3541/3843/3084 3218/3520/2761 3219/3521/2762 3535/3837/3078
f 3543/3845/3086 3211/3513/2754 3218/3520/2761 3541/3843/3084
f 3544/3846/3087 3543/3845/3086 3541/3843/3084 3542/3844/3085
f 3545/3847/3088 3540/3842/3083 3192/3494/2735 3190/3492/2733
f 3546/3848/3089 3539/3841/3082 3540/3842/3083 3545/3847/3088
f 3547/3849/3090 3546/3848/3089 3545/3847/3088 3548/3850/3091
f 3548/3850/3091 3545/3847/3088 3190/3492/2733 3184/3486/2727
f 3550/3852/3093 3549/3851/3092 3543/3845/3086 3544/3846/3087
f 3549/3851/3092 3210/3512/2753 3211/3513/2754 3543/3845/3086
f 3551/3853/3094 3203/3505/2746 3210/3512/2753 3549/3851/3092
f 3552/3854/3095 3551/3853/3094 3549/3851/3092 3550/3852/3093
f 3553/3855/3096 3548/3850/3091 3184/3486/2727 3182/3484/2725
f 3554/3856/3097 3547/3849/3090 3548/3850/3091 3553/3855/3096
f 3555/3857/3098 3554/3856/3097 3553/3855/3096 3556/3858/3099
f 3556/3858/3099 3553/3855/3096 3182/3484/2725 3176/3478/2719
f 3558/3860/3101 3557/3859/3100 3551/3853/3094 3552/3854/3095
f 3557/3859/3100 3202/3504/2745 3203/3505/2746 3551/3853/3094
f 3559/3861/3102 3195/3497/2738 3202/3504/2745 3557/3859/3100
f 3560/3862/3103 3559/3861/3102 3557/3859/3100 3558/3860/3101
f 3561/3863/3104 3556/3858/3099 3176/3478/2719 3174/3476/2717
f 3562/3864/3105 3555/3857/3098 3556/3858/3099 3561/3863/3104
f 3563/3865/3106 3562/3864/3105 3561/3863/3104 3564/3866/3107
f 3564/3866/3107 3561/3863/3104 3174/3476/2717 3168/3470/2711
f 3566/3868/3109 3565/3867/3108 3559/3861/3102 3560/3862/3103
f 3565/3867/3108 3194/3496/2737 3195/3497/2738 3559/3861/3102
f 3567/3869/3110 3187/3489/2730 3194/3496/2737 3565/3867/3108
f 3568/3870/3111 3567/3869/3110 3565/3867/3108 3566/3868/3109
f 3569/3871/3112 3564/3866/3107 3168/3470/2711 3166/3468/2709
f 3570/3872/3113 3563/3865/3106 3564/3866/3107 3569/3871/3112
f 3571/3873/3114 3570/3872/3113 3569/3871/3112 3572/3874/3115
f 3572/3874/3115 3569/3871/3112 3166/3468/2709 3160/3462/2703
f 3574/3876/3117 3573/3875/3116 3567/3869/3110 3568/3870/3111
f 3573/3875/3116 3186/3488/2729 3187/3489/2730 3567/3869/3110
f 3575/3877/3118 3179/3481/2722 3186/3488/2729 3573/3875/3116
f 3576/3878/3119 3575/3877/3118 3573/3875/3116 3574/3876/3117
f 3577/3879/3120 3572/3874/3115 3160/3462/2703 3158/3460/2701
f 3578/3880/3121 3571/3873/3114 3572/3874/3115 3577/3879/3120
f 3579/3881/3122 3578/3880/3121 3577/3879/3120 3580/3882/3123
f 3580/3882/3123 3577/3879/3120 3158/3460/2701 3152/3454/2695
f 3576/3878/3119 3582/3884/3125 3581/3883/3124 3575/3877/3118
f 3575/3877/3118 3581/3883/3124 3178/3480/2721 3179/3481/2722
f 3581/3883/3124 3583/3885/3126 3171/3473/2714 3178/3480/2721
f 3582/3884/3125 3584/3886/3127 3583/3885/3126 3581/3883/3124
f 3585/3887/3128 3580/3882/3123 3152/3454/2695 3150/3452/2693
f 3586/3888/3129 3579/3881/3122 3580/3882/3123 3585/3887/3128
f 3587/3889/3130 3586/3888/3129 3585/3887/3128 3588/3890/3131
f 3588/3890/3131 3585/3887/3128 3150/3452/2693 3144/3446/2687
f 3584/3886/3127 3590/3892/3133 3589/3891/3132 3583/3885/3126
f 3583/3885/3126 3589/3891/3132 3170/3472/2713 3171/3473/2714
f 3589/3891/3132 3591/3893/3134 3163/3465/2706 3170/3472/2713
f 3590/3892/3133 3592/3894/3135 3591/3893/3134 3589/3891/3132
f 3588/3890/3131 3144/3446/2687 3142/3444/2685 3593/3895/3136
f 3587/3889/3130 3588/3890/3131 3593/3895/3136 3594/3896/3137
f 3594/3896/3137 3593/3895/3136 3596/3898/3139 3595/3897/3138
f 3593/3895/3136 3142/3444/2685 3136/3438/2679 3596/3898/3139
f 3592/3894/3135 3598/3900/3141 3597/3899/3140 3591/3893/3134
f 3591/3893/3134 3597/3899/3140 3162/3464/2705 3163/3465/2706
f 3597/3899/3140 3599/3901/3142 3155/3457/2698 3162/3464/2705
f 3598/3900/3141 3600/3902/3143 3599/3901/3142 3597/3899/3140
f 3601/3903/3144 3596/3898/3139 3136/3438/2679 3134/3436/2677
f 3602/3904/3145 3595/3897/3138 3596/3898/3139 3601/3903/3144
f 3603/3905/3146 3602/3904/3145 3601/3903/3144 3604/3906/3147
f 3604/3906/3147 3601/3903/3144 3134/3436/2677 3132/3434/2675
f 3600/3902/3143 3606/3908/3149 3605/3907/3148 3599/3901/3142
f 3155/3457/2698 3599/3901/3142 3605/3907/3148 3154/3456/2697
f 3605/3907/3148 3607/3909/3150 3147/3449/2690 3154/3456/2697
f 3606/3908/3149 3608/3910/3151 3607/3909/3150 3605/3907/3148
f 3609/3911/3152 3604/3906/3147 3132/3434/2675 3130/3432/2673
f 3610/3912/3153 3603/3905/3146 3604/3906/3147 3609/3911/3152
f 133/133/133 3610/3912/3153 3609/3911/3152 3611/3913/3154
f 3611/3913/3154 3609/3911/3152 3130/3432/2673 37/37/37
f 3608/3910/3151 3613/3915/3156 3612/3914/3155 3607/3909/3150
f 3607/3909/3150 3612/3914/3155 3146/3448/2689 3147/3449/2690
f 3612/3914/3155 3614/3916/3157 3139/3441/2682 3146/3448/2689
f 3613/3915/3156 3615/3917/3158 3614/3916/3157 3612/3914/3155
f 3616/3918/3159 3611/3913/3154 37/37/37 38/38/38
f 136/136/136 133/133/133 3611/3913/3154 3616/3918/3159
f 139/139/139 136/136/136 3616/3918/3159 3617/3919/3160
f 3617/3919/3160 3616/3918/3159 38/38/38 41/41/41
f 3615/3917/3158 3619/3921/3162 3618/3920/3161 3614/3916/3157
f 3614/3916/3157 3618/3920/3161 3138/3440/2681 3139/3441/2682
f 3618/3920/3161 3620/3922/3163 18/18/18 3138/3440/2681
f 3619/3921/3162 3621/3923/3164 3620/3922/3163 3618/3920/3161
f 3622/3924/3165 42/42/42 43/43/43 3121/3423/2664
f 3623/3925/3166 41/41/41 42/42/42 3622/3924/3165
f 3624/3926/3167 3623/3925/3166 3622/3924/3165 3625/3927/3168
f 3625/3927/3168 3622/3924/3165 3121/3423/2664 3116/3418/2659
f 3621/3923/3164 3627/3929/3170 3626/3928/3169 3620/3922/3163
f 3620/3922/3163 3626/3928/3169 17/17/17 18/18/18
f 3626/3928/3169 3628/3930/3171 16/16/16 17/17/17
f 3627/3929/3170 3629/3931/3172 3628/3930/3171 3626/3928/3169
f 3630/3932/3173 3625/3927/3168 3116/3418/2659 3114/3416/2657
f 3631/3933/3174 3624/3926/3167 3625/3927/3168 3630/3932/3173
f 3632/3934/3175 3631/3933/3174 3630/3932/3173 3633/3935/3176
f 3633/3935/3176 3630/3932/3173 3114/3416/2657 3110/3412/2653
f 3629/3931/3172 3635/3937/3178 3634/3936/3177 3628/3930/3171
f 3628/3930/3171 3634/3936/3177 3128/3430/2671 16/16/16
f 3634/3936/3177 49/49/49 50/50/50 3128/3430/2671
f 3635/3937/3178 48/48/48 49/49/49 3634/3936/3177
f 3636/3938/3179 3633/3935/3176 3110/3412/2653 3108/3410/2651
f 3637/3939/3180 3632/3934/3175 3633/3935/3176 3636/3938/3179
f 3638/3940/3181 3637/3939/3180 3636/3938/3179 3639/3941/3182
f 3639/3941/3182 3636/3938/3179 3108/3410/2651 3103/3405/2646
f 3640/3942/3183 3639/3941/3182 3103/3405/2646 3101/3403/2644
f 3641/3943/3184 3638/3940/3181 3639/3941/3182 3640/3942/3183
f 3642/3944/3185 3641/3943/3184 3640/3942/3183 3643/3945/3186
f 3643/3945/3186 3640/3942/3183 3101/3403/2644 3095/3397/2638
f 3645/3947/3188 3644/3946/3187 44/44/44 45/45/45
f 157/157/157 154/154/154 3644/3946/3187 3645/3947/3188
f 160/160/160 157/157/157 3645/3947/3188 3646/3948/3189
f 3646/3948/3189 3645/3947/3188 45/45/45 48/48/48
f 154/154/154 3648/3950/3191 3647/3949/3190 3644/3946/3187
f 3644/3946/3187 3647/3949/3190 3118/3420/2661 44/44/44
f 3647/3949/3190 56/56/56 57/57/57 3118/3420/2661
f 3648/3950/3191 55/55/55 56/56/56 3647/3949/3190
f 3649/3951/3192 3643/3945/3186 3095/3397/2638 3093/3395/2636
f 3650/3952/3193 3642/3944/3185 3643/3945/3186 3649/3951/3192
f 3651/3953/3194 3650/3952/3193 3649/3951/3192 3652/3954/3195
f 3652/3954/3195 3649/3951/3192 3093/3395/2636 3087/3389/2630
f 3085/3387/2628 3653/3955/3196 3652/3954/3195 3087/3389/2630
f 3653/3955/3196 3654/3956/3197 3651/3953/3194 3652/3954/3195
f 3656/3958/3199 3655/3957/3198 3654/3956/3197 3653/3955/3196
f 3079/3381/2622 3656/3958/3199 3653/3955/3196 3085/3387/2628
f 3658/3960/3201 3657/3959/3200 51/51/51 52/52/52
f 164/164/164 161/161/161 3657/3959/3200 3658/3960/3201
f 3659/3961/3202 167/167/167 164/164/164 3658/3960/3201
f 3659/3961/3202 3658/3960/3201 52/52/52 55/55/55
f 161/161/161 3661/3963/3204 3660/3962/3203 3657/3959/3200
f 3657/3959/3200 3660/3962/3203 3105/3407/2648 51/51/51
f 3660/3962/3203 3662/3964/3205 3098/3400/2641 3105/3407/2648
f 3661/3963/3204 3663/3965/3206 3662/3964/3205 3660/3962/3203
f 3077/3379/2620 3664/3966/3207 3656/3958/3199 3079/3381/2622
f 3664/3966/3207 3665/3967/3208 3655/3957/3198 3656/3958/3199
f 3667/3969/3210 3666/3968/3209 3665/3967/3208 3664/3966/3207
f 3071/3373/2614 3667/3969/3210 3664/3966/3207 3077/3379/2620
f 3663/3965/3206 3669/3971/3212 3668/3970/3211 3662/3964/3205
f 3662/3964/3205 3668/3970/3211 3097/3399/2640 3098/3400/2641
f 3668/3970/3211 3670/3972/3213 3090/3392/2633 3097/3399/2640
f 3669/3971/3212 3671/3973/3214 3670/3972/3213 3668/3970/3211
f 3069/3371/2612 3672/3974/3215 3667/3969/3210 3071/3373/2614
f 3672/3974/3215 3673/3975/3216 3666/3968/3209 3667/3969/3210
f 3675/3977/3218 3674/3976/3217 3673/3975/3216 3672/3974/3215
f 3063/3365/2606 3675/3977/3218 3672/3974/3215 3069/3371/2612
f 3671/3973/3214 3677/3979/3220 3676/3978/3219 3670/3972/3213
f 3670/3972/3213 3676/3978/3219 3089/3391/2632 3090/3392/2633
f 3676/3978/3219 3678/3980/3221 3082/3384/2625 3089/3391/2632
f 3677/3979/3220 3679/3981/3222 3678/3980/3221 3676/3978/3219
f 3061/3363/2604 3680/3982/3223 3675/3977/3218 3063/3365/2606
f 3680/3982/3223 3681/3983/3224 3674/3976/3217 3675/3977/3218
f 3683/3985/3226 3682/3984/3225 3681/3983/3224 3680/3982/3223
f 3055/3357/2598 3683/3985/3226 3680/3982/3223 3061/3363/2604
f 3685/3987/3228 3684/3986/3227 3678/3980/3221 3679/3981/3222
f 3684/3986/3227 3081/3383/2624 3082/3384/2625 3678/3980/3221
f 3686/3988/3229 3074/3376/2617 3081/3383/2624 3684/3986/3227
f 3687/3989/3230 3686/3988/3229 3684/3986/3227 3685/3987/3228
f 3688/3990/3231 3683/3985/3226 3055/3357/2598 3053/3355/2596
f 3689/3991/3232 3682/3984/3225 3683/3985/3226 3688/3990/3231
f 3690/3992/3233 3689/3991/3232 3688/3990/3231 3691/3993/3234
f 3691/3993/3234 3688/3990/3231 3053/3355/2596 3047/3349/2590
f 3693/3995/3236 3692/3994/3235 3686/3988/3229 3687/3989/3230
f 3692/3994/3235 3073/3375/2616 3074/3376/2617 3686/3988/3229
f 3694/3996/3237 3066/3368/2609 3073/3375/2616 3692/3994/3235
f 3695/3997/3238 3694/3996/3237 3692/3994/3235 3693/3995/3236
f 3696/3998/3239 3691/3993/3234 3047/3349/2590 3045/3347/2588
f 3697/3999/3240 3690/3992/3233 3691/3993/3234 3696/3998/3239
f 3698/4000/3241 3697/3999/3240 3696/3998/3239 3699/4001/3242
f 3699/4001/3242 3696/3998/3239 3045/3347/2588 3039/3341/2582
f 3701/4003/3244 3700/4002/3243 3694/3996/3237 3695/3997/3238
f 3700/4002/3243 3065/3367/2608 3066/3368/2609 3694/3996/3237
f 3702/4004/3245 3058/3360/2601 3065/3367/2608 3700/4002/3243
f 3703/4005/3246 3702/4004/3245 3700/4002/3243 3701/4003/3244
f 3704/4006/3247 3699/4001/3242 3039/3341/2582 3037/3339/2580
f 3705/4007/3248 3698/4000/3241 3699/4001/3242 3704/4006/3247
f 3706/4008/3249 3705/4007/3248 3704/4006/3247 3707/4009/3250
f 3707/4009/3250 3704/4006/3247 3037/3339/2580 3031/3333/2574
f 3709/4011/3252 3708/4010/3251 3702/4004/3245 3703/4005/3246
f 3708/4010/3251 3057/3359/2600 3058/3360/2601 3702/4004/3245
f 3710/4012/3253 3050/3352/2593 3057/3359/2600 3708/4010/3251
f 3711/4013/3254 3710/4012/3253 3708/4010/3251 3709/4011/3252
f 3712/4014/3255 3707/4009/3250 3031/3333/2574 3029/3331/2572
f 3713/4015/3256 3706/4008/3249 3707/4009/3250 3712/4014/3255
f 3714/4016/3257 3713/4015/3256 3712/4014/3255 3715/4017/3258
f 3715/4017/3258 3712/4014/3255 3029/3331/2572 3023/3325/2566
f 3717/4019/3260 3716/4018/3259 3710/4012/3253 3711/4013/3254
f 3716/4018/3259 3049/3351/2592 3050/3352/2593 3710/4012/3253
f 3718/4020/3261 3042/3344/2585 3049/3351/2592 3716/4018/3259
f 3719/4021/3262 3718/4020/3261 3716/4018/3259 3717/4019/3260
f 3720/4022/3263 3715/4017/3258 3023/3325/2566 3021/3323/2564
f 3721/4023/3264 3714/4016/3257 3715/4017/3258 3720/4022/3263
f 3722/4024/3265 3721/4023/3264 3720/4022/3263 3723/4025/3266
f 3723/4025/3266 3720/4022/3263 3021/3323/2564 3015/3317/2558
f 3725/4027/3268 3724/4026/3267 3718/4020/3261 3719/4021/3262
f 3724/4026/3267 3041/3343/2584 3042/3344/2585 3718/4020/3261
f 3726/4028/3269 3034/3336/2577 3041/3343/2584 3724/4026/3267
f 3727/4029/3270 3726/4028/3269 3724/4026/3267 3725/4027/3268
f 3728/4030/3271 3723/4025/3266 3015/3317/2558 3013/3315/2556
f 3729/4031/3272 3722/4024/3265 3723/4025/3266 3728/4030/3271
f 3730/4032/3273 3729/4031/3272 3728/4030/3271 3731/4033/3274
f 3731/4033/3274 3728/4030/3271 3013/3315/2556 3007/3309/2550
f 3733/4035/3276 3732/4034/3275 3726/4028/3269 3727/4029/3270
f 3732/4034/3275 3033/3335/2576 3034/3336/2577 3726/4028/3269
f 3734/4036/3277 3026/3328/2569 3033/3335/2576 3732/4034/3275
f 3735/4037/3278 3734/4036/3277 3732/4034/3275 3733/4035/3276
f 3731/4033/3274 3007/3309/2550 3005/3307/2548 3736/4038/3279
f 3730/4032/3273 3731/4033/3274 3736/4038/3279 3737/4039/3280
f 3737/4039/3280 3736/4038/3279 3739/4041/3282 3738/4040/3281
f 3736/4038/3279 3005/3307/2548 2999/3301/2542 3739/4041/3282
f 3740/4042/3283 3734/4036/3277 3735/4037/3278 3741/4043/3284
f 3025/3327/2568 3026/3328/2569 3734/4036/3277 3740/4042/3283
f 3742/4044/3285 3018/3320/2561 3025/3327/2568 3740/4042/3283
f 3743/4045/3286 3742/4044/3285 3740/4042/3283 3741/4043/3284
f 3739/4041/3282 2999/3301/2542 2997/3299/2540 3744/4046/3287
f 3738/4040/3281 3739/4041/3282 3744/4046/3287 3745/4047/3288
f 3745/4047/3288 3744/4046/3287 3747/4049/3290 3746/4048/3289
f 3744/4046/3287 2997/3299/2540 2991/3293/2534 3747/4049/3290
f 3748/4050/3291 3742/4044/3285 3743/4045/3286 3749/4051/3292
f 3017/3319/2560 3018/3320/2561 3742/4044/3285 3748/4050/3291
f 3010/3312/2553 3017/3319/2560 3748/4050/3291 3750/4052/3293
f 3750/4052/3293 3748/4050/3291 3749/4051/3292 3751/4053/3294
f 3752/4054/3295 3747/4049/3290 2991/3293/2534 2989/3291/2532
f 3753/4055/3296 3746/4048/3289 3747/4049/3290 3752/4054/3295
f 125/125/125 3753/4055/3296 3752/4054/3295 3754/4056/3297
f 3754/4056/3297 3752/4054/3295 2989/3291/2532 2983/3285/2526
f 3755/4057/3298 3750/4052/3293 3751/4053/3294 3756/4058/3299
f 3009/3311/2552 3010/3312/2553 3750/4052/3293 3755/4057/3298
f 3002/3304/2545 3009/3311/2552 3755/4057/3298 3757/4059/3300
f 3757/4059/3300 3755/4057/3298 3756/4058/3299 3758/4060/3301
f 2981/3283/2524 3759/4061/3302 3754/4056/3297 2983/3285/2526
f 3759/4061/3302 128/128/128 125/125/125 3754/4056/3297
f 3760/4062/3303 114/114/114 128/128/128 3759/4061/3302
f 2977/3279/2520 3760/4062/3303 3759/4061/3302 2981/3283/2524
f 3761/4063/3304 3757/4059/3300 3758/4060/3301 3762/4064/3305
f 3001/3303/2544 3002/3304/2545 3757/4059/3300 3761/4063/3304
f 2994/3296/2537 3001/3303/2544 3761/4063/3304 3763/4065/3306
f 3763/4065/3306 3761/4063/3304 3762/4064/3305 3764/4066/3307
f 2975/3277/2518 3765/4067/3308 3760/4062/3303 2977/3279/2520
f 3765/4067/3308 117/117/117 114/114/114 3760/4062/3303
f 3766/4068/3309 120/120/120 117/117/117 3765/4067/3308
f 2971/3273/2514 3766/4068/3309 3765/4067/3308 2975/3277/2518
f 3767/4069/3310 3763/4065/3306 3764/4066/3307 3768/4070/3311
f 2993/3295/2536 2994/3296/2537 3763/4065/3306 3767/4069/3310
f 2986/3288/2529 2993/3295/2536 3767/4069/3310 3769/4071/3312
f 3769/4071/3312 3767/4069/3310 3768/4070/3311 3770/4072/3313
f 2969/3271/2512 3771/4073/3314 3766/4068/3309 2971/3273/2514
f 3771/4073/3314 3772/4074/3315 120/120/120 3766/4068/3309
f 3774/4076/3317 3773/4075/3316 3772/4074/3315 3771/4073/3314
f 2967/3269/2510 3774/4076/3317 3771/4073/3314 2969/3271/2512
f 3775/4077/3318 3769/4071/3312 3770/4072/3313 3776/4078/3319
f 2985/3287/2528 2986/3288/2529 3769/4071/3312 3775/4077/3318
f 64/64/64 2985/3287/2528 3775/4077/3318 63/63/63
f 63/63/63 3775/4077/3318 3776/4078/3319 62/62/62
f 2965/3267/2508 3777/4079/3320 3774/4076/3317 2967/3269/2510
f 3777/4079/3320 3778/4080/3321 3773/4075/3316 3774/4076/3317
f 3780/4082/3323 3779/4081/3322 3778/4080/3321 3777/4079/3320
f 2962/3264/2505 3780/4082/3323 3777/4079/3320 2965/3267/2508
f 2960/3262/2503 3781/4083/3324 3780/4082/3323 2962/3264/2505
f 3781/4083/3324 3782/4084/3325 3779/4081/3322 3780/4082/3323
f 3784/4086/3327 3783/4085/3326 3782/4084/3325 3781/4083/3324
f 2956/3258/2499 3784/4086/3327 3781/4083/3324 2960/3262/2503
f 58/58/58 59/59/59 3785/4087/3328 69/69/69
f 69/69/69 3785/4087/3328 199/199/182 68/68/68
f 3785/4087/3328 3786/4088/3329 202/202/185 199/199/182
f 59/59/59 62/62/62 3786/4088/3329 3785/4087/3328
f 2954/3256/2497 3787/4089/3330 3784/4086/3327 2956/3258/2499
f 3787/4089/3330 3788/4090/3331 3783/4085/3326 3784/4086/3327
f 3790/4092/3333 3789/4091/3332 3788/4090/3331 3787/4089/3330
f 2949/3251/2492 3790/4092/3333 3787/4089/3330 2954/3256/2497
f 7/7/7 65/65/65 3791/4093/3334 73/73/73
f 73/73/73 3791/4093/3334 216/216/191 72/72/72
f 3791/4093/3334 197/197/180 200/200/183 216/216/191
f 65/65/65 68/68/68 197/197/180 3791/4093/3334
f 2947/3249/2490 3792/4094/3335 3790/4092/3333 2949/3251/2492
f 3792/4094/3335 3793/4095/3336 3789/4091/3332 3790/4092/3333
f 3795/4097/3338 3794/4096/3337 3793/4095/3336 3792/4094/3335
f 2941/3243/2484 3795/4097/3338 3792/4094/3335 2947/3249/2490
f 5/5/5 70/70/70 3796/4098/3339 79/79/79
f 79/79/79 3796/4098/3339 227/227/196 78/78/78
f 3796/4098/3339 214/214/189 217/217/192 227/227/196
f 70/70/70 72/72/72 214/214/189 3796/4098/3339
f 2939/3241/2482 3797/4099/3340 3795/4097/3338 2941/3243/2484
f 3797/4099/3340 3798/4100/3341 3794/4096/3337 3795/4097/3338
f 3800/4102/3343 3799/4101/3342 3798/4100/3341 3797/4099/3340
f 2933/3235/2476 3800/4102/3343 3797/4099/3340 2939/3241/2482
f 74/74/74 75/75/75 3801/4103/3344 85/85/85
f 85/85/85 3801/4103/3344 232/232/200 84/84/84
f 3801/4103/3344 225/225/194 228/228/197 232/232/200
f 75/75/75 78/78/78 225/225/194 3801/4103/3344
f 2931/3233/2474 3802/4104/3345 3800/4102/3343 2933/3235/2476
f 3802/4104/3345 3803/4105/3346 3799/4101/3342 3800/4102/3343
f 3805/4107/3348 3804/4106/3347 3803/4105/3346 3802/4104/3345
f 2925/3227/2468 3805/4107/3348 3802/4104/3345 2931/3233/2474
f 80/80/80 81/81/81 3807/4109/3350 3806/4108/3349
f 3806/4108/3349 3807/4109/3350 245/245/205 242/242/202
f 3807/4109/3350 230/230/199 233/233/201 245/245/205
f 84/84/84 230/230/199 3807/4109/3350 81/81/81
f 3808/4110/3351 3806/4108/3349 242/242/202 3809/4111/3352
f 2951/3253/2494 80/80/80 3806/4108/3349 3808/4110/3351
f 2944/3246/2487 2951/3253/2494 3808/4110/3351 3810/4112/3353
f 3810/4112/3353 3808/4110/3351 3809/4111/3352 3811/4113/3354
f 2923/3225/2466 3812/4114/3355 3805/4107/3348 2925/3227/2468
f 3812/4114/3355 3813/4115/3356 3804/4106/3347 3805/4107/3348
f 3815/4117/3358 3814/4116/3357 3813/4115/3356 3812/4114/3355
f 2917/3219/2460 3815/4117/3358 3812/4114/3355 2923/3225/2466
f 3816/4118/3359 3810/4112/3353 3811/4113/3354 3817/4119/3360
f 2943/3245/2486 2944/3246/2487 3810/4112/3353 3816/4118/3359
f 2936/3238/2479 2943/3245/2486 3816/4118/3359 3818/4120/3361
f 3818/4120/3361 3816/4118/3359 3817/4119/3360 3819/4121/3362
f 2915/3217/2458 3820/4122/3363 3815/4117/3358 2917/3219/2460
f 3820/4122/3363 3821/4123/3364 3814/4116/3357 3815/4117/3358
f 3823/4125/3366 3822/4124/3365 3821/4123/3364 3820/4122/3363
f 2909/3211/2452 3823/4125/3366 3820/4122/3363 2915/3217/2458
f 3824/4126/3367 3818/4120/3361 3819/4121/3362 3825/4127/3368
f 2935/3237/2478 2936/3238/2479 3818/4120/3361 3824/4126/3367
f 2928/3230/2471 2935/3237/2478 3824/4126/3367 3826/4128/3369
f 3826/4128/3369 3824/4126/3367 3825/4127/3368 3827/4129/3370
f 2907/3209/2450 3828/4130/3371 3823/4125/3366 2909/3211/2452
f 3828/4130/3371 3829/4131/3372 3822/4124/3365 3823/4125/3366
f 3831/4133/3374 3830/4132/3373 3829/4131/3372 3828/4130/3371
f 2901/3203/2444 3831/4133/3374 3828/4130/3371 2907/3209/2450
f 3832/4134/3375 3826/4128/3369 3827/4129/3370 3833/4135/3376
f 2927/3229/2470 2928/3230/2471 3826/4128/3369 3832/4134/3375
f 2920/3222/2463 2927/3229/2470 3832/4134/3375 3834/4136/3377
f 3834/4136/3377 3832/4134/3375 3833/4135/3376 3835/4137/3378
f 2899/3201/2442 3836/4138/3379 3831/4133/3374 2901/3203/2444
f 3836/4138/3379 3837/4139/3380 3830/4132/3373 3831/4133/3374
f 3839/4141/3382 3838/4140/3381 3837/4139/3380 3836/4138/3379
f 2893/3195/2436 3839/4141/3382 3836/4138/3379 2899/3201/2442
f 3840/4142/3383 3834/4136/3377 3835/4137/3378 3841/4143/3384
f 2919/3221/2462 2920/3222/2463 3834/4136/3377 3840/4142/3383
f 2912/3214/2455 2919/3221/2462 3840/4142/3383 3842/4144/3385
f 3842/4144/3385 3840/4142/3383 3841/4143/3384 3843/4145/3386
f 2891/3193/2434 3844/4146/3387 3839/4141/3382 2893/3195/2436
f 3844/4146/3387 3845/4147/3388 3838/4140/3381 3839/4141/3382
f 3847/4149/3390 3846/4148/3389 3845/4147/3388 3844/4146/3387
f 2885/3187/2428 3847/4149/3390 3844/4146/3387 2891/3193/2434
f 3848/4150/3391 3842/4144/3385 3843/4145/3386 3849/4151/3392
f 2911/3213/2454 2912/3214/2455 3842/4144/3385 3848/4150/3391
f 2904/3206/2447 2911/3213/2454 3848/4150/3391 3850/4152/3393
f 3850/4152/3393 3848/4150/3391 3849/4151/3392 3851/4153/3394
f 2883/3185/2426 3852/4154/3395 3847/4149/3390 2885/3187/2428
f 3852/4154/3395 3853/4155/3396 3846/4148/3389 3847/4149/3390
f 3855/4157/3398 3854/4156/3397 3853/4155/3396 3852/4154/3395
f 2879/3181/2422 3855/4157/3398 3852/4154/3395 2883/3185/2426
f 3856/4158/3399 3850/4152/3393 3851/4153/3394 3857/4159/3400
f 2903/3205/2446 2904/3206/2447 3850/4152/3393 3856/4158/3399
f 2896/3198/2439 2903/3205/2446 3856/4158/3399 3858/4160/3401
f 3858/4160/3401 3856/4158/3399 3857/4159/3400 3859/4161/3402
f 2877/3179/2420 3860/4162/3403 3855/4157/3398 2879/3181/2422
f 3860/4162/3403 3861/4163/3404 3854/4156/3397 3855/4157/3398
f 3863/4165/3406 3862/4164/3405 3861/4163/3404 3860/4162/3403
f 2872/3174/2415 3863/4165/3406 3860/4162/3403 2877/3179/2420
f 3858/4160/3401 3859/4161/3402 3865/4167/3408 3864/4166/3407
f 2896/3198/2439 3858/4160/3401 3864/4166/3407 2895/3197/2438
f 2895/3197/2438 3864/4166/3407 3866/4168/3409 2888/3190/2431
f 3864/4166/3407 3865/4167/3408 3867/4169/3410 3866/4168/3409
f 2870/3172/2413 3868/4170/3411 3863/4165/3406 2872/3174/2415
f 3868/4170/3411 3869/4171/3412 3862/4164/3405 3863/4165/3406
f 3871/4173/3414 3870/4172/3413 3869/4171/3412 3868/4170/3411
f 2864/3166/2407 3871/4173/3414 3868/4170/3411 2870/3172/2413
f 3866/4168/3409 3867/4169/3410 3873/4175/3416 3872/4174/3415
f 2888/3190/2431 3866/4168/3409 3872/4174/3415 2887/3189/2430
f 2887/3189/2430 3872/4174/3415 91/91/91 92/92/92
f 3872/4174/3415 3873/4175/3416 90/90/90 91/91/91
f 2862/3164/2405 3874/4176/3417 3871/4173/3414 2864/3166/2407
f 3874/4176/3417 3875/4177/3418 3870/4172/3413 3871/4173/3414
f 3877/4179/3420 3876/4178/3419 3875/4177/3418 3874/4176/3417
f 2856/3158/2399 3877/4179/3420 3874/4176/3417 2862/3164/2405
f 2854/3156/2397 3878/4180/3421 3877/4179/3420 2856/3158/2399
f 3878/4180/3421 3879/4181/3422 3876/4178/3419 3877/4179/3420
f 3880/4182/3423 107/107/107 3879/4181/3422 3878/4180/3421
f 93/93/93 3880/4182/3423 3878/4180/3421 2854/3156/2397
f 87/87/87 3882/4184/3425 3881/4183/3424 86/86/86
f 3882/4184/3425 103/103/103 100/100/100 3881/4183/3424
f 3883/4185/3426 106/106/106 103/103/103 3882/4184/3425
f 90/90/90 3883/4185/3426 3882/4184/3425 87/87/87
f 3881/4183/3424 100/100/100 3885/4187/3428 3884/4186/3427
f 86/86/86 3881/4183/3424 3884/4186/3427 2874/3176/2417
f 2874/3176/2417 3884/4186/3427 3886/4188/3429 2867/3169/2410
f 3884/4186/3427 3885/4187/3428 3887/4189/3430 3886/4188/3429
f 93/93/93 94/94/94 3888/4190/3431 3880/4182/3423
f 3888/4190/3431 110/110/110 107/107/107 3880/4182/3423
f 3888/4190/3431 3889/4191/3432 113/113/113 110/110/110
f 97/97/97 3889/4191/3432 3888/4190/3431 94/94/94
f 3890/4192/3433 3886/4188/3429 3887/4189/3430 3891/4193/3434
f 2866/3168/2409 2867/3169/2410 3886/4188/3429 3890/4192/3433
f 2859/3161/2402 2866/3168/2409 3890/4192/3433 3892/4194/3435
f 3892/4194/3435 3890/4192/3433 3891/4193/3434 3893/4195/3436
f 2836/3138/2379 3894/4196/3437 98/98/98 99/99/99
f 3894/4196/3437 3895/4197/3438 97/97/97 98/98/98
f 3897/4199/3440 3896/4198/3439 3895/4197/3438 3894/4196/3437
f 2833/3135/2376 3897/4199/3440 3894/4196/3437 2836/3138/2379
f 3900/4202/3443 3899/4201/3442 3898/4200/3441 3901/4203/3444
f 3891/4193/3434 3887/4189/3430 3899/4201/3442 3900/4202/3443
f 3893/4195/3436 3891/4193/3434 3900/4202/3443 3902/4204/3445
f 3902/4204/3445 3900/4202/3443 3901/4203/3444 3903/4205/3446
f 3904/4206/3447 3892/4194/3435 3893/4195/3436 3905/4207/3448
f 2858/3160/2401 2859/3161/2402 3892/4194/3435 3904/4206/3447
f 2849/3151/2392 2858/3160/2401 3904/4206/3447 3906/4208/3449
f 3906/4208/3449 3904/4206/3447 3905/4207/3448 3907/4209/3450
f 101/101/101 104/104/104 3909/4211/3452 3908/4210/3451
f 100/100/100 101/101/101 3908/4210/3451 3885/4187/3428
f 3887/4189/3430 3885/4187/3428 3908/4210/3451 3899/4201/3442
f 3899/4201/3442 3908/4210/3451 3909/4211/3452 3898/4200/3441
f 3910/4212/3453 3906/4208/3449 3907/4209/3450 3911/4213/3454
f 2852/3154/2395 2849/3151/2392 3906/4208/3449 3910/4212/3453
f 2845/3147/2388 2852/3154/2395 3910/4212/3453 3912/4214/3455
f 3912/4214/3455 3910/4212/3453 3911/4213/3454 3913/4215/3456
f 2833/3135/2376 2840/3142/2383 3914/4216/3457 3897/4199/3440
f 3897/4199/3440 3914/4216/3457 3915/4217/3458 3896/4198/3439
f 3914/4216/3457 3917/4219/3460 3916/4218/3459 3915/4217/3458
f 2840/3142/2383 2837/3139/2380 3917/4219/3460 3914/4216/3457
f 3918/4220/3461 3902/4204/3445 3903/4205/3446 3919/4221/3462
f 3905/4207/3448 3893/4195/3436 3902/4204/3445 3918/4220/3461
f 3907/4209/3450 3905/4207/3448 3918/4220/3461 3920/4222/3463
f 3920/4222/3463 3918/4220/3461 3919/4221/3462 3921/4223/3464
f 3922/4224/3465 3912/4214/3455 3913/4215/3456 3923/4225/3466
f 3922/4224/3465 2848/3150/2391 2845/3147/2388 3912/4214/3455
f 2841/3143/2384 2848/3150/2391 3922/4224/3465 3924/4226/3467
f 3924/4226/3467 3922/4224/3465 3923/4225/3466 3925/4227/3468
f 3926/4228/3469 3924/4226/3467 3925/4227/3468 3927/4229/3470
f 2844/3146/2387 2841/3143/2384 3924/4226/3467 3926/4228/3469
f 2837/3139/2380 2844/3146/2387 3926/4228/3469 3917/4219/3460
f 3917/4219/3460 3926/4228/3469 3927/4229/3470 3916/4218/3459
f 3928/4230/3471 3920/4222/3463 3921/4223/3464 3929/4231/3472
f 3911/4213/3454 3907/4209/3450 3920/4222/3463 3928/4230/3471
f 3913/4215/3456 3911/4213/3454 3928/4230/3471 3930/4232/3473
f 3930/4232/3473 3928/4230/3471 3929/4231/3472 3931/4233/3474
f 3932/4234/3475 3930/4232/3473 3931/4233/3474 3933/4235/3476
f 3923/4225/3466 3913/4215/3456 3930/4232/3473 3932/4234/3475
f 3925/4227/3468 3923/4225/3466 3932/4234/3475 3934/4236/3477
f 3934/4236/3477 3932/4234/3475 3933/4235/3476 3935/4237/3478
f 3936/4238/3479 3934/4236/3477 3935/4237/3478 3937/4239/3480
f 3927/4229/3470 3925/4227/3468 3934/4236/3477 3936/4238/3479
f 3916/4218/3459 3927/4229/3470 3936/4238/3479 3938/4240/3481
f 3938/4240/3481 3936/4238/3479 3937/4239/3480 3939/4241/3482
f 3940/4242/3483 3938/4240/3481 3939/4241/3482 3941/4243/3484
f 3915/4217/3458 3916/4218/3459 3938/4240/3481 3940/4242/3483
f 3896/4198/3439 3915/4217/3458 3940/4242/3483 3942/4244/3485
f 3942/4244/3485 3940/4242/3483 3941/4243/3484 3943/4245/3486
f 3942/4244/3485 3943/4245/3486 3945/4247/3488 3944/4246/3487
f 3896/4198/3439 3942/4244/3485 3944/4246/3487 3895/4197/3438
f 3895/4197/3438 3944/4246/3487 3889/4191/3432 97/97/97
f 3944/4246/3487 3945/4247/3488 113/113/113 3889/4191/3432
f 108/108/108 111/111/111 3947/4249/3490 3946/4248/3489
f 107/107/107 108/108/108 3946/4248/3489 3879/4181/3422
f 3879/4181/3422 3946/4248/3489 3948/4250/3491 3876/4178/3419
f 3946/4248/3489 3947/4249/3490 3949/4251/3492 3948/4250/3491
f 3948/4250/3491 3949/4251/3492 3951/4253/3494 3950/4252/3493
f 3876/4178/3419 3948/4250/3491 3950/4252/3493 3875/4177/3418
f 3875/4177/3418 3950/4252/3493 3952/4254/3495 3870/4172/3413
f 3950/4252/3493 3951/4253/3494 3953/4255/111 3952/4254/3495
f 3952/4254/3495 3953/4255/111 3955/4257/3497 3954/4256/3496
f 3870/4172/3413 3952/4254/3495 3954/4256/3496 3869/4171/3412
f 3869/4171/3412 3954/4256/3496 3956/4258/3498 3862/4164/3405
f 3954/4256/3496 3955/4257/3497 282/282/210 3956/4258/3498
f 3956/4258/3498 282/282/210 3958/4260/3500 3957/4259/3499
f 3862/4164/3405 3956/4258/3498 3957/4259/3499 3861/4163/3404
f 3861/4163/3404 3957/4259/3499 3959/4261/3501 3854/4156/3397
f 3957/4259/3499 3958/4260/3500 3960/4262/3502 3959/4261/3501
f 3959/4261/3501 3960/4262/3502 3962/4264/3504 3961/4263/3503
f 3854/4156/3397 3959/4261/3501 3961/4263/3503 3853/4155/3396
f 3853/4155/3396 3961/4263/3503 3963/4265/3505 3846/4148/3389
f 3961/4263/3503 3962/4264/3504 3964/4266/3506 3963/4265/3505
f 3963/4265/3505 3964/4266/3506 3966/4268/3508 3965/4267/3507
f 3846/4148/3389 3963/4265/3505 3965/4267/3507 3845/4147/3388
f 3845/4147/3388 3965/4267/3507 3967/4269/3509 3838/4140/3381
f 3965/4267/3507 3966/4268/3508 301/301/218 3967/4269/3509
f 3967/4269/3509 301/301/218 298/298/215 3968/4270/3510
f 3838/4140/3381 3967/4269/3509 3968/4270/3510 3837/4139/3380
f 3837/4139/3380 3968/4270/3510 3969/4271/3511 3830/4132/3373
f 3968/4270/3510 298/298/215 295/295/212 3969/4271/3511
f 3969/4271/3511 295/295/212 3971/4273/3513 3970/4272/3512
f 3830/4132/3373 3969/4271/3511 3970/4272/3512 3829/4131/3372
f 3829/4131/3372 3970/4272/3512 3972/4274/3514 3822/4124/3365
f 3970/4272/3512 3971/4273/3513 3973/4275/3515 3972/4274/3514
f 3972/4274/3514 3973/4275/3515 3975/4277/3517 3974/4276/3516
f 3822/4124/3365 3972/4274/3514 3974/4276/3516 3821/4123/3364
f 3821/4123/3364 3974/4276/3516 3976/4278/3518 3814/4116/3357
f 3974/4276/3516 3975/4277/3517 3977/4279/3519 3976/4278/3518
f 3976/4278/3518 3977/4279/3519 3979/4281/3521 3978/4280/3520
f 3814/4116/3357 3976/4278/3518 3978/4280/3520 3813/4115/3356
f 3813/4115/3356 3978/4280/3520 3980/4282/3522 3804/4106/3347
f 3978/4280/3520 3979/4281/3521 3981/4283/3523 3980/4282/3522
f 3980/4282/3522 3981/4283/3523 3983/4285/3525 3982/4284/3524
f 3804/4106/3347 3980/4282/3522 3982/4284/3524 3803/4105/3346
f 3803/4105/3346 3982/4284/3524 3984/4286/3526 3799/4101/3342
f 3982/4284/3524 3983/4285/3525 3985/4287/3527 3984/4286/3526
f 3984/4286/3526 3985/4287/3527 3987/4289/3529 3986/4288/3528
f 3799/4101/3342 3984/4286/3526 3986/4288/3528 3798/4100/3341
f 3798/4100/3341 3986/4288/3528 3988/4290/3530 3794/4096/3337
f 3986/4288/3528 3987/4289/3529 3989/4291/3531 3988/4290/3530
f 3988/4290/3530 3989/4291/3531 3991/4293/3533 3990/4292/3532
f 3794/4096/3337 3988/4290/3530 3990/4292/3532 3793/4095/3336
f 3793/4095/3336 3990/4292/3532 3992/4294/3534 3789/4091/3332
f 3990/4292/3532 3991/4293/3533 3993/4295/3535 3992/4294/3534
f 3992/4294/3534 3993/4295/3535 3995/4297/3537 3994/4296/3536
f 3789/4091/3332 3992/4294/3534 3994/4296/3536 3788/4090/3331
f 3788/4090/3331 3994/4296/3536 3996/4298/3538 3783/4085/3326
f 3994/4296/3536 3995/4297/3537 3997/4299/3539 3996/4298/3538
f 3996/4298/3538 3997/4299/3539 3999/4301/3541 3998/4300/3540
f 3783/4085/3326 3996/4298/3538 3998/4300/3540 3782/4084/3325
f 3782/4084/3325 3998/4300/3540 4000/4302/3542 3779/4081/3322
f 3998/4300/3540 3999/4301/3541 4001/4303/3543 4000/4302/3542
f 4000/4302/3542 4001/4303/3543 4003/4305/3545 4002/4304/3544
f 3779/4081/3322 4000/4302/3542 4002/4304/3544 3778/4080/3321
f 3778/4080/3321 4002/4304/3544 4004/4306/3546 3773/4075/3316
f 4002/4304/3544 4003/4305/3545 4005/4307/3547 4004/4306/3546
f 4004/4306/3546 4005/4307/3547 4007/4309/3549 4006/4308/3548
f 3773/4075/3316 4004/4306/3546 4006/4308/3548 3772/4074/3315
f 3772/4074/3315 4006/4308/3548 119/119/119 120/120/120
f 4006/4308/3548 4007/4309/3549 118/118/118 119/119/119
f 131/131/131 4009/4311/3551 4008/4310/3550 129/129/129
f 129/129/129 4008/4310/3550 3753/4055/3296 125/125/125
f 4008/4310/3550 4010/4312/3552 3746/4048/3289 3753/4055/3296
f 4009/4311/3551 4011/4313/3553 4010/4312/3552 4008/4310/3550
f 4013/4315/3555 4012/4314/3554 4010/4312/3552 4011/4313/3553
f 4012/4314/3554 3745/4047/3288 3746/4048/3289 4010/4312/3552
f 4014/4316/3556 3738/4040/3281 3745/4047/3288 4012/4314/3554
f 4015/4317/3557 4014/4316/3556 4012/4314/3554 4013/4315/3555
f 4017/4319/3559 4016/4318/3558 4014/4316/3556 4015/4317/3557
f 4016/4318/3558 3737/4039/3280 3738/4040/3281 4014/4316/3556
f 4018/4320/3560 3730/4032/3273 3737/4039/3280 4016/4318/3558
f 306/306/223 4018/4320/3560 4016/4318/3558 4017/4319/3559
f 4020/4322/3562 4019/4321/3561 4018/4320/3560 306/306/223
f 4019/4321/3561 3729/4031/3272 3730/4032/3273 4018/4320/3560
f 4021/4323/3563 3722/4024/3265 3729/4031/3272 4019/4321/3561
f 4022/4324/3564 4021/4323/3563 4019/4321/3561 4020/4322/3562
f 4022/4324/3564 4024/4326/3566 4023/4325/3565 4021/4323/3563
f 4021/4323/3563 4023/4325/3565 3721/4023/3264 3722/4024/3265
f 4023/4325/3565 4025/4327/3567 3714/4016/3257 3721/4023/3264
f 4024/4326/3566 4026/4328/3568 4025/4327/3567 4023/4325/3565
f 4026/4328/3568 4028/4330/3570 4027/4329/3569 4025/4327/3567
f 4025/4327/3567 4027/4329/3569 3713/4015/3256 3714/4016/3257
f 4027/4329/3569 4029/4331/3571 3706/4008/3249 3713/4015/3256
f 4028/4330/3570 4030/4332/3572 4029/4331/3571 4027/4329/3569
f 4030/4332/3572 4032/4334/3574 4031/4333/3573 4029/4331/3571
f 4029/4331/3571 4031/4333/3573 3705/4007/3248 3706/4008/3249
f 4031/4333/3573 4033/4335/3575 3698/4000/3241 3705/4007/3248
f 4032/4334/3574 4034/4336/3574 4033/4335/3575 4031/4333/3573
f 4034/4336/3574 4036/4338/3577 4035/4337/3576 4033/4335/3575
f 4033/4335/3575 4035/4337/3576 3697/3999/3240 3698/4000/3241
f 4035/4337/3576 4037/4339/3578 3690/3992/3233 3697/3999/3240
f 4036/4338/3577 4038/4340/3579 4037/4339/3578 4035/4337/3576
f 4038/4340/3579 4040/4342/3581 4039/4341/3580 4037/4339/3578
f 4037/4339/3578 4039/4341/3580 3689/3991/3232 3690/3992/3233
f 4039/4341/3580 4041/4343/3582 3682/3984/3225 3689/3991/3232
f 4040/4342/3581 4042/4344/3583 4041/4343/3582 4039/4341/3580
f 4041/4343/3582 4042/4344/3583 4044/4346/3585 4043/4345/3584
f 3682/3984/3225 4041/4343/3582 4043/4345/3584 3681/3983/3224
f 3681/3983/3224 4043/4345/3584 4045/4347/3586 3674/3976/3217
f 4043/4345/3584 4044/4346/3585 4046/4348/3587 4045/4347/3586
f 4045/4347/3586 4046/4348/3587 4048/4350/3589 4047/4349/3588
f 3674/3976/3217 4045/4347/3586 4047/4349/3588 3673/3975/3216
f 3673/3975/3216 4047/4349/3588 4049/4351/3590 3666/3968/3209
f 4047/4349/3588 4048/4350/3589 4050/4352/3589 4049/4351/3590
f 4049/4351/3590 4050/4352/3589 4052/4354/3589 4051/4353/3591
f 3666/3968/3209 4049/4351/3590 4051/4353/3591 3665/3967/3208
f 3665/3967/3208 4051/4353/3591 4053/4355/3592 3655/3957/3198
f 4051/4353/3591 4052/4354/3589 4054/4356/3593 4053/4355/3592
f 4053/4355/3592 4054/4356/3593 4056/4358/3595 4055/4357/3594
f 3655/3957/3198 4053/4355/3592 4055/4357/3594 3654/3956/3197
f 3654/3956/3197 4055/4357/3594 4057/4359/3596 3651/3953/3194
f 4055/4357/3594 4056/4358/3595 4058/4360/3597 4057/4359/3596
f 4058/4360/3597 4060/4362/3599 4059/4361/3598 4057/4359/3596
f 4057/4359/3596 4059/4361/3598 3650/3952/3193 3651/3953/3194
f 4059/4361/3598 4061/4363/3600 3642/3944/3185 3650/3952/3193
f 4060/4362/3599 4062/4364/3601 4061/4363/3600 4059/4361/3598
f 4062/4364/3601 4064/4366/3603 4063/4365/3602 4061/4363/3600
f 4061/4363/3600 4063/4365/3602 3641/3943/3184 3642/3944/3185
f 4063/4365/3602 4065/4367/3604 3638/3940/3181 3641/3943/3184
f 4064/4366/3603 4066/4368/3605 4065/4367/3604 4063/4365/3602
f 4066/4368/3605 4068/4370/3607 4067/4369/3606 4065/4367/3604
f 4065/4367/3604 4067/4369/3606 3637/3939/3180 3638/3940/3181
f 4067/4369/3606 4069/4371/3608 3632/3934/3175 3637/3939/3180
f 4068/4370/3607 4070/4372/3609 4069/4371/3608 4067/4369/3606
f 4070/4372/3609 4072/4374/3611 4071/4373/3610 4069/4371/3608
f 4069/4371/3608 4071/4373/3610 3631/3933/3174 3632/3934/3175
f 4071/4373/3610 4073/4375/3612 3624/3926/3167 3631/3933/3174
f 4072/4374/3611 4074/4376/3613 4073/4375/3612 4071/4373/3610
f 4074/4376/3613 4076/4378/3615 4075/4377/3614 4073/4375/3612
f 4073/4375/3612 4075/4377/3614 3623/3925/3166 3624/3926/3167
f 4075/4377/3614 3617/3919/3160 41/41/41 3623/3925/3166
f 4076/4378/3615 139/139/139 3617/3919/3160 4075/4377/3614
f 137/137/137 4078/4380/3617 4077/4379/3616 134/134/134
f 134/134/134 4077/4379/3616 3610/3912/3153 133/133/133
f 4077/4379/3616 4079/4381/3618 3603/3905/3146 3610/3912/3153
f 4078/4380/3617 4080/4382/3619 4079/4381/3618 4077/4379/3616
f 4080/4382/3619 4082/4384/3621 4081/4383/3620 4079/4381/3618
f 4079/4381/3618 4081/4383/3620 3602/3904/3145 3603/3905/3146
f 4081/4383/3620 4083/4385/3622 3595/3897/3138 3602/3904/3145
f 4082/4384/3621 4084/4386/3623 4083/4385/3622 4081/4383/3620
f 4084/4386/3623 4086/4388/3625 4085/4387/3624 4083/4385/3622
f 4083/4385/3622 4085/4387/3624 3594/3896/3137 3595/3897/3138
f 4085/4387/3624 4087/4389/3626 3587/3889/3130 3594/3896/3137
f 4086/4388/3625 4088/4390/3627 4087/4389/3626 4085/4387/3624
f 4088/4390/3627 4090/4392/3629 4089/4391/3628 4087/4389/3626
f 4087/4389/3626 4089/4391/3628 3586/3888/3129 3587/3889/3130
f 4089/4391/3628 4091/4393/3630 3579/3881/3122 3586/3888/3129
f 4090/4392/3629 331/331/242 4091/4393/3630 4089/4391/3628
f 331/331/242 4093/4395/3632 4092/4394/3631 4091/4393/3630
f 4091/4393/3630 4092/4394/3631 3578/3880/3121 3579/3881/3122
f 4092/4394/3631 4094/4396/3633 3571/3873/3114 3578/3880/3121
f 4093/4395/3632 4095/4397/3634 4094/4396/3633 4092/4394/3631
f 4095/4397/3634 4097/4399/3636 4096/4398/3635 4094/4396/3633
f 4094/4396/3633 4096/4398/3635 3570/3872/3113 3571/3873/3114
f 4096/4398/3635 4098/4400/3637 3563/3865/3106 3570/3872/3113
f 4097/4399/3636 4099/4401/3638 4098/4400/3637 4096/4398/3635
f 4099/4401/3638 4101/4403/3640 4100/4402/3639 4098/4400/3637
f 4098/4400/3637 4100/4402/3639 3562/3864/3105 3563/3865/3106
f 4100/4402/3639 4102/4404/3641 3555/3857/3098 3562/3864/3105
f 4101/4403/3640 4103/4405/3642 4102/4404/3641 4100/4402/3639
f 4103/4405/3642 4105/4407/3644 4104/4406/3643 4102/4404/3641
f 4102/4404/3641 4104/4406/3643 3554/3856/3097 3555/3857/3098
f 4104/4406/3643 4106/4408/3645 3547/3849/3090 3554/3856/3097
f 4105/4407/3644 4107/4409/3646 4106/4408/3645 4104/4406/3643
f 4107/4409/3646 4109/4411/3648 4108/4410/3647 4106/4408/3645
f 4106/4408/3645 4108/4410/3647 3546/3848/3089 3547/3849/3090
f 4108/4410/3647 4110/4412/3649 3539/3841/3082 3546/3848/3089
f 4109/4411/3648 4111/4413/3650 4110/4412/3649 4108/4410/3647
f 4111/4413/3650 4113/4415/3652 4112/4414/3651 4110/4412/3649
f 4110/4412/3649 4112/4414/3651 3538/3840/3081 3539/3841/3082
f 4112/4414/3651 4114/4416/3653 3531/3833/3074 3538/3840/3081
f 4113/4415/3652 4115/4417/3654 4114/4416/3653 4112/4414/3651
f 4115/4417/3654 4117/4419/3656 4116/4418/3655 4114/4416/3653
f 4114/4416/3653 4116/4418/3655 3530/3832/3073 3531/3833/3074
f 4116/4418/3655 4118/4420/3657 3523/3825/3066 3530/3832/3073
f 4117/4419/3656 326/326/239 4118/4420/3657 4116/4418/3655
f 326/326/239 323/323/236 4119/4421/3658 4118/4420/3657
f 4118/4420/3657 4119/4421/3658 3522/3824/3065 3523/3825/3066
f 4120/4422/3659 3515/3817/3058 3522/3824/3065 4119/4421/3658
f 320/320/233 4120/4422/3659 4119/4421/3658 323/323/236
f 4122/4424/3661 4121/4423/3660 4120/4422/3659 320/320/233
f 4121/4423/3660 3514/3816/3057 3515/3817/3058 4120/4422/3659
f 4123/4425/3662 3507/3809/3050 3514/3816/3057 4121/4423/3660
f 4124/4426/3663 4123/4425/3662 4121/4423/3660 4122/4424/3661
f 4126/4428/3665 4125/4427/3664 4123/4425/3662 4124/4426/3663
f 4125/4427/3664 3506/3808/3049 3507/3809/3050 4123/4425/3662
f 4127/4429/3666 3499/3801/3042 3506/3808/3049 4125/4427/3664
f 313/313/137 4127/4429/3666 4125/4427/3664 4126/4428/3665
f 4129/4431/3668 4128/4430/3667 4127/4429/3666 313/313/137
f 4128/4430/3667 3498/3800/3041 3499/3801/3042 4127/4429/3666
f 4130/4432/3669 3491/3793/3034 3498/3800/3041 4128/4430/3667
f 4131/4433/3670 4130/4432/3669 4128/4430/3667 4129/4431/3668
f 4133/4435/3672 4132/4434/3671 4130/4432/3669 4131/4433/3670
f 4132/4434/3671 3490/3792/3033 3491/3793/3034 4130/4432/3669
f 4134/4436/3673 3483/3785/3026 3490/3792/3033 4132/4434/3671
f 4135/4437/3674 4134/4436/3673 4132/4434/3671 4133/4435/3672
f 4137/4439/3676 4136/4438/3675 4134/4436/3673 4135/4437/3674
f 4136/4438/3675 3482/3784/3025 3483/3785/3026 4134/4436/3673
f 4138/4440/3677 3475/3777/3018 3482/3784/3025 4136/4438/3675
f 4139/4441/3678 4138/4440/3677 4136/4438/3675 4137/4439/3676
f 4141/4443/3680 4140/4442/3679 4138/4440/3677 4139/4441/3678
f 4140/4442/3679 3474/3776/3017 3475/3777/3018 4138/4440/3677
f 4142/4444/3681 3467/3769/3010 3474/3776/3017 4140/4442/3679
f 4143/4445/3682 4142/4444/3681 4140/4442/3679 4141/4443/3680
f 4145/4447/3684 4144/4446/3683 4142/4444/3681 4143/4445/3682
f 4144/4446/3683 3466/3768/3009 3467/3769/3010 4142/4444/3681
f 4146/4448/3685 3459/3761/3002 3466/3768/3009 4144/4446/3683
f 4147/4449/3686 4146/4448/3685 4144/4446/3683 4145/4447/3684
f 4149/4451/3688 4148/4450/3687 4146/4448/3685 4147/4449/3686
f 4148/4450/3687 3458/3760/3001 3459/3761/3002 4146/4448/3685
f 4150/4452/3689 3451/3753/2994 3458/3760/3001 4148/4450/3687
f 4151/4453/3690 4150/4452/3689 4148/4450/3687 4149/4451/3688
f 4153/4455/3692 4152/4454/3691 4150/4452/3689 4151/4453/3690
f 4152/4454/3691 3450/3752/2993 3451/3753/2994 4150/4452/3689
f 4154/4456/3693 3443/3745/2986 3450/3752/2993 4152/4454/3691
f 4155/4457/3694 4154/4456/3693 4152/4454/3691 4153/4455/3692
f 4157/4459/3696 4156/4458/3695 4154/4456/3693 4155/4457/3694
f 4156/4458/3695 3442/3744/2985 3443/3745/2986 4154/4456/3693
f 4158/4460/3697 3432/3734/2975 3442/3744/2985 4156/4458/3695
f 4159/4461/3698 4158/4460/3697 4156/4458/3695 4157/4459/3696
f 4161/4463/3700 4160/4462/3699 4158/4460/3697 4159/4461/3698
f 4160/4462/3699 3431/3733/2974 3432/3734/2975 4158/4460/3697
f 4162/4464/3701 3428/3730/2971 3431/3733/2974 4160/4462/3699
f 4163/4465/3702 4162/4464/3701 4160/4462/3699 4161/4463/3700
f 4165/4467/3704 4164/4466/3703 4162/4464/3701 4163/4465/3702
f 4164/4466/3703 3427/3729/2970 3428/3730/2971 4162/4464/3701
f 4166/4468/3705 3422/3724/2965 3427/3729/2970 4164/4466/3703
f 4167/4469/3706 4166/4468/3705 4164/4466/3703 4165/4467/3704
f 4169/4471/3708 4168/4470/3707 4166/4468/3705 4167/4469/3706
f 4168/4470/3707 3421/3723/2964 3422/3724/2965 4166/4468/3705
f 4170/4472/3709 3414/3716/2957 3421/3723/2964 4168/4470/3707
f 4171/4473/3710 4170/4472/3709 4168/4470/3707 4169/4471/3708
f 4173/4475/3712 4172/4474/3711 4170/4472/3709 4171/4473/3710
f 4172/4474/3711 3413/3715/2956 3414/3716/2957 4170/4472/3709
f 3407/3709/2950 27/27/27 3413/3715/2956 4172/4474/3711
f 146/146/146 3407/3709/2950 4172/4474/3711 4173/4475/3712
f 4174/4476/3713 141/141/141 144/144/144 4175/4477/3714
f 3400/3702/2943 140/140/140 141/141/141 4174/4476/3713
f 3373/3675/2916 3400/3702/2943 4174/4476/3713 4176/4478/3715
f 4176/4478/3715 4174/4476/3713 4175/4477/3714 4177/4479/3716
f 4178/4480/3717 4176/4478/3715 4177/4479/3716 4179/4481/3718
f 3376/3678/2919 3373/3675/2916 4176/4478/3715 4178/4480/3717
f 3378/3680/2921 3376/3678/2919 4178/4480/3717 4180/4482/3719
f 4180/4482/3719 4178/4480/3717 4179/4481/3718 4181/4483/3720
f 4183/4485/3722 4182/4484/3721 4180/4482/3719 4181/4483/3720
f 4182/4484/3721 3380/3682/2923 3378/3680/2921 4180/4482/3719
f 4184/4486/3723 3382/3684/2925 3380/3682/2923 4182/4484/3721
f 4185/4487/3724 4184/4486/3723 4182/4484/3721 4183/4485/3722
f 4187/4489/3726 4186/4488/3725 4184/4486/3723 4185/4487/3724
f 4186/4488/3725 3384/3686/2927 3382/3684/2925 4184/4486/3723
f 4188/4490/3727 3386/3688/2929 3384/3686/2927 4186/4488/3725
f 4189/4491/3728 4188/4490/3727 4186/4488/3725 4187/4489/3726
f 4191/4493/3730 4190/4492/3729 4188/4490/3727 4189/4491/3728
f 4190/4492/3729 3388/3690/2931 3386/3688/2929 4188/4490/3727
f 4192/4494/3731 3390/3692/2933 3388/3690/2931 4190/4492/3729
f 4193/4495/3732 4192/4494/3731 4190/4492/3729 4191/4493/3730
f 4195/4497/3734 4194/4496/3733 4192/4494/3731 4193/4495/3732
f 4194/4496/3733 3392/3694/2935 3390/3692/2933 4192/4494/3731
f 4196/4498/3735 3394/3696/2937 3392/3694/2935 4194/4496/3733
f 4197/4499/3736 4196/4498/3735 4194/4496/3733 4195/4497/3734
f 4199/4501/3738 4198/4500/3737 4196/4498/3735 4197/4499/3736
f 4198/4500/3737 3396/3698/2939 3394/3696/2937 4196/4498/3735
f 4200/4502/3739 3398/3700/2941 3396/3698/2939 4198/4500/3737
f 4201/4503/3740 4200/4502/3739 4198/4500/3737 4199/4501/3738
f 4202/4504/3741 4200/4502/3739 4201/4503/3740 4203/4505/3742
f 3403/3705/2946 3398/3700/2941 4200/4502/3739 4202/4504/3741
f 3405/3707/2948 3403/3705/2946 4202/4504/3741 4204/4506/3743
f 4204/4506/3743 4202/4504/3741 4203/4505/3742 4205/4507/3744
f 4206/4508/3745 4204/4506/3743 4205/4507/3744 4207/4509/3746
f 3409/3711/2952 3405/3707/2948 4204/4506/3743 4206/4508/3745
f 3411/3713/2954 3409/3711/2952 4206/4508/3745 4208/4510/3747
f 4208/4510/3747 4206/4508/3745 4207/4509/3746 4209/4511/3748
f 4210/4512/3749 4208/4510/3747 4209/4511/3748 4211/4513/3750
f 3417/3719/2960 3411/3713/2954 4208/4510/3747 4210/4512/3749
f 3419/3721/2962 3417/3719/2960 4210/4512/3749 4212/4514/3751
f 4212/4514/3751 4210/4512/3749 4211/4513/3750 4213/4515/3752
f 4214/4516/3753 4212/4514/3751 4213/4515/3752 4215/4517/3754
f 3425/3727/2968 3419/3721/2962 4212/4514/3751 4214/4516/3753
f 34/34/34 3425/3727/2968 4214/4516/3753 3436/3738/2979
f 3436/3738/2979 4214/4516/3753 4215/4517/3754 153/153/153
f 4217/4519/3756 4216/4518/3755 148/148/148 151/151/151
f 4216/4518/3755 3438/3740/2981 147/147/147 148/148/148
f 4218/4520/3757 3440/3742/2983 3438/3740/2981 4216/4518/3755
f 4219/4521/3758 4218/4520/3757 4216/4518/3755 4217/4519/3756
f 4221/4523/3760 4220/4522/3759 4218/4520/3757 4219/4521/3758
f 4220/4522/3759 3446/3748/2989 3440/3742/2983 4218/4520/3757
f 4222/4524/3761 3448/3750/2991 3446/3748/2989 4220/4522/3759
f 4223/4525/3762 4222/4524/3761 4220/4522/3759 4221/4523/3760
f 4222/4524/3761 4223/4525/3762 4225/4527/3764 4224/4526/3763
f 3454/3756/2997 3448/3750/2991 4222/4524/3761 4224/4526/3763
f 3456/3758/2999 3454/3756/2997 4224/4526/3763 4226/4528/3765
f 4224/4526/3763 4225/4527/3764 4227/4529/3766 4226/4528/3765
f 4228/4530/3767 4226/4528/3765 4227/4529/3766 4229/4531/3768
f 3462/3764/3005 3456/3758/2999 4226/4528/3765 4228/4530/3767
f 3464/3766/3007 3462/3764/3005 4228/4530/3767 4230/4532/3769
f 4230/4532/3769 4228/4530/3767 4229/4531/3768 4231/4533/3770
f 4232/4534/3771 4230/4532/3769 4231/4533/3770 4233/4535/3772
f 3470/3772/3013 3464/3766/3007 4230/4532/3769 4232/4534/3771
f 3472/3774/3015 3470/3772/3013 4232/4534/3771 4234/4536/3773
f 4234/4536/3773 4232/4534/3771 4233/4535/3772 4235/4537/3774
f 4237/4539/3776 4236/4538/3775 4234/4536/3773 4235/4537/3774
f 4236/4538/3775 3478/3780/3021 3472/3774/3015 4234/4536/3773
f 4238/4540/3777 3480/3782/3023 3478/3780/3021 4236/4538/3775
f 4239/4541/3778 4238/4540/3777 4236/4538/3775 4237/4539/3776
f 4241/4543/3780 4240/4542/3779 4238/4540/3777 4239/4541/3778
f 4240/4542/3779 3486/3788/3029 3480/3782/3023 4238/4540/3777
f 4242/4544/3781 3488/3790/3031 3486/3788/3029 4240/4542/3779
f 4243/4545/3782 4242/4544/3781 4240/4542/3779 4241/4543/3780
f 4245/4547/3784 4244/4546/3783 4242/4544/3781 4243/4545/3782
f 4244/4546/3783 3494/3796/3037 3488/3790/3031 4242/4544/3781
f 4246/4548/3785 3496/3798/3039 3494/3796/3037 4244/4546/3783
f 4247/4549/3786 4246/4548/3785 4244/4546/3783 4245/4547/3784
f 4248/4550/3787 4246/4548/3785 4247/4549/3786 4249/4551/3788
f 3502/3804/3045 3496/3798/3039 4246/4548/3785 4248/4550/3787
f 3504/3806/3047 3502/3804/3045 4248/4550/3787 4250/4552/3789
f 4250/4552/3789 4248/4550/3787 4249/4551/3788 4251/4553/3790
f 4253/4555/3792 4252/4554/3791 4250/4552/3789 4251/4553/3790
f 4252/4554/3791 3510/3812/3053 3504/3806/3047 4250/4552/3789
f 4254/4556/3793 3512/3814/3055 3510/3812/3053 4252/4554/3791
f 4255/4557/3794 4254/4556/3793 4252/4554/3791 4253/4555/3792
f 4256/4558/3795 4254/4556/3793 4255/4557/3794 4257/4559/3796
f 3518/3820/3061 3512/3814/3055 4254/4556/3793 4256/4558/3795
f 3520/3822/3063 3518/3820/3061 4256/4558/3795 4258/4560/3797
f 4258/4560/3797 4256/4558/3795 4257/4559/3796 4259/4561/3798
f 4260/4562/3799 4258/4560/3797 4259/4561/3798 4261/4563/3800
f 3526/3828/3069 3520/3822/3063 4258/4560/3797 4260/4562/3799
f 3528/3830/3071 3526/3828/3069 4260/4562/3799 4262/4564/3801
f 4262/4564/3801 4260/4562/3799 4261/4563/3800 4263/4565/3802
f 4265/4567/3804 4264/4566/3803 4262/4564/3801 4263/4565/3802
f 4264/4566/3803 3534/3836/3077 3528/3830/3071 4262/4564/3801
f 4266/4568/3805 3536/3838/3079 3534/3836/3077 4264/4566/3803
f 4267/4569/3806 4266/4568/3805 4264/4566/3803 4265/4567/3804
f 4269/4571/3808 4268/4570/3807 4266/4568/3805 4267/4569/3806
f 4268/4570/3807 3542/3844/3085 3536/3838/3079 4266/4568/3805
f 4270/4572/3809 3544/3846/3087 3542/3844/3085 4268/4570/3807
f 4271/4573/3810 4270/4572/3809 4268/4570/3807 4269/4571/3808
f 4273/4575/3812 4272/4574/3811 4270/4572/3809 4271/4573/3810
f 4272/4574/3811 3550/3852/3093 3544/3846/3087 4270/4572/3809
f 4274/4576/3813 3552/3854/3095 3550/3852/3093 4272/4574/3811
f 4275/4577/3814 4274/4576/3813 4272/4574/3811 4273/4575/3812
f 4277/4579/3816 4276/4578/3815 4274/4576/3813 4275/4577/3814
f 4276/4578/3815 3558/3860/3101 3552/3854/3095 4274/4576/3813
f 4278/4580/3817 3560/3862/3103 3558/3860/3101 4276/4578/3815
f 4279/4581/3818 4278/4580/3817 4276/4578/3815 4277/4579/3816
f 4281/4583/3656 4280/4582/3819 4278/4580/3817 4279/4581/3818
f 4280/4582/3819 3566/3868/3109 3560/3862/3103 4278/4580/3817
f 4282/4584/3820 3568/3870/3111 3566/3868/3109 4280/4582/3819
f 4283/4585/3821 4282/4584/3820 4280/4582/3819 4281/4583/3656
f 4285/4587/3823 4284/4586/3822 4282/4584/3820 4283/4585/3821
f 4284/4586/3822 3574/3876/3117 3568/3870/3111 4282/4584/3820
f 4284/4586/3822 4286/4588/3824 3576/3878/3119 3574/3876/3117
f 4285/4587/3823 4287/4589/3825 4286/4588/3824 4284/4586/3822
f 4287/4589/3825 4289/4591/3827 4288/4590/3826 4286/4588/3824
f 4286/4588/3824 4288/4590/3826 3582/3884/3125 3576/3878/3119
f 4288/4590/3826 4290/4592/3828 3584/3886/3127 3582/3884/3125
f 4289/4591/3827 4291/4593/3829 4290/4592/3828 4288/4590/3826
f 4291/4593/3829 4293/4595/3831 4292/4594/3830 4290/4592/3828
f 4290/4592/3828 4292/4594/3830 3590/3892/3133 3584/3886/3127
f 4292/4594/3830 4294/4596/3832 3592/3894/3135 3590/3892/3133
f 4293/4595/3831 4295/4597/3833 4294/4596/3832 4292/4594/3830
f 4295/4597/3833 4297/4599/3835 4296/4598/3834 4294/4596/3832
f 4294/4596/3832 4296/4598/3834 3598/3900/3141 3592/3894/3135
f 4296/4598/3834 4298/4600/3836 3600/3902/3143 3598/3900/3141
f 4297/4599/3835 4299/4601/3831 4298/4600/3836 4296/4598/3834
f 4298/4600/3836 4299/4601/3831 4301/4603/3838 4300/4602/3837
f 3600/3902/3143 4298/4600/3836 4300/4602/3837 3606/3908/3149
f 4300/4602/3837 4302/4604/3839 3608/3910/3151 3606/3908/3149
f 4301/4603/3838 4303/4605/3840 4302/4604/3839 4300/4602/3837
f 4303/4605/3840 4305/4607/3842 4304/4606/3841 4302/4604/3839
f 4302/4604/3839 4304/4606/3841 3613/3915/3156 3608/3910/3151
f 4304/4606/3841 4306/4608/3843 3615/3917/3158 3613/3915/3156
f 4305/4607/3842 4307/4609/3816 4306/4608/3843 4304/4606/3841
f 4307/4609/3816 4309/4611/3845 4308/4610/3844 4306/4608/3843
f 4306/4608/3843 4308/4610/3844 3619/3921/3162 3615/3917/3158
f 4308/4610/3844 4310/4612/3846 3621/3923/3164 3619/3921/3162
f 4309/4611/3845 4311/4613/3847 4310/4612/3846 4308/4610/3844
f 4311/4613/3847 4313/4615/3849 4312/4614/3848 4310/4612/3846
f 4310/4612/3846 4312/4614/3848 3627/3929/3170 3621/3923/3164
f 4312/4614/3848 4314/4616/3850 3629/3931/3172 3627/3929/3170
f 4313/4615/3849 264/264/208 4314/4616/3850 4312/4614/3848
f 264/264/208 265/265/209 4315/4617/3851 4314/4616/3850
f 4314/4616/3850 4315/4617/3851 3635/3937/3178 3629/3931/3172
f 4315/4617/3851 3646/3948/3189 48/48/48 3635/3937/3178
f 265/265/209 160/160/160 3646/3948/3189 4315/4617/3851
f 158/158/158 4317/4619/3853 4316/4618/3852 155/155/155
f 155/155/155 4316/4618/3852 3648/3950/3191 154/154/154
f 4316/4618/3852 3659/3961/3202 55/55/55 3648/3950/3191
f 4317/4619/3853 167/167/167 3659/3961/3202 4316/4618/3852
f 165/165/165 4319/4621/3855 4318/4620/3854 162/162/162
f 162/162/162 4318/4620/3854 3661/3963/3204 161/161/161
f 4318/4620/3854 4320/4622/3856 3663/3965/3206 3661/3963/3204
f 4319/4621/3855 211/211/186 4320/4622/3856 4318/4620/3854
f 211/211/186 212/212/187 4321/4623/3857 4320/4622/3856
f 4320/4622/3856 4321/4623/3857 3669/3971/3212 3663/3965/3206
f 4321/4623/3857 4322/4624/3858 3671/3973/3214 3669/3971/3212
f 212/212/187 213/213/188 4322/4624/3858 4321/4623/3857
f 213/213/188 4324/4626/3860 4323/4625/3859 4322/4624/3858
f 4322/4624/3858 4323/4625/3859 3677/3979/3220 3671/3973/3214
f 4323/4625/3859 4325/4627/3861 3679/3981/3222 3677/3979/3220
f 4324/4626/3860 183/183/174 4325/4627/3861 4323/4625/3859
f 183/183/174 4327/4629/3863 4326/4628/3862 4325/4627/3861
f 4325/4627/3861 4326/4628/3862 3685/3987/3228 3679/3981/3222
f 4326/4628/3862 4328/4630/3864 3687/3989/3230 3685/3987/3228
f 4327/4629/3863 4329/4631/3865 4328/4630/3864 4326/4628/3862
f 4329/4631/3865 4331/4633/3867 4330/4632/3866 4328/4630/3864
f 4328/4630/3864 4330/4632/3866 3693/3995/3236 3687/3989/3230
f 4332/4634/3868 3695/3997/3238 3693/3995/3236 4330/4632/3866
f 174/174/171 4332/4634/3868 4330/4632/3866 4331/4633/3867
f 171/171/170 4333/4635/3869 4332/4634/3868 174/174/171
f 4333/4635/3869 3701/4003/3244 3695/3997/3238 4332/4634/3868
f 4334/4636/3870 3703/4005/3246 3701/4003/3244 4333/4635/3869
f 168/168/168 4334/4636/3870 4333/4635/3869 171/171/170
f 175/175/172 4335/4637/3871 4334/4636/3870 168/168/168
f 4335/4637/3871 3709/4011/3252 3703/4005/3246 4334/4636/3870
f 4336/4638/3872 3711/4013/3254 3709/4011/3252 4335/4637/3871
f 177/177/173 4336/4638/3872 4335/4637/3871 175/175/172
f 4338/4640/3874 4337/4639/3873 4336/4638/3872 177/177/173
f 4337/4639/3873 3717/4019/3260 3711/4013/3254 4336/4638/3872
f 4339/4641/3875 3719/4021/3262 3717/4019/3260 4337/4639/3873
f 4340/4642/3876 4339/4641/3875 4337/4639/3873 4338/4640/3874
f 4341/4643/169 4344/4646/169 4343/4645/169 4342/4644/169
f 4342/4644/169 4343/4645/169 4331/4633/3867 4329/4631/3865
f 4343/4645/169 173/173/169 174/174/171 4331/4633/3867
f 4344/4646/169 172/172/169 173/173/169 4343/4645/169
f 185/185/169 4346/4648/169 4345/4647/169 184/184/169
f 184/184/169 4345/4647/169 4327/4629/3863 183/183/174
f 4345/4647/169 4342/4644/169 4329/4631/3865 4327/4629/3863
f 4346/4648/169 4341/4643/169 4342/4644/169 4345/4647/169
f 4324/4626/3860 213/213/188 210/210/169 4347/4649/169
f 183/183/174 4324/4626/3860 4347/4649/169 180/180/169
f 179/179/169 180/180/169 4347/4649/169 4348/4650/169
f 4348/4650/169 4347/4649/169 210/210/169 207/207/169
f 4350/4652/3878 4349/4651/3877 4339/4641/3875 4340/4642/3876
f 4349/4651/3877 3725/4027/3268 3719/4021/3262 4339/4641/3875
f 4351/4653/3879 3727/4029/3270 3725/4027/3268 4349/4651/3877
f 190/190/177 4351/4653/3879 4349/4651/3877 4350/4652/3878
f 4352/4654/169 4355/4657/169 4354/4656/169 4353/4655/169
f 4353/4655/169 4354/4656/169 178/178/169 172/172/169
f 4354/4656/169 4338/4640/3874 177/177/173 178/178/169
f 4355/4657/169 4340/4642/3876 4338/4640/3874 4354/4656/169
f 4357/4659/169 4356/4658/169 4359/4661/169 4358/4660/169
f 4357/4659/169 4358/4660/169 4344/4646/169 4341/4643/169
f 4358/4660/169 4353/4655/169 172/172/169 4344/4646/169
f 4358/4660/169 4359/4661/169 4352/4654/169 4353/4655/169
f 4360/4662/169 4363/4665/169 4362/4664/169 4361/4663/169
f 4361/4663/169 4362/4664/169 4346/4648/169 185/185/169
f 4362/4664/169 4357/4659/169 4341/4643/169 4346/4648/169
f 4363/4665/169 4356/4658/169 4357/4659/169 4362/4664/169
f 191/191/178 4364/4666/3880 4351/4653/3879 190/190/177
f 4364/4666/3880 3733/4035/3276 3727/4029/3270 4351/4653/3879
f 4365/4667/3881 3735/4037/3278 3733/4035/3276 4364/4666/3880
f 192/192/179 4365/4667/3881 4364/4666/3880 191/191/178
f 195/195/169 196/196/169 4367/4669/169 4366/4668/169
f 4366/4668/169 4367/4669/169 4355/4657/169 4352/4654/169
f 4367/4669/169 4350/4652/3878 4340/4642/3876 4355/4657/169
f 196/196/169 190/190/177 4350/4652/3878 4367/4669/169
f 4368/4670/169 4371/4673/169 4370/4672/169 4369/4671/169
f 4369/4671/169 4370/4672/169 4359/4661/169 4356/4658/169
f 4370/4672/169 4366/4668/169 4352/4654/169 4359/4661/169
f 4371/4673/169 195/195/169 4366/4668/169 4370/4672/169
f 4372/4674/3882 4365/4667/3881 192/192/179 189/189/176
f 3741/4043/3284 3735/4037/3278 4365/4667/3881 4372/4674/3882
f 4373/4675/3883 3743/4045/3286 3741/4043/3284 4372/4674/3882
f 186/186/175 4373/4675/3883 4372/4674/3882 189/189/176
f 4374/4676/3884 4373/4675/3883 186/186/175 4375/4677/3885
f 3749/4051/3292 3743/4045/3286 4373/4675/3883 4374/4676/3884
f 3751/4053/3294 3749/4051/3292 4374/4676/3884 4376/4678/3886
f 4376/4678/3886 4374/4676/3884 4375/4677/3885 4377/4679/3887
f 4378/4680/169 193/193/169 195/195/169 4371/4673/169
f 4375/4677/3885 186/186/175 193/193/169 4378/4680/169
f 4377/4679/3887 4375/4677/3885 4378/4680/169 4379/4681/169
f 4379/4681/169 4378/4680/169 4371/4673/169 4368/4670/169
f 4380/4682/3888 4376/4678/3886 4377/4679/3887 4381/4683/3889
f 3756/4058/3299 3751/4053/3294 4376/4678/3886 4380/4682/3888
f 3758/4060/3301 3756/4058/3299 4380/4682/3888 4382/4684/3890
f 4382/4684/3890 4380/4682/3888 4381/4683/3889 4383/4685/3891
f 4384/4686/169 4379/4681/169 4368/4670/169 4385/4687/169
f 4381/4683/3889 4377/4679/3887 4379/4681/169 4384/4686/169
f 4383/4685/3891 4381/4683/3889 4384/4686/169 4386/4688/169
f 4386/4688/169 4384/4686/169 4385/4687/169 4387/4689/169
f 4388/4690/3892 4382/4684/3890 4383/4685/3891 4389/4691/3893
f 3762/4064/3305 3758/4060/3301 4382/4684/3890 4388/4690/3892
f 3764/4066/3307 3762/4064/3305 4388/4690/3892 4390/4692/3894
f 4390/4692/3894 4388/4690/3892 4389/4691/3893 4391/4693/3895
f 4392/4694/169 4369/4671/169 4356/4658/169 4363/4665/169
f 4385/4687/169 4368/4670/169 4369/4671/169 4392/4694/169
f 4387/4689/169 4385/4687/169 4392/4694/169 4393/4695/169
f 4393/4695/169 4392/4694/169 4363/4665/169 4360/4662/169
f 4394/4696/169 4386/4688/169 4387/4689/169 4395/4697/169
f 4389/4691/3893 4383/4685/3891 4386/4688/169 4394/4696/169
f 4391/4693/3895 4389/4691/3893 4394/4696/169 4396/4698/169
f 4396/4698/169 4394/4696/169 4395/4697/169 4397/4699/169
f 4398/4700/3896 4390/4692/3894 4391/4693/3895 4399/4701/3897
f 3768/4070/3311 3764/4066/3307 4390/4692/3894 4398/4700/3896
f 3770/4072/3313 3768/4070/3311 4398/4700/3896 4400/4702/3898
f 4400/4702/3898 4398/4700/3896 4399/4701/3897 4401/4703/3899
f 4402/4704/169 4393/4695/169 4360/4662/169 4403/4705/169
f 4395/4697/169 4387/4689/169 4393/4695/169 4402/4704/169
f 4397/4699/169 4395/4697/169 4402/4704/169 4404/4706/169
f 4404/4706/169 4402/4704/169 4403/4705/169 4405/4707/169
f 4406/4708/169 4396/4698/169 4397/4699/169 4407/4709/169
f 4399/4701/3897 4391/4693/3895 4396/4698/169 4406/4708/169
f 4401/4703/3899 4399/4701/3897 4406/4708/169 4408/4710/169
f 4408/4710/169 4406/4708/169 4407/4709/169 4409/4711/169
f 4410/4712/3900 4400/4702/3898 4401/4703/3899 4411/4713/3901
f 3776/4078/3319 3770/4072/3313 4400/4702/3898 4410/4712/3900
f 62/62/62 3776/4078/3319 4410/4712/3900 3786/4088/3329
f 3786/4088/3329 4410/4712/3900 4411/4713/3901 202/202/185
f 4412/4714/169 4361/4663/169 185/185/169 182/182/169
f 4403/4705/169 4360/4662/169 4361/4663/169 4412/4714/169
f 4405/4707/169 4403/4705/169 4412/4714/169 4413/4715/169
f 4413/4715/169 4412/4714/169 182/182/169 179/179/169
f 4414/4716/169 4404/4706/169 4405/4707/169 4415/4717/169
f 4407/4709/169 4397/4699/169 4404/4706/169 4414/4716/169
f 4409/4711/169 4407/4709/169 4414/4716/169 4416/4718/169
f 4416/4718/169 4414/4716/169 4415/4717/169 4417/4719/169
f 4418/4720/169 4408/4710/169 4409/4711/169 4419/4721/169
f 4411/4713/3901 4401/4703/3899 4408/4710/169 4418/4720/169
f 202/202/185 4411/4713/3901 4418/4720/169 206/206/169
f 206/206/169 4418/4720/169 4419/4721/169 205/205/169
f 4420/4722/169 4413/4715/169 179/179/169 4348/4650/169
f 4405/4707/169 4413/4715/169 4420/4722/169 4415/4717/169
f 4415/4717/169 4420/4722/169 4421/4723/169 4417/4719/169
f 4421/4723/169 4420/4722/169 4348/4650/169 207/207/169
f 4416/4718/169 4417/4719/169 4423/4725/169 4422/4724/169
f 4409/4711/169 4416/4718/169 4422/4724/169 4419/4721/169
f 4419/4721/169 4422/4724/169 224/224/169 205/205/169
f 4422/4724/169 4423/4725/169 223/223/169 224/224/169
f 4424/4726/169 222/222/169 219/219/169 4425/4727/169
f 203/203/169 205/205/169 222/222/169 4424/4726/169
f 200/200/183 203/203/169 4424/4726/169 218/218/193
f 218/218/193 4424/4726/169 4425/4727/169 217/217/192
f 4426/4728/169 4421/4723/169 207/207/169 4427/4729/169
f 4417/4719/169 4421/4723/169 4426/4728/169 4423/4725/169
f 4423/4725/169 4426/4728/169 4428/4730/169 223/223/169
f 4428/4730/169 4426/4728/169 4427/4729/169 4429/4731/169
f 4430/4732/169 208/208/169 211/211/186 4319/4621/3855
f 4427/4729/169 207/207/169 208/208/169 4430/4732/169
f 4429/4731/169 4427/4729/169 4430/4732/169 4431/4733/169
f 4431/4733/169 4430/4732/169 4319/4621/3855 165/165/165
f 4434/4736/169 4433/4735/169 4432/4734/169 4435/4737/169
f 4425/4727/169 219/219/169 4433/4735/169 4434/4736/169
f 217/217/192 4425/4727/169 4434/4736/169 229/229/198
f 229/229/198 4434/4736/169 4435/4737/169 228/228/197
f 4437/4739/169 4436/4738/169 241/241/169 4438/4740/169
f 220/220/169 223/223/169 4436/4738/169 4437/4739/169
f 219/219/169 220/220/169 4437/4739/169 4433/4735/169
f 4433/4735/169 4437/4739/169 4438/4740/169 4432/4734/169
f 4428/4730/169 4429/4731/169 4440/4742/169 4439/4741/169
f 223/223/169 4428/4730/169 4439/4741/169 4436/4738/169
f 4436/4738/169 4439/4741/169 240/240/169 241/241/169
f 4439/4741/169 4440/4742/169 239/239/169 240/240/169
f 4431/4733/169 165/165/165 166/166/166 4441/4743/169
f 4429/4731/169 4431/4733/169 4441/4743/169 4440/4742/169
f 4440/4742/169 4441/4743/169 4442/4744/169 239/239/169
f 4441/4743/169 166/166/166 167/167/167 4442/4744/169
f 4444/4746/169 4443/4745/169 253/253/169 250/250/169
f 4435/4737/169 4432/4734/169 4443/4745/169 4444/4746/169
f 228/228/197 4435/4737/169 4444/4746/169 234/234/105
f 234/234/105 4444/4746/169 250/250/169 233/233/201
f 4445/4747/169 238/238/169 235/235/169 4446/4748/169
f 4438/4740/169 241/241/169 238/238/169 4445/4747/169
f 4443/4745/169 4432/4734/169 4438/4740/169 4445/4747/169
f 4443/4745/169 4445/4747/169 4446/4748/169 253/253/169
f 4442/4744/169 167/167/167 4317/4619/3853 4447/4749/169
f 239/239/169 4442/4744/169 4447/4749/169 4448/4750/169
f 4448/4750/169 4447/4749/169 258/258/169 259/259/169
f 4447/4749/169 4317/4619/3853 158/158/158 258/258/169
f 4449/4751/169 4448/4750/169 259/259/169 4450/4752/169
f 236/236/169 239/239/169 4448/4750/169 4449/4751/169
f 235/235/169 236/236/169 4449/4751/169 4451/4753/169
f 4452/4754/169 4451/4753/169 4449/4751/169 4450/4752/169
f 4453/4755/3902 243/243/203 246/246/206 4454/4756/3903
f 3809/4111/3352 242/242/202 243/243/203 4453/4755/3902
f 3811/4113/3354 3809/4111/3352 4453/4755/3902 4455/4757/3904
f 4455/4757/3904 4453/4755/3902 4454/4756/3903 4456/4758/3905
f 4457/4759/169 248/248/169 251/251/169 4458/4760/169
f 247/247/207 233/233/201 248/248/169 4457/4759/169
f 246/246/206 247/247/207 4457/4759/169 4459/4761/169
f 4459/4761/169 4457/4759/169 4458/4760/169 266/266/169
f 4460/4762/169 4451/4753/169 4452/4754/169 4461/4763/169
f 4446/4748/169 235/235/169 4451/4753/169 4460/4762/169
f 253/253/169 4446/4748/169 4460/4762/169 252/252/169
f 252/252/169 4460/4762/169 4461/4763/169 251/251/169
f 4462/4764/169 257/257/169 254/254/169 4463/4765/169
f 4450/4752/169 259/259/169 257/257/169 4462/4764/169
f 4464/4766/169 4452/4754/169 4450/4752/169 4462/4764/169
f 4464/4766/169 4462/4764/169 4463/4765/169 272/272/169
f 4465/4767/169 159/159/159 160/160/160 263/263/169
f 255/255/169 158/158/158 159/159/159 4465/4767/169
f 254/254/169 255/255/169 4465/4767/169 4466/4768/169
f 4466/4768/169 4465/4767/169 263/263/169 260/260/169
f 4467/4769/3906 4455/4757/3904 4456/4758/3905 4468/4770/3907
f 3817/4119/3360 3811/4113/3354 4455/4757/3904 4467/4769/3906
f 3819/4121/3362 3817/4119/3360 4467/4769/3906 4469/4771/3908
f 4469/4771/3908 4467/4769/3906 4468/4770/3907 4470/4772/3909
f 4459/4761/169 266/266/169 4472/4774/169 4471/4773/169
f 246/246/206 4459/4761/169 4471/4773/169 4454/4756/3903
f 4456/4758/3905 4454/4756/3903 4471/4773/169 4473/4775/169
f 4471/4773/169 4472/4774/169 4474/4776/169 4473/4775/169
f 4475/4777/169 4464/4766/169 272/272/169 269/269/169
f 4461/4763/169 4452/4754/169 4464/4766/169 4475/4777/169
f 251/251/169 4461/4763/169 4475/4777/169 4458/4760/169
f 4458/4760/169 4475/4777/169 269/269/169 266/266/169
f 4476/4778/169 4466/4768/169 260/260/169 275/275/169
f 4463/4765/169 254/254/169 4466/4768/169 4476/4778/169
f 272/272/169 4463/4765/169 4476/4778/169 271/271/169
f 271/271/169 4476/4778/169 275/275/169 270/270/169
f 4477/4779/3900 4469/4771/3908 4470/4772/3909 4478/4780/3910
f 3825/4127/3368 3819/4121/3362 4469/4771/3908 4477/4779/3900
f 3827/4129/3370 3825/4127/3368 4477/4779/3900 4479/4781/3911
f 4479/4781/3911 4477/4779/3900 4478/4780/3910 4480/4782/3912
f 4481/4783/169 4473/4775/169 4474/4776/169 4482/4784/169
f 4468/4770/3907 4456/4758/3905 4473/4775/169 4481/4783/169
f 4470/4772/3909 4468/4770/3907 4481/4783/169 4483/4785/169
f 4483/4785/169 4481/4783/169 4482/4784/169 4484/4786/169
f 267/267/169 270/270/169 4486/4788/169 4485/4787/169
f 266/266/169 267/267/169 4485/4787/169 4472/4774/169
f 4472/4774/169 4485/4787/169 4487/4789/169 4474/4776/169
f 4485/4787/169 4486/4788/169 4488/4790/169 4487/4789/169
f 261/261/169 264/264/208 4313/4615/3849 4489/4791/169
f 277/277/169 260/260/169 261/261/169 4489/4791/169
f 276/276/169 277/277/169 4489/4791/169 4490/4792/169
f 4489/4791/169 4313/4615/3849 4311/4613/3847 4490/4792/169
f 4491/4793/3913 4479/4781/3911 4480/4782/3912 4492/4794/3914
f 3833/4135/3376 3827/4129/3370 4479/4781/3911 4491/4793/3913
f 3835/4137/3378 3833/4135/3376 4491/4793/3913 4493/4795/3915
f 4493/4795/3915 4491/4793/3913 4492/4794/3914 4494/4796/3916
f 4495/4797/169 4483/4785/169 4484/4786/169 4496/4798/169
f 4478/4780/3910 4470/4772/3909 4483/4785/169 4495/4797/169
f 4480/4782/3912 4478/4780/3910 4495/4797/169 4497/4799/169
f 4497/4799/169 4495/4797/169 4496/4798/169 4498/4800/169
f 273/273/169 276/276/169 4500/4802/169 4499/4801/169
f 270/270/169 273/273/169 4499/4801/169 4486/4788/169
f 4486/4788/169 4499/4801/169 4501/4803/169 4488/4790/169
f 4499/4801/169 4500/4802/169 4502/4804/169 4501/4803/169
f 4503/4805/169 4487/4789/169 4488/4790/169 4504/4806/169
f 4482/4784/169 4474/4776/169 4487/4789/169 4503/4805/169
f 4484/4786/169 4482/4784/169 4503/4805/169 4505/4807/169
f 4505/4807/169 4503/4805/169 4504/4806/169 4506/4808/169
f 4507/4809/169 4490/4792/169 4311/4613/3847 4309/4611/3845
f 4500/4802/169 276/276/169 4490/4792/169 4507/4809/169
f 4502/4804/169 4500/4802/169 4507/4809/169 4508/4810/169
f 4508/4810/169 4507/4809/169 4309/4611/3845 4307/4609/3816
f 4509/4811/3917 4493/4795/3915 4494/4796/3916 4510/4812/3918
f 3841/4143/3384 3835/4137/3378 4493/4795/3915 4509/4811/3917
f 3843/4145/3386 3841/4143/3384 4509/4811/3917 4511/4813/3919
f 4511/4813/3919 4509/4811/3917 4510/4812/3918 4512/4814/3920
f 4513/4815/169 4497/4799/169 4498/4800/169 4514/4816/169
f 4492/4794/3914 4480/4782/3912 4497/4799/169 4513/4815/169
f 4494/4796/3916 4492/4794/3914 4513/4815/169 4515/4817/169
f 4515/4817/169 4513/4815/169 4514/4816/169 4516/4818/169
f 4501/4803/169 4502/4804/169 4518/4820/169 4517/4819/169
f 4488/4790/169 4501/4803/169 4517/4819/169 4504/4806/169
f 4506/4808/169 4504/4806/169 4517/4819/169 4519/4821/169
f 4519/4821/169 4517/4819/169 4518/4820/169 4520/4822/169
f 4521/4823/169 4505/4807/169 4506/4808/169 4522/4824/169
f 4496/4798/169 4484/4786/169 4505/4807/169 4521/4823/169
f 4498/4800/169 4496/4798/169 4521/4823/169 4523/4825/169
f 4523/4825/169 4521/4823/169 4522/4824/169 4524/4826/169
f 4508/4810/169 4307/4609/3816 4305/4607/3842 4525/4827/169
f 4502/4804/169 4508/4810/169 4525/4827/169 4518/4820/169
f 4518/4820/169 4525/4827/169 4526/4828/169 4520/4822/169
f 4525/4827/169 4305/4607/3842 4303/4605/3840 4526/4828/169
f 4527/4829/3921 4511/4813/3919 4512/4814/3920 4528/4830/3922
f 3849/4151/3392 3843/4145/3386 4511/4813/3919 4527/4829/3921
f 3851/4153/3394 3849/4151/3392 4527/4829/3921 4529/4831/3923
f 4529/4831/3923 4527/4829/3921 4528/4830/3922 4530/4832/3924
f 4531/4833/169 4515/4817/169 4516/4818/169 4532/4834/169
f 4510/4812/3918 4494/4796/3916 4515/4817/169 4531/4833/169
f 4512/4814/3920 4510/4812/3918 4531/4833/169 4533/4835/169
f 4533/4835/169 4531/4833/169 4532/4834/169 4534/4836/169
f 4535/4837/169 4519/4821/169 4520/4822/169 4536/4838/169
f 4522/4824/169 4506/4808/169 4519/4821/169 4535/4837/169
f 4524/4826/169 4522/4824/169 4535/4837/169 4537/4839/169
f 4537/4839/169 4535/4837/169 4536/4838/169 4538/4840/169
f 4539/4841/169 4523/4825/169 4524/4826/169 4540/4842/169
f 4514/4816/169 4498/4800/169 4523/4825/169 4539/4841/169
f 4516/4818/169 4514/4816/169 4539/4841/169 4541/4843/169
f 4541/4843/169 4539/4841/169 4540/4842/169 4542/4844/169
f 4543/4845/169 4526/4828/169 4303/4605/3840 4301/4603/3838
f 4536/4838/169 4520/4822/169 4526/4828/169 4543/4845/169
f 4538/4840/169 4536/4838/169 4543/4845/169 4544/4846/169
f 4544/4846/169 4543/4845/169 4301/4603/3838 4299/4601/3831
f 4545/4847/3925 4529/4831/3923 4530/4832/3924 4546/4848/3926
f 3857/4159/3400 3851/4153/3394 4529/4831/3923 4545/4847/3925
f 3857/4159/3400 4545/4847/3925 4547/4849/3927 3859/4161/3402
f 4545/4847/3925 4546/4848/3926 4548/4850/3928 4547/4849/3927
f 4549/4851/169 4533/4835/169 4534/4836/169 4550/4852/169
f 4528/4830/3922 4512/4814/3920 4533/4835/169 4549/4851/169
f 4528/4830/3922 4549/4851/169 4551/4853/169 4530/4832/3924
f 4549/4851/169 4550/4852/169 4552/4854/169 4551/4853/169
f 4553/4855/169 4537/4839/169 4538/4840/169 4554/4856/169
f 4540/4842/169 4524/4826/169 4537/4839/169 4553/4855/169
f 4542/4844/169 4540/4842/169 4553/4855/169 4555/4857/169
f 4555/4857/169 4553/4855/169 4554/4856/169 4556/4858/169
f 4557/4859/169 4541/4843/169 4542/4844/169 4558/4860/169
f 4532/4834/169 4516/4818/169 4541/4843/169 4557/4859/169
f 4534/4836/169 4532/4834/169 4557/4859/169 4559/4861/169
f 4559/4861/169 4557/4859/169 4558/4860/169 4560/4862/169
f 4561/4863/169 4544/4846/169 4299/4601/3831 4297/4599/3835
f 4554/4856/169 4538/4840/169 4544/4846/169 4561/4863/169
f 4556/4858/169 4554/4856/169 4561/4863/169 4562/4864/169
f 4562/4864/169 4561/4863/169 4297/4599/3835 4295/4597/3833
f 4547/4849/3927 4548/4850/3928 4564/4866/3930 4563/4865/3929
f 3859/4161/3402 4547/4849/3927 4563/4865/3929 3865/4167/3408
f 3865/4167/3408 4563/4865/3929 4565/4867/3931 3867/4169/3410
f 4563/4865/3929 4564/4866/3930 4566/4868/3932 4565/4867/3931
f 4551/4853/169 4552/4854/169 4568/4870/169 4567/4869/169
f 4530/4832/3924 4551/4853/169 4567/4869/169 4546/4848/3926
f 4546/4848/3926 4567/4869/169 4569/4871/169 4548/4850/3928
f 4567/4869/169 4568/4870/169 4570/4872/169 4569/4871/169
f 4571/4873/169 4555/4857/169 4556/4858/169 4572/4874/169
f 4558/4860/169 4542/4844/169 4555/4857/169 4571/4873/169
f 4560/4862/169 4558/4860/169 4571/4873/169 4573/4875/169
f 4573/4875/169 4571/4873/169 4572/4874/169 4574/4876/169
f 4575/4877/169 4559/4861/169 4560/4862/169 4576/4878/169
f 4550/4852/169 4534/4836/169 4559/4861/169 4575/4877/169
f 4550/4852/169 4575/4877/169 4577/4879/169 4552/4854/169
f 4575/4877/169 4576/4878/169 4578/4880/169 4577/4879/169
f 4579/4881/169 4562/4864/169 4295/4597/3833 4293/4595/3831
f 4572/4874/169 4556/4858/169 4562/4864/169 4579/4881/169
f 4574/4876/169 4572/4874/169 4579/4881/169 4580/4882/169
f 4580/4882/169 4579/4881/169 4293/4595/3831 4291/4593/3829
f 4565/4867/3931 4566/4868/3932 4582/4884/3934 4581/4883/3933
f 3867/4169/3410 4565/4867/3931 4581/4883/3933 3873/4175/3416
f 3873/4175/3416 4581/4883/3933 3883/4185/3426 90/90/90
f 4581/4883/3933 4582/4884/3934 106/106/106 3883/4185/3426
f 4569/4871/169 4570/4872/169 4584/4886/169 4583/4885/169
f 4548/4850/3928 4569/4871/169 4583/4885/169 4564/4866/3930
f 4564/4866/3930 4583/4885/169 4585/4887/169 4566/4868/3932
f 4583/4885/169 4584/4886/169 4586/4888/169 4585/4887/169
f 4587/4889/169 4573/4875/169 4574/4876/169 4588/4890/169
f 4576/4878/169 4560/4862/169 4573/4875/169 4587/4889/169
f 4578/4880/169 4576/4878/169 4587/4889/169 4589/4891/169
f 4589/4891/169 4587/4889/169 4588/4890/169 4590/4892/169
f 4577/4879/169 4578/4880/169 4592/4894/169 4591/4893/169
f 4552/4854/169 4577/4879/169 4591/4893/169 4568/4870/169
f 4568/4870/169 4591/4893/169 4593/4895/169 4570/4872/169
f 4591/4893/169 4592/4894/169 4594/4896/169 4593/4895/169
f 4595/4897/169 4580/4882/169 4291/4593/3829 4289/4591/3827
f 4588/4890/169 4574/4876/169 4580/4882/169 4595/4897/169
f 4590/4892/169 4588/4890/169 4595/4897/169 4596/4898/169
f 4596/4898/169 4595/4897/169 4289/4591/3827 4287/4589/3825
f 4585/4887/169 4586/4888/169 4598/4900/169 4597/4899/169
f 4582/4884/3934 4566/4868/3932 4585/4887/169 4597/4899/169
f 106/106/106 4582/4884/3934 4597/4899/169 4599/4901/169
f 4597/4899/169 4598/4900/169 4600/4902/169 4599/4901/169
f 4589/4891/169 4590/4892/169 4602/4904/169 4601/4903/169
f 4578/4880/169 4589/4891/169 4601/4903/169 4592/4894/169
f 4592/4894/169 4601/4903/169 4603/4905/169 4594/4896/169
f 4601/4903/169 4602/4904/169 4604/4906/169 4603/4905/169
f 4593/4895/169 4594/4896/169 4606/4908/169 4605/4907/169
f 4570/4872/169 4593/4895/169 4605/4907/169 4584/4886/169
f 4584/4886/169 4605/4907/169 4607/4909/169 4586/4888/169
f 4605/4907/169 4606/4908/169 4608/4910/169 4607/4909/169
f 4596/4898/169 4287/4589/3825 4285/4587/3823 4609/4911/169
f 4590/4892/169 4596/4898/169 4609/4911/169 4602/4904/169
f 4609/4911/169 4610/4912/169 4604/4906/169 4602/4904/169
f 4609/4911/169 4285/4587/3823 4283/4585/3821 4610/4912/169
f 4611/4913/169 4599/4901/169 4600/4902/169 4612/4914/169
f 106/106/106 4599/4901/169 4611/4913/169 105/105/105
f 105/105/105 4611/4913/169 4613/4915/169 104/104/104
f 4613/4915/169 4611/4913/169 4612/4914/169 4614/4916/169
f 4603/4905/169 4604/4906/169 4616/4918/169 4615/4917/169
f 4594/4896/169 4603/4905/169 4615/4917/169 4606/4908/169
f 4606/4908/169 4615/4917/169 4617/4919/169 4608/4910/169
f 4615/4917/169 4616/4918/169 4618/4920/169 4617/4919/169
f 4607/4909/169 4608/4910/169 4620/4922/169 4619/4921/169
f 4586/4888/169 4607/4909/169 4619/4921/169 4598/4900/169
f 4598/4900/169 4619/4921/169 4621/4923/169 4600/4902/169
f 4619/4921/169 4620/4922/169 4622/4924/169 4621/4923/169
f 4610/4912/169 4283/4585/3821 4281/4583/3656 4623/4925/169
f 4604/4906/169 4610/4912/169 4623/4925/169 4616/4918/169
f 4616/4918/169 4623/4925/169 4624/4926/169 4618/4920/169
f 4623/4925/169 4281/4583/3656 4279/4581/3818 4624/4926/169
f 4613/4915/169 4614/4916/169 4626/4928/169 4625/4927/169
f 104/104/104 4613/4915/169 4625/4927/169 3909/4211/3452
f 3909/4211/3452 4625/4927/169 4627/4929/169 3898/4200/3441
f 4625/4927/169 4626/4928/169 4628/4930/169 4627/4929/169
f 4617/4919/169 4618/4920/169 4630/4932/169 4629/4931/169
f 4608/4910/169 4617/4919/169 4629/4931/169 4620/4922/169
f 4620/4922/169 4629/4931/169 4631/4933/169 4622/4924/169
f 4629/4931/169 4630/4932/169 4632/4934/169 4631/4933/169
f 4621/4923/169 4622/4924/169 4634/4936/169 4633/4935/169
f 4600/4902/169 4621/4923/169 4633/4935/169 4612/4914/169
f 4612/4914/169 4633/4935/169 4635/4937/169 4614/4916/169
f 4633/4935/169 4634/4936/169 4636/4938/169 4635/4937/169
f 4624/4926/169 4279/4581/3818 4277/4579/3816 4637/4939/169
f 4618/4920/169 4624/4926/169 4637/4939/169 4630/4932/169
f 4630/4932/169 4637/4939/169 4638/4940/169 4632/4934/169
f 4637/4939/169 4277/4579/3816 4275/4577/3814 4638/4940/169
f 4631/4933/169 4632/4934/169 4640/4942/169 4639/4941/169
f 4622/4924/169 4631/4933/169 4639/4941/169 4634/4936/169
f 4634/4936/169 4639/4941/169 4641/4943/169 4636/4938/169
f 4639/4941/169 4640/4942/169 4642/4944/169 4641/4943/169
f 4638/4940/169 4275/4577/3814 4273/4575/3812 4643/4945/169
f 4632/4934/169 4638/4940/169 4643/4945/169 4640/4942/169
f 4640/4942/169 4643/4945/169 4644/4946/169 4642/4944/169
f 4643/4945/169 4273/4575/3812 4271/4573/3810 4644/4946/169
f 4635/4937/169 4636/4938/169 4646/4948/169 4645/4947/169
f 4614/4916/169 4635/4937/169 4645/4947/169 4626/4928/169
f 4626/4928/169 4645/4947/169 4647/4949/169 4628/4930/169
f 4645/4947/169 4646/4948/169 4648/4950/169 4647/4949/169
f 4641/4943/169 4642/4944/169 4650/4952/169 4649/4951/169
f 4646/4948/169 4636/4938/169 4641/4943/169 4649/4951/169
f 4648/4950/169 4646/4948/169 4649/4951/169 4651/4953/169
f 4649/4951/169 4650/4952/169 4652/4954/169 4651/4953/169
f 4644/4946/169 4271/4573/3810 4269/4571/3808 4653/4955/169
f 4642/4944/169 4644/4946/169 4653/4955/169 4650/4952/169
f 4650/4952/169 4653/4955/169 4654/4956/169 4652/4954/169
f 4653/4955/169 4269/4571/3808 4267/4569/3806 4654/4956/169
f 4657/4959/169 4656/4958/169 4655/4957/169 4658/4960/169
f 4627/4929/169 4628/4930/169 4656/4958/169 4657/4959/169
f 3898/4200/3441 4627/4929/169 4657/4959/169 4659/4961/169
f 4659/4961/169 4657/4959/169 4658/4960/169 4660/4962/169
f 4663/4965/169 4662/4964/169 4661/4963/169 4664/4966/169
f 4647/4949/169 4648/4950/169 4662/4964/169 4663/4965/169
f 4628/4930/169 4647/4949/169 4663/4965/169 4656/4958/169
f 4656/4958/169 4663/4965/169 4664/4966/169 4655/4957/169
f 4667/4969/169 4666/4968/169 4665/4967/169 4668/4970/169
f 4651/4953/169 4652/4954/169 4666/4968/169 4667/4969/169
f 4648/4950/169 4651/4953/169 4667/4969/169 4662/4964/169
f 4662/4964/169 4667/4969/169 4668/4970/169 4661/4963/169
f 4671/4973/169 4670/4972/169 4669/4971/169 4672/4974/169
f 4654/4956/169 4267/4569/3806 4670/4972/169 4671/4973/169
f 4652/4954/169 4654/4956/169 4671/4973/169 4666/4968/169
f 4666/4968/169 4671/4973/169 4672/4974/169 4665/4967/169
f 4673/4975/169 4659/4961/169 4660/4962/169 4674/4976/169
f 3901/4203/3444 3898/4200/3441 4659/4961/169 4673/4975/169
f 3903/4205/3446 3901/4203/3444 4673/4975/169 4675/4977/169
f 4675/4977/169 4673/4975/169 4674/4976/169 4676/4978/169
f 4670/4972/169 4267/4569/3806 4265/4567/3804 4677/4979/169
f 4670/4972/169 4677/4979/169 4678/4980/169 4669/4971/169
f 4677/4979/169 4680/4982/169 4679/4981/169 4678/4980/169
f 4677/4979/169 4265/4567/3804 4263/4565/3802 4680/4982/169
f 4681/4983/169 4675/4977/169 4676/4978/169 4682/4984/169
f 3919/4221/3462 3903/4205/3446 4675/4977/169 4681/4983/169
f 3921/4223/3464 3919/4221/3462 4681/4983/169 4683/4985/169
f 4683/4985/169 4681/4983/169 4682/4984/169 4684/4986/169
f 4263/4565/3802 4261/4563/3800 4685/4987/169 4680/4982/169
f 4680/4982/169 4685/4987/169 4686/4988/169 4679/4981/169
f 4685/4987/169 4688/4990/169 4687/4989/169 4686/4988/169
f 4261/4563/3800 4259/4561/3798 4688/4990/169 4685/4987/169
f 4689/4991/169 4683/4985/169 4684/4986/169 4690/4992/169
f 3929/4231/3472 3921/4223/3464 4683/4985/169 4689/4991/169
f 3931/4233/3474 3929/4231/3472 4689/4991/169 4691/4993/169
f 4691/4993/169 4689/4991/169 4690/4992/169 4692/4994/169
f 4259/4561/3798 4257/4559/3796 4693/4995/169 4688/4990/169
f 4688/4990/169 4693/4995/169 4694/4996/169 4687/4989/169
f 4693/4995/169 4696/4998/169 4695/4997/169 4694/4996/169
f 4257/4559/3796 4255/4557/3794 4696/4998/169 4693/4995/169
f 4697/4999/169 4691/4993/169 4692/4994/169 4698/5000/169
f 3933/4235/3476 3931/4233/3474 4691/4993/169 4697/4999/169
f 3935/4237/3478 3933/4235/3476 4697/4999/169 4699/5001/169
f 4699/5001/169 4697/4999/169 4698/5000/169 4700/5002/169
f 4696/4998/169 4255/4557/3794 4253/4555/3792 4701/5003/169
f 4695/4997/169 4696/4998/169 4701/5003/169 4702/5004/169
f 4702/5004/169 4701/5003/169 4704/5006/169 4703/5005/169
f 4701/5003/169 4253/4555/3792 4251/4553/3790 4704/5006/169
f 4705/5007/169 4699/5001/169 4700/5002/169 4706/5008/169
f 3935/4237/3478 4699/5001/169 4705/5007/169 3937/4239/3480
f 3939/4241/3482 3937/4239/3480 4705/5007/169 4707/5009/169
f 4707/5009/169 4705/5007/169 4706/5008/169 4708/5010/169
f 4251/4553/3790 4249/4551/3788 4709/5011/169 4704/5006/169
f 4704/5006/169 4709/5011/169 4710/5012/169 4703/5005/169
f 4709/5011/169 4712/5014/169 4711/5013/169 4710/5012/169
f 4249/4551/3788 4247/4549/3786 4712/5014/169 4709/5011/169
f 4713/5015/169 4707/5009/169 4708/5010/169 4714/5016/169
f 3941/4243/3484 3939/4241/3482 4707/5009/169 4713/5015/169
f 3943/4245/3486 3941/4243/3484 4713/5015/169 4715/5017/169
f 4715/5017/169 4713/5015/169 4714/5016/169 4716/5018/169
f 4712/5014/169 4247/4549/3786 4245/4547/3784 4717/5019/169
f 4711/5013/169 4712/5014/169 4717/5019/169 4718/5020/169
f 4718/5020/169 4717/5019/169 4720/5022/169 4719/5021/169
f 4717/5019/169 4245/4547/3784 4243/4545/3782 4720/5022/169
f 4715/5017/169 4716/5018/169 4722/5024/169 4721/5023/169
f 3943/4245/3486 4715/5017/169 4721/5023/169 3945/4247/3488
f 3945/4247/3488 4721/5023/169 281/281/169 113/113/113
f 4721/5023/169 4722/5024/169 280/280/169 281/281/169
f 4720/5022/169 4243/4545/3782 4241/4543/3780 4723/5025/169
f 4719/5021/169 4720/5022/169 4723/5025/169 4724/5026/169
f 4724/5026/169 4723/5025/169 4726/5028/169 4725/5027/169
f 4723/5025/169 4241/4543/3780 4239/4541/3778 4726/5028/169
f 4726/5028/169 4239/4541/3778 4237/4539/3776 4727/5029/169
f 4725/5027/169 4726/5028/169 4727/5029/169 4728/5030/169
f 4728/5030/169 4727/5029/169 4730/5032/169 4729/5031/169
f 4727/5029/169 4237/4539/3776 4235/4537/3774 4730/5032/169
f 4731/5033/169 712/712/169 709/709/169 4732/5034/169
f 278/278/169 280/280/169 712/712/169 4731/5033/169
f 111/111/111 278/278/169 4731/5033/169 3947/4249/3490
f 3947/4249/3490 4731/5033/169 4732/5034/169 3949/4251/3492
f 4730/5032/169 4235/4537/3774 4233/4535/3772 4733/5035/169
f 4729/5031/169 4730/5032/169 4733/5035/169 4734/5036/169
f 4734/5036/169 4733/5035/169 4736/5038/169 4735/5037/169
f 4733/5035/169 4233/4535/3772 4231/4533/3770 4736/5038/169
f 4739/5041/169 4738/5040/169 4737/5039/169 4740/5042/169
f 4732/5034/169 709/709/169 4738/5040/169 4739/5041/169
f 3949/4251/3492 4732/5034/169 4739/5041/169 3951/4253/3494
f 3951/4253/3494 4739/5041/169 4740/5042/169 3953/4255/111
f 4736/5038/169 4231/4533/3770 4229/4531/3768 4741/5043/169
f 4735/5037/169 4736/5038/169 4741/5043/169 4742/5044/169
f 4742/5044/169 4741/5043/169 4744/5046/169 4743/5045/169
f 4741/5043/169 4229/4531/3768 4227/4529/3766 4744/5046/169
f 4746/5048/169 4745/5047/169 288/288/169 285/285/169
f 4740/5042/169 4737/5039/169 4745/5047/169 4746/5048/169
f 4740/5042/169 4746/5048/169 3955/4257/3497 3953/4255/111
f 4746/5048/169 285/285/169 282/282/210 3955/4257/3497
f 4744/5046/169 4227/4529/3766 4225/4527/3764 4747/5049/169
f 4743/5045/169 4744/5046/169 4747/5049/169 4748/5050/169
f 4748/5050/169 4747/5049/169 4750/5052/169 4749/5051/169
f 4747/5049/169 4225/4527/3764 4223/4525/3762 4750/5052/169
f 283/283/169 286/286/211 4752/5054/3935 4751/5053/211
f 282/282/210 283/283/169 4751/5053/211 3958/4260/3500
f 3958/4260/3500 4751/5053/211 4753/5055/3935 3960/4262/3502
f 4751/5053/211 4752/5054/3935 4754/5056/3935 4753/5055/3935
f 4750/5052/169 4223/4525/3762 4221/4523/3760 4755/5057/169
f 4749/5051/169 4750/5052/169 4755/5057/169 4756/5058/169
f 4756/5058/169 4755/5057/169 4757/5059/169 675/675/169
f 4755/5057/169 4221/4523/3760 4219/4521/3758 4757/5059/169
f 4753/5055/3935 4754/5056/3935 4759/5061/3936 4758/5060/3935
f 3960/4262/3502 4753/5055/3935 4758/5060/3935 3962/4264/3504
f 3962/4264/3504 4758/5060/3935 4760/5062/3937 3964/4266/3506
f 4758/5060/3935 4759/5061/3936 4761/5063/3937 4760/5062/3937
f 4757/5059/169 4219/4521/3758 4217/4519/3756 4762/5064/169
f 675/675/169 4757/5059/169 4762/5064/169 4763/5065/169
f 4763/5065/169 4762/5064/169 289/289/169 292/292/169
f 4762/5064/169 4217/4519/3756 151/151/151 289/289/169
f 4760/5062/3937 4761/5063/3937 4765/5067/3939 4764/5066/3938
f 3964/4266/3506 4760/5062/3937 4764/5066/3938 3966/4268/3508
f 3966/4268/3508 4764/5066/3938 300/300/217 301/301/218
f 4764/5066/3938 4765/5067/3939 299/299/216 300/300/217
f 291/291/169 151/151/151 152/152/152 4766/5068/169
f 291/291/169 4766/5068/169 4767/5069/169 294/294/169
f 4767/5069/169 4766/5068/169 4769/5071/169 4768/5070/169
f 4766/5068/169 152/152/152 153/153/153 4769/5071/169
f 153/153/153 4215/4517/3754 4770/5072/169 4769/5071/169
f 4769/5071/169 4770/5072/169 4771/5073/169 4768/5070/169
f 4770/5072/169 4773/5075/169 4772/5074/169 4771/5073/169
f 4215/4517/3754 4213/4515/3752 4773/5075/169 4770/5072/169
f 4775/5077/364 4774/5076/3940 658/658/364 4776/5078/3941
f 296/296/213 299/299/216 4774/5076/3940 4775/5077/364
f 295/295/212 296/296/213 4775/5077/364 3971/4273/3513
f 3971/4273/3513 4775/5077/364 4776/5078/3941 3973/4275/3515
f 4213/4515/3752 4211/4513/3750 4777/5079/169 4773/5075/169
f 4773/5075/169 4777/5079/169 4778/5080/169 4772/5074/169
f 4777/5079/169 4779/5081/169 623/623/169 4778/5080/169
f 4211/4513/3750 4209/4511/3748 4779/5081/169 4777/5079/169
f 4780/5082/3942 655/655/357 652/652/361 4781/5083/3943
f 4776/5078/3941 658/658/364 655/655/357 4780/5082/3942
f 3973/4275/3515 4776/5078/3941 4780/5082/3942 3975/4277/3517
f 3975/4277/3517 4780/5082/3942 4781/5083/3943 3977/4279/3519
f 4209/4511/3748 4207/4509/3746 4782/5084/169 4779/5081/169
f 4782/5084/169 626/626/169 623/623/169 4779/5081/169
f 4783/5085/169 617/617/169 626/626/169 4782/5084/169
f 4207/4509/3746 4205/4507/3744 4783/5085/169 4782/5084/169
f 4786/5088/3946 4785/5087/3945 4784/5086/3944 4787/5089/3947
f 4781/5083/3943 652/652/361 4785/5087/3945 4786/5088/3946
f 3977/4279/3519 4781/5083/3943 4786/5088/3946 3979/4281/3521
f 3979/4281/3521 4786/5088/3946 4787/5089/3947 3981/4283/3523
f 4203/4505/3742 4788/5090/169 4783/5085/169 4205/4507/3744
f 617/617/169 4783/5085/169 4788/5090/169 4789/5091/169
f 4789/5091/169 4788/5090/169 4790/5092/169 588/588/169
f 4201/4503/3740 4790/5092/169 4788/5090/169 4203/4505/3742
f 4793/5095/3950 4792/5094/3949 4791/5093/3948 4794/5096/3951
f 4787/5089/3947 4784/5086/3944 4792/5094/3949 4793/5095/3950
f 3981/4283/3523 4787/5089/3947 4793/5095/3950 3983/4285/3525
f 3983/4285/3525 4793/5095/3950 4794/5096/3951 3985/4287/3527
f 4790/5092/169 4201/4503/3740 4199/4501/3738 4795/5097/169
f 588/588/169 4790/5092/169 4795/5097/169 591/591/169
f 591/591/169 4795/5097/169 4796/5098/211 582/582/285
f 4795/5097/169 4199/4501/3738 4197/4499/3736 4796/5098/211
f 4799/5101/3953 4798/5100/3948 4797/5099/3952 4800/5102/3954
f 4794/5096/3951 4791/5093/3948 4798/5100/3948 4799/5101/3953
f 3985/4287/3527 4794/5096/3951 4799/5101/3953 3987/4289/3529
f 3987/4289/3529 4799/5101/3953 4800/5102/3954 3989/4291/3531
f 4796/5098/211 4197/4499/3736 4195/4497/3734 4801/5103/3955
f 582/582/285 4796/5098/211 4801/5103/3955 4802/5104/281
f 4802/5104/281 4801/5103/3955 4803/5105/3956 568/568/336
f 4801/5103/3955 4195/4497/3734 4193/4495/3732 4803/5105/3956
f 4806/5108/3959 4805/5107/3958 4804/5106/3957 4807/5109/3960
f 4800/5102/3954 4797/5099/3952 4805/5107/3958 4806/5108/3959
f 3989/4291/3531 4800/5102/3954 4806/5108/3959 3991/4293/3533
f 3991/4293/3533 4806/5108/3959 4807/5109/3960 3993/4295/3535
f 4803/5105/3956 4193/4495/3732 4191/4493/3730 4808/5110/323
f 568/568/336 4803/5105/3956 4808/5110/323 571/571/330
f 571/571/330 4808/5110/323 4809/5111/3961 560/560/329
f 4809/5111/3961 4808/5110/323 4191/4493/3730 4189/4491/3728
f 4812/5114/3964 4811/5113/3963 4810/5112/3962 4813/5115/3965
f 4807/5109/3960 4804/5106/3957 4811/5113/3963 4812/5114/3964
f 3993/4295/3535 4807/5109/3960 4812/5114/3964 3995/4297/3537
f 3995/4297/3537 4812/5114/3964 4813/5115/3965 3997/4299/3539
f 4809/5111/3961 4189/4491/3728 4187/4489/3726 4814/5116/3966
f 560/560/329 4809/5111/3961 4814/5116/3966 4815/5117/3967
f 4815/5117/3967 4814/5116/3966 4817/5119/3969 4816/5118/3968
f 4814/5116/3966 4187/4489/3726 4185/4487/3724 4817/5119/3969
f 4820/5122/3972 4819/5121/3971 4818/5120/3970 4821/5123/3973
f 4813/5115/3965 4810/5112/3962 4819/5121/3971 4820/5122/3972
f 3997/4299/3539 4813/5115/3965 4820/5122/3972 3999/4301/3541
f 3999/4301/3541 4820/5122/3972 4821/5123/3973 4001/4303/3543
f 4817/5119/3969 4185/4487/3724 4183/4485/3722 4822/5124/3974
f 4816/5118/3968 4817/5119/3969 4822/5124/3974 4823/5125/3975
f 4823/5125/3975 4822/5124/3974 4825/5127/3977 4824/5126/3976
f 4822/5124/3974 4183/4485/3722 4181/4483/3720 4825/5127/3977
f 4828/5130/3980 4827/5129/3979 4826/5128/3978 4829/5131/3981
f 4828/5130/3980 4821/5123/3973 4818/5120/3970 4827/5129/3979
f 4001/4303/3543 4821/5123/3973 4828/5130/3980 4003/4305/3545
f 4005/4307/3547 4003/4305/3545 4828/5130/3980 4829/5131/3981
f 4179/4481/3718 4830/5132/3982 4825/5127/3977 4181/4483/3720
f 4824/5126/3976 4825/5127/3977 4830/5132/3982 4831/5133/3983
f 4831/5133/3983 4830/5132/3982 4833/5135/3985 4832/5134/3984
f 4177/4479/3716 4833/5135/3985 4830/5132/3982 4179/4481/3718
f 4836/5138/3988 4835/5137/3987 4834/5136/3986 4837/5139/3978
f 4829/5131/3981 4826/5128/3978 4835/5137/3987 4836/5138/3988
f 4007/4309/3549 4005/4307/3547 4829/5131/3981 4836/5138/3988
f 4007/4309/3549 4836/5138/3988 4837/5139/3978 118/118/118
f 4175/4477/3714 4838/5140/3989 4833/5135/3985 4177/4479/3716
f 4832/5134/3984 4833/5135/3985 4838/5140/3989 4839/5141/3990
f 4839/5141/3990 4838/5140/3989 302/302/219 304/304/221
f 144/144/144 302/302/219 4838/5140/3989 4175/4477/3714
f 4842/5144/3986 4841/5143/3992 4840/5142/3991 4843/5145/3993
f 4837/5139/3978 4834/5136/3986 4841/5143/3992 4842/5144/3986
f 118/118/118 4837/5139/3978 4842/5144/3986 124/124/124
f 124/124/124 4842/5144/3986 4843/5145/3993 123/123/123
f 4846/5148/3996 4845/5147/3995 4844/5146/3994 4847/5149/3997
f 4843/5145/3993 4840/5142/3991 4845/5147/3995 4846/5148/3996
f 123/123/123 4843/5145/3993 4846/5148/3996 132/132/132
f 132/132/132 4846/5148/3996 4847/5149/3997 131/131/131
f 305/305/222 146/146/146 4173/4475/3712 4848/5150/3998
f 304/304/221 305/305/222 4848/5150/3998 509/509/297
f 509/509/297 4848/5150/3998 4849/5151/3999 512/512/300
f 4848/5150/3998 4173/4475/3712 4171/4473/3710 4849/5151/3999
f 4851/5153/314 4850/5152/4000 4853/5155/4002 4852/5154/4001
f 4844/5146/3994 4851/5153/314 4852/5154/4001 4847/5149/3997
f 4847/5149/3997 4852/5154/4001 4009/4311/3551 131/131/131
f 4852/5154/4001 4853/5155/4002 4011/4313/3553 4009/4311/3551
f 4849/5151/3999 4171/4473/3710 4169/4471/3708 4854/5156/4003
f 512/512/300 4849/5151/3999 4854/5156/4003 4855/5157/4004
f 4855/5157/4004 4854/5156/4003 4857/5159/4006 4856/5158/4005
f 4854/5156/4003 4169/4471/3708 4167/4469/3706 4857/5159/4006
f 4859/5161/4008 4858/5160/4007 4861/5163/4008 4860/5162/4002
f 4850/5152/4000 4859/5161/4008 4860/5162/4002 4853/5155/4002
f 4853/5155/4002 4860/5162/4002 4013/4315/3555 4011/4313/3553
f 4860/5162/4002 4861/5163/4008 4015/4317/3557 4013/4315/3555
f 4857/5159/4006 4167/4469/3706 4165/4467/3704 4862/5164/3722
f 4856/5158/4005 4857/5159/4006 4862/5164/3722 4863/5165/4009
f 4863/5165/4009 4862/5164/3722 4865/5167/4011 4864/5166/4010
f 4862/5164/3722 4165/4467/3704 4163/4465/3702 4865/5167/4011
f 4866/5168/225 312/312/225 309/309/225 4867/5169/225
f 4858/5160/4007 4866/5168/225 4867/5169/225 4861/5163/4008
f 4861/5163/4008 4867/5169/225 4017/4319/3559 4015/4317/3557
f 4867/5169/225 309/309/225 306/306/223 4017/4319/3559
f 4865/5167/4011 4163/4465/3702 4161/4463/3700 4868/5170/4012
f 4864/5166/4010 4865/5167/4011 4868/5170/4012 4869/5171/4013
f 4869/5171/4013 4868/5170/4012 4871/5173/4015 4870/5172/4014
f 4868/5170/4012 4161/4463/3700 4159/4461/3698 4871/5173/4015
f 310/310/226 4873/5175/226 4872/5174/226 307/307/224
f 307/307/224 4872/5174/226 4020/4322/3562 306/306/223
f 4872/5174/226 4874/5176/256 4022/4324/3564 4020/4322/3562
f 4873/5175/226 4875/5177/256 4874/5176/256 4872/5174/226
f 4159/4461/3698 4157/4459/3696 4876/5178/4016 4871/5173/4015
f 4871/5173/4015 4876/5178/4016 4877/5179/4017 4870/5172/4014
f 4876/5178/4016 4879/5181/4019 4878/5180/4018 4877/5179/4017
f 4157/4459/3696 4155/4457/3694 4879/5181/4019 4876/5178/4016
f 4875/5177/256 4881/5183/169 4880/5182/211 4874/5176/256
f 4874/5176/256 4880/5182/211 4024/4326/3566 4022/4324/3564
f 4880/5182/211 4882/5184/169 4026/4328/3568 4024/4326/3566
f 4881/5183/169 474/474/169 4882/5184/169 4880/5182/211
f 4155/4457/3694 4153/4455/3692 4883/5185/4020 4879/5181/4019
f 4878/5180/4018 4879/5181/4019 4883/5185/4020 4884/5186/4021
f 4884/5186/4021 4883/5185/4020 4886/5188/4023 4885/5187/4022
f 4153/4455/3692 4151/4453/3690 4886/5188/4023 4883/5185/4020
f 474/474/169 4888/5190/169 4887/5189/169 4882/5184/169
f 4882/5184/169 4887/5189/169 4028/4330/3570 4026/4328/3568
f 4887/5189/169 4889/5191/169 4030/4332/3572 4028/4330/3570
f 4888/5190/169 4890/5192/169 4889/5191/169 4887/5189/169
f 4886/5188/4023 4151/4453/3690 4149/4451/3688 4891/5193/4024
f 4885/5187/4022 4886/5188/4023 4891/5193/4024 4892/5194/4025
f 4892/5194/4025 4891/5193/4024 4894/5196/4027 4893/5195/4026
f 4891/5193/4024 4149/4451/3688 4147/4449/3686 4894/5196/4027
f 4890/5192/169 4896/5198/169 4895/5197/169 4889/5191/169
f 4889/5191/169 4895/5197/169 4032/4334/3574 4030/4332/3572
f 4895/5197/169 4897/5199/169 4034/4336/3574 4032/4334/3574
f 4896/5198/169 4898/5200/169 4897/5199/169 4895/5197/169
f 4147/4449/3686 4145/4447/3684 4899/5201/4028 4894/5196/4027
f 4893/5195/4026 4894/5196/4027 4899/5201/4028 4900/5202/4029
f 4900/5202/4029 4899/5201/4028 4902/5204/4031 4901/5203/4030
f 4145/4447/3684 4143/4445/3682 4902/5204/4031 4899/5201/4028
f 4898/5200/169 4904/5206/169 4903/5205/169 4897/5199/169
f 4897/5199/169 4903/5205/169 4036/4338/3577 4034/4336/3574
f 4903/5205/169 4905/5207/169 4038/4340/3579 4036/4338/3577
f 4906/5208/169 4905/5207/169 4903/5205/169 4904/5206/169
f 4902/5204/4031 4143/4445/3682 4141/4443/3680 4907/5209/4032
f 4901/5203/4030 4902/5204/4031 4907/5209/4032 4908/5210/4033
f 4908/5210/4033 4907/5209/4032 4910/5212/4035 4909/5211/4034
f 4907/5209/4032 4141/4443/3680 4139/4441/3678 4910/5212/4035
f 4906/5208/169 4912/5214/169 4911/5213/169 4905/5207/169
f 4905/5207/169 4911/5213/169 4040/4342/3581 4038/4340/3579
f 4911/5213/169 4913/5215/169 4042/4344/3583 4040/4342/3581
f 4912/5214/169 4914/5216/169 4913/5215/169 4911/5213/169
f 4910/5212/4035 4139/4441/3678 4137/4439/3676 4915/5217/332
f 4909/5211/4034 4910/5212/4035 4915/5217/332 4916/5218/4036
f 4916/5218/4036 4915/5217/332 4918/5220/329 4917/5219/4037
f 4915/5217/332 4137/4439/3676 4135/4437/3674 4918/5220/329
f 4913/5215/169 4914/5216/169 4920/5222/169 4919/5221/169
f 4042/4344/3583 4913/5215/169 4919/5221/169 4044/4346/3585
f 4044/4346/3585 4919/5221/169 4921/5223/169 4046/4348/3587
f 4919/5221/169 4920/5222/169 4922/5224/169 4921/5223/169
f 4918/5220/329 4135/4437/3674 4133/4435/3672 4923/5225/4038
f 4917/5219/4037 4918/5220/329 4923/5225/4038 4924/5226/4037
f 4924/5226/4037 4923/5225/4038 4926/5228/4039 4925/5227/305
f 4923/5225/4038 4133/4435/3672 4131/4433/3670 4926/5228/4039
f 4921/5223/169 4922/5224/169 4928/5230/169 4927/5229/211
f 4046/4348/3587 4921/5223/169 4927/5229/211 4048/4350/3589
f 4048/4350/3589 4927/5229/211 4929/5231/256 4050/4352/3589
f 4927/5229/211 4928/5230/169 4930/5232/256 4929/5231/256
f 4926/5228/4039 4131/4433/3670 4129/4431/3668 4931/5233/4040
f 4925/5227/305 4926/5228/4039 4931/5233/4040 4932/5234/4041
f 4932/5234/4041 4931/5233/4040 314/314/227 317/317/230
f 4931/5233/4040 4129/4431/3668 313/313/137 314/314/227
f 4929/5231/256 4930/5232/256 4934/5236/256 4933/5235/226
f 4050/4352/3589 4929/5231/256 4933/5235/226 4052/4354/3589
f 4052/4354/3589 4933/5235/226 4935/5237/226 4054/4356/3593
f 4933/5235/226 4934/5236/256 4936/5238/226 4935/5237/226
f 316/316/229 313/313/137 4126/4428/3665 4937/5239/4042
f 319/319/232 316/316/229 4937/5239/4042 411/411/270
f 411/411/270 4937/5239/4042 4938/5240/4043 401/401/263
f 4937/5239/4042 4126/4428/3665 4124/4426/3663 4938/5240/4043
f 4935/5237/226 4936/5238/226 4940/5242/226 4939/5241/224
f 4054/4356/3593 4935/5237/226 4939/5241/224 4056/4358/3595
f 4056/4358/3595 4939/5241/224 4941/5243/224 4058/4360/3597
f 4939/5241/224 4940/5242/226 4942/5244/226 4941/5243/224
f 4938/5240/4043 4124/4426/3663 4122/4424/3661 4943/5245/4044
f 401/401/263 4938/5240/4043 4943/5245/4044 404/404/265
f 404/404/265 4943/5245/4044 321/321/234 324/324/237
f 4943/5245/4044 4122/4424/3661 320/320/233 321/321/234
f 4942/5244/226 4945/5247/224 4944/5246/290 4941/5243/224
f 4941/5243/224 4944/5246/290 4060/4362/3599 4058/4360/3597
f 4944/5246/290 4946/5248/4045 4062/4364/3601 4060/4362/3599
f 4945/5247/224 4947/5249/4046 4946/5248/4045 4944/5246/290
f 4947/5249/4046 4949/5251/4048 4948/5250/4047 4946/5248/4045
f 4946/5248/4045 4948/5250/4047 4064/4366/3603 4062/4364/3601
f 4948/5250/4047 4950/5252/4049 4066/4368/3605 4064/4366/3603
f 4949/5251/4048 4951/5253/4050 4950/5252/4049 4948/5250/4047
f 4952/5254/4051 325/325/238 326/326/239 4117/4419/3656
f 4953/5255/4052 324/324/237 325/325/238 4952/5254/4051
f 381/381/249 4953/5255/4052 4952/5254/4051 4954/5256/4053
f 4954/5256/4053 4952/5254/4051 4117/4419/3656 4115/4417/3654
f 4951/5253/4050 4956/5258/4055 4955/5257/4054 4950/5252/4049
f 4950/5252/4049 4955/5257/4054 4068/4370/3607 4066/4368/3605
f 4955/5257/4054 4957/5259/4056 4070/4372/3609 4068/4370/3607
f 4956/5258/4055 4958/5260/4055 4957/5259/4056 4955/5257/4054
f 4959/5261/4057 4954/5256/4053 4115/4417/3654 4113/4415/3652
f 384/384/252 381/381/249 4954/5256/4053 4959/5261/4057
f 387/387/255 384/384/252 4959/5261/4057 4960/5262/4058
f 4960/5262/4058 4959/5261/4057 4113/4415/3652 4111/4413/3650
f 4958/5260/4055 4962/5264/4055 4961/5263/284 4957/5259/4056
f 4957/5259/4056 4961/5263/284 4072/4374/3611 4070/4372/3609
f 4961/5263/284 4963/5265/245 4074/4376/3613 4072/4374/3611
f 4962/5264/4055 4964/5266/4059 4963/5265/245 4961/5263/284
f 4965/5267/4060 4960/5262/4058 4111/4413/3650 4109/4411/3648
f 4966/5268/4061 387/387/255 4960/5262/4058 4965/5267/4060
f 4967/5269/4062 4966/5268/4061 4965/5267/4060 4968/5270/4063
f 4968/5270/4063 4965/5267/4060 4109/4411/3648 4107/4409/3646
f 4964/5266/4059 4970/5272/241 4969/5271/4059 4963/5265/245
f 4963/5265/245 4969/5271/4059 4076/4378/3615 4074/4376/3613
f 4969/5271/4059 330/330/241 139/139/139 4076/4378/3615
f 4970/5272/241 329/329/240 330/330/241 4969/5271/4059
f 4971/5273/4064 4968/5270/4063 4107/4409/3646 4105/4407/3644
f 4972/5274/4065 4967/5269/4062 4968/5270/4063 4971/5273/4064
f 4973/5275/4066 4972/5274/4065 4971/5273/4064 4974/5276/4067
f 4974/5276/4067 4971/5273/4064 4105/4407/3644 4103/4405/3642
f 4975/5277/4068 4974/5276/4067 4103/4405/3642 4101/4403/3640
f 4976/5278/4069 4973/5275/4066 4974/5276/4067 4975/5277/4068
f 4977/5279/245 4976/5278/4069 4975/5277/4068 4978/5280/4070
f 4978/5280/4070 4975/5277/4068 4101/4403/3640 4099/4401/3638
f 338/338/211 4980/5282/169 4979/5281/211 341/341/240
f 4979/5281/211 327/327/240 329/329/240 341/341/240
f 327/327/240 4979/5281/211 4078/4380/3617 137/137/137
f 4980/5282/169 4080/4382/3619 4078/4380/3617 4979/5281/211
f 4981/5283/244 4978/5280/4070 4099/4401/3638 4097/4399/3636
f 4982/5284/247 4977/5279/245 4978/5280/4070 4981/5283/244
f 4983/5285/240 4982/5284/247 4981/5283/244 4984/5286/240
f 4984/5286/240 4981/5283/244 4097/4399/3636 4095/4397/3634
f 4985/5287/169 4988/5290/169 4987/5289/169 4986/5288/169
f 4986/5288/169 4987/5289/169 4980/5282/169 338/338/211
f 4987/5289/169 4082/4384/3621 4080/4382/3619 4980/5282/169
f 4988/5290/169 4084/4386/3623 4082/4384/3621 4987/5289/169
f 4984/5286/240 4095/4397/3634 4093/4395/3632 4989/5291/169
f 4983/5285/240 4984/5286/240 4989/5291/169 4990/5292/169
f 4990/5292/169 4989/5291/169 332/332/169 335/335/169
f 4989/5291/169 4093/4395/3632 331/331/242 332/332/169
f 4991/5293/169 4994/5296/169 4993/5295/169 4992/5294/169
f 4992/5294/169 4993/5295/169 4988/5290/169 4985/5287/169
f 4993/5295/169 4086/4388/3625 4084/4386/3623 4988/5290/169
f 4994/5296/169 4088/4390/3627 4086/4388/3625 4993/5295/169
f 4995/5297/169 334/334/169 331/331/242 4090/4392/3629
f 4996/5298/169 337/337/169 334/334/169 4995/5297/169
f 4996/5298/169 4995/5297/169 4994/5296/169 4991/5293/169
f 4995/5297/169 4090/4392/3629 4088/4390/3627 4994/5296/169
f 4998/5300/169 4997/5299/169 4985/5287/169 4986/5288/169
f 4999/5301/169 350/350/169 4997/5299/169 4998/5300/169
f 342/342/211 4999/5301/169 4998/5300/169 339/339/211
f 339/339/211 4998/5300/169 4986/5288/169 338/338/211
f 5001/5303/169 5000/5302/169 4991/5293/169 4992/5294/169
f 351/351/169 354/354/169 5000/5302/169 5001/5303/169
f 350/350/169 351/351/169 5001/5303/169 4997/5299/169
f 4997/5299/169 5001/5303/169 4992/5294/169 4985/5287/169
f 5003/5305/169 5002/5304/169 337/337/169 4996/5298/169
f 360/360/169 357/357/169 5002/5304/169 5003/5305/169
f 354/354/169 360/360/169 5003/5305/169 5000/5302/169
f 5000/5302/169 5003/5305/169 4996/5298/169 4991/5293/169
f 5004/5306/169 346/346/169 335/335/169 336/336/169
f 361/361/169 349/349/169 346/346/169 5004/5306/169
f 357/357/169 361/361/169 5004/5306/169 5002/5304/169
f 5002/5304/169 5004/5306/169 336/336/169 337/337/169
f 5006/5308/169 5005/5307/169 344/344/169 347/347/169
f 5005/5307/169 4990/5292/169 335/335/169 344/344/169
f 5007/5309/211 4983/5285/240 4990/5292/169 5005/5307/169
f 5008/5310/211 5007/5309/211 5005/5307/169 5006/5308/169
f 5009/5311/240 343/343/240 329/329/240 4970/5272/241
f 5010/5312/240 342/342/211 343/343/240 5009/5311/240
f 5011/5313/240 5010/5312/240 5009/5311/240 5012/5314/241
f 5012/5314/241 5009/5311/240 4970/5272/241 4964/5266/4059
f 365/365/169 5014/5316/169 5013/5315/169 364/364/169
f 364/364/169 5013/5315/169 348/348/169 349/349/169
f 5013/5315/169 5015/5317/169 347/347/169 348/348/169
f 5014/5316/169 5016/5318/169 5015/5317/169 5013/5315/169
f 5017/5319/169 5020/5322/169 5019/5321/169 5018/5320/169
f 5018/5320/169 5019/5321/169 4999/5301/169 342/342/211
f 5019/5321/169 367/367/169 350/350/169 4999/5301/169
f 5020/5322/169 369/369/169 367/367/169 5019/5321/169
f 5022/5324/211 5021/5323/211 5010/5312/240 5011/5313/240
f 5021/5323/211 5018/5320/169 342/342/211 5010/5312/240
f 5023/5325/169 5017/5319/169 5018/5320/169 5021/5323/211
f 5024/5326/169 5023/5325/169 5021/5323/211 5022/5324/211
f 5008/5310/211 5026/5328/240 5025/5327/240 5007/5309/211
f 5007/5309/211 5025/5327/240 4982/5284/247 4983/5285/240
f 5025/5327/240 5027/5329/244 4977/5279/245 4982/5284/247
f 5026/5328/240 5028/5330/240 5027/5329/244 5025/5327/240
f 5028/5330/240 5030/5332/247 5029/5331/245 5027/5329/244
f 5027/5329/244 5029/5331/245 4976/5278/4069 4977/5279/245
f 5029/5331/245 5031/5333/4070 4973/5275/4066 4976/5278/4069
f 5030/5332/247 376/376/244 5031/5333/4070 5029/5331/245
f 5015/5317/169 5032/5334/169 5006/5308/169 347/347/169
f 5032/5334/169 5033/5335/169 5008/5310/211 5006/5308/169
f 5035/5337/169 5034/5336/169 5033/5335/169 5032/5334/169
f 5016/5318/169 5035/5337/169 5032/5334/169 5015/5317/169
f 5034/5336/169 5037/5339/169 5036/5338/211 5033/5335/169
f 5033/5335/169 5036/5338/211 5026/5328/240 5008/5310/211
f 5036/5338/211 5038/5340/240 5028/5330/240 5026/5328/240
f 5037/5339/169 5039/5341/169 5038/5340/240 5036/5338/211
f 5041/5343/169 5040/5342/169 5043/5345/169 5042/5344/169
f 356/356/169 5041/5343/169 5042/5344/169 358/358/169
f 358/358/169 5042/5344/169 363/363/169 357/357/169
f 5042/5344/169 5043/5345/169 365/365/169 363/363/169
f 5044/5346/169 5041/5343/169 356/356/169 368/368/169
f 5044/5346/169 5045/5347/169 5040/5342/169 5041/5343/169
f 5047/5349/169 5046/5348/169 5045/5347/169 5044/5346/169
f 5047/5349/169 5044/5346/169 368/368/169 369/369/169
f 5045/5347/169 5046/5348/169 5049/5351/169 5048/5350/169
f 5045/5347/169 5048/5350/169 5043/5345/169 5040/5342/169
f 5048/5350/169 5014/5316/169 365/365/169 5043/5345/169
f 5048/5350/169 5049/5351/169 5016/5318/169 5014/5316/169
f 5023/5325/169 5050/5352/169 5020/5322/169 5017/5319/169
f 5050/5352/169 5047/5349/169 369/369/169 5020/5322/169
f 5051/5353/169 5046/5348/169 5047/5349/169 5050/5352/169
f 5024/5326/169 5051/5353/169 5050/5352/169 5023/5325/169
f 5049/5351/169 5046/5348/169 5053/5355/169 5052/5354/169
f 5049/5351/169 5052/5354/169 5035/5337/169 5016/5318/169
f 5052/5354/169 5037/5339/169 5034/5336/169 5035/5337/169
f 5052/5354/169 5053/5355/169 5039/5341/169 5037/5339/169
f 5054/5356/211 5022/5324/211 5011/5313/240 5055/5357/240
f 5056/5358/169 5024/5326/169 5022/5324/211 5054/5356/211
f 5057/5359/211 5056/5358/169 5054/5356/211 5058/5360/240
f 5058/5360/240 5054/5356/211 5055/5357/240 5059/5361/241
f 5061/5363/211 5060/5362/169 5056/5358/169 5057/5359/211
f 5060/5362/169 5051/5353/169 5024/5326/169 5056/5358/169
f 5062/5364/169 5046/5348/169 5051/5353/169 5060/5362/169
f 5063/5365/169 5062/5364/169 5060/5362/169 5061/5363/211
f 5064/5366/211 374/374/240 375/375/247 5065/5367/240
f 5039/5341/169 5064/5366/211 5065/5367/240 5038/5340/240
f 5038/5340/240 5065/5367/240 5030/5332/247 5028/5330/240
f 5065/5367/240 375/375/247 376/376/244 5030/5332/247
f 5053/5355/169 5046/5348/169 5067/5369/240 5066/5368/211
f 5053/5355/169 5066/5368/211 5064/5366/211 5039/5341/169
f 5066/5368/211 380/380/240 374/374/240 5064/5366/211
f 5066/5368/211 5067/5369/240 379/379/211 380/380/240
f 5068/5370/241 5012/5314/241 4964/5266/4059 4962/5264/4055
f 5055/5357/240 5011/5313/240 5012/5314/241 5068/5370/241
f 5055/5357/240 5068/5370/241 5069/5371/4059 5059/5361/241
f 5069/5371/4059 5068/5370/241 4962/5264/4055 4958/5260/4055
f 5070/5372/4059 5069/5371/4059 4958/5260/4055 4956/5258/4055
f 5071/5373/241 5059/5361/241 5069/5371/4059 5070/5372/4059
f 5072/5374/240 5071/5373/241 5070/5372/4059 5073/5375/4071
f 5073/5375/4071 5070/5372/4059 4956/5258/4055 4951/5253/4050
f 5075/5377/211 5074/5376/240 5071/5373/241 5072/5374/240
f 5074/5376/240 5058/5360/240 5059/5361/241 5071/5373/241
f 5061/5363/211 5057/5359/211 5058/5360/240 5074/5376/240
f 5063/5365/169 5061/5363/211 5074/5376/240 5075/5377/211
f 376/376/244 373/373/246 5076/5378/4066 5031/5333/4070
f 5031/5333/4070 5076/5378/4066 4972/5274/4065 4973/5275/4066
f 5076/5378/4066 5077/5379/253 4967/5269/4062 4972/5274/4065
f 373/373/246 370/370/243 5077/5379/253 5076/5378/4066
f 370/370/243 5079/5381/4073 5078/5380/4072 5077/5379/253
f 5077/5379/253 5078/5380/4072 4966/5268/4061 4967/5269/4062
f 5078/5380/4072 386/386/254 387/387/255 4966/5268/4061
f 5079/5381/4073 385/385/253 386/386/254 5078/5380/4072
f 5067/5369/240 5046/5348/169 5081/5383/240 5080/5382/240
f 5067/5369/240 5080/5382/240 5082/5384/211 379/379/211
f 5080/5382/240 5084/5386/244 5083/5385/247 5082/5384/211
f 5080/5382/240 5081/5383/240 5085/5387/248 5084/5386/244
f 5082/5384/211 5083/5385/247 5087/5389/246 5086/5388/248
f 379/379/211 5082/5384/211 5086/5388/248 377/377/248
f 377/377/248 5086/5388/248 5079/5381/4073 370/370/243
f 5086/5388/248 5087/5389/246 385/385/253 5079/5381/4073
f 5090/5392/169 5089/5391/169 5088/5390/211 394/394/211
f 5089/5391/169 5062/5364/169 5063/5365/169 5088/5390/211
f 5091/5393/169 5046/5348/169 5062/5364/169 5089/5391/169
f 5092/5394/169 5091/5393/169 5089/5391/169 5090/5392/169
f 5075/5377/211 5072/5374/240 5094/5396/4074 5093/5395/211
f 5088/5390/211 5063/5365/169 5075/5377/211 5093/5395/211
f 394/394/211 5088/5390/211 5093/5395/211 393/393/211
f 5093/5395/211 5094/5396/4074 392/392/256 393/393/211
f 5095/5397/4074 5073/5375/4071 4951/5253/4050 4949/5251/4048
f 5094/5396/4074 5072/5374/240 5073/5375/4071 5095/5397/4074
f 392/392/256 5094/5396/4074 5095/5397/4074 5096/5398/4046
f 5096/5398/4046 5095/5397/4074 4949/5251/4048 4947/5249/4046
f 5097/5399/226 5096/5398/4046 4947/5249/4046 4945/5247/224
f 389/389/256 392/392/256 5096/5398/4046 5097/5399/226
f 388/388/256 389/389/256 5097/5399/226 5098/5400/226
f 5098/5400/226 5097/5399/226 4945/5247/224 4942/5244/226
f 5083/5385/247 5084/5386/244 5099/5401/4069 5087/5389/246
f 5087/5389/246 5099/5401/4069 5100/5402/4075 385/385/253
f 5099/5401/4069 5101/5403/243 400/400/262 5100/5402/4075
f 5084/5386/244 5085/5387/248 5101/5403/243 5099/5401/4069
f 400/400/262 397/397/259 5102/5404/4076 5100/5402/4075
f 5100/5402/4075 5102/5404/4076 382/382/250 385/385/253
f 5102/5404/4076 4953/5255/4052 381/381/249 382/382/250
f 397/397/259 324/324/237 4953/5255/4052 5102/5404/4076
f 5104/5406/3955 5103/5405/287 5106/5408/246 5105/5407/283
f 5085/5387/248 5104/5406/3955 5105/5407/283 5101/5403/243
f 5101/5403/243 5105/5407/283 399/399/261 400/400/262
f 5105/5407/283 5106/5408/246 398/398/260 399/399/261
f 5046/5348/169 5108/5410/211 5107/5409/240 5081/5383/240
f 5081/5383/240 5107/5409/240 5104/5406/3955 5085/5387/248
f 5107/5409/240 5109/5411/245 5103/5405/287 5104/5406/3955
f 5108/5410/211 5110/5412/248 5109/5411/245 5107/5409/240
f 5103/5405/287 5109/5411/245 5111/5413/4077 5106/5408/246
f 5106/5408/246 5111/5413/4077 408/408/260 398/398/260
f 5112/5414/287 407/407/267 408/408/260 5111/5413/4077
f 5110/5412/248 5112/5414/287 5111/5413/4077 5109/5411/245
f 412/412/211 5113/5415/169 391/391/211 388/388/256
f 5113/5415/169 5090/5392/169 394/394/211 391/391/211
f 5114/5416/169 5092/5394/169 5090/5392/169 5113/5415/169
f 415/415/169 5114/5416/169 5113/5415/169 412/412/211
f 4940/5242/226 5115/5417/256 5098/5400/226 4942/5244/226
f 5115/5417/256 414/414/256 388/388/256 5098/5400/226
f 5116/5418/256 417/417/211 414/414/256 5115/5417/256
f 4936/5238/226 5116/5418/256 5115/5417/256 4940/5242/226
f 5118/5420/169 5117/5419/169 5114/5416/169 415/415/169
f 5117/5419/169 5091/5393/169 5092/5394/169 5114/5416/169
f 5119/5421/169 5046/5348/169 5091/5393/169 5117/5419/169
f 5120/5422/169 5119/5421/169 5117/5419/169 5118/5420/169
f 4934/5236/256 5121/5423/256 5116/5418/256 4936/5238/226
f 5121/5423/256 419/419/169 417/417/211 5116/5418/256
f 5122/5424/211 418/418/169 419/419/169 5121/5423/256
f 4930/5232/256 5122/5424/211 5121/5423/256 4934/5236/256
f 430/430/273 5124/5426/4079 5123/5425/4078 433/433/276
f 5124/5426/4079 409/409/268 407/407/267 5123/5425/4078
f 5124/5426/4079 318/318/231 319/319/232 409/409/268
f 430/430/273 317/317/230 318/318/231 5124/5426/4079
f 5125/5427/283 5128/5430/4081 5127/5429/289 5126/5428/4080
f 5126/5428/4080 5127/5429/289 5112/5414/287 5110/5412/248
f 5127/5429/289 5123/5425/4078 407/407/267 5112/5414/287
f 5128/5430/4081 433/433/276 5123/5425/4078 5127/5429/289
f 5046/5348/169 5130/5432/169 5129/5431/169 5108/5410/211
f 5108/5410/211 5129/5431/169 5126/5428/4080 5110/5412/248
f 5129/5431/169 5131/5433/244 5125/5427/283 5126/5428/4080
f 5130/5432/169 5132/5434/285 5131/5433/244 5129/5431/169
f 422/422/169 5133/5435/169 421/421/169 418/418/169
f 5133/5435/169 5118/5420/169 415/415/169 421/421/169
f 5134/5436/169 5120/5422/169 5118/5420/169 5133/5435/169
f 425/425/169 5134/5436/169 5133/5435/169 422/422/169
f 5136/5438/169 5135/5437/169 5134/5436/169 425/425/169
f 5135/5437/169 5119/5421/169 5120/5422/169 5134/5436/169
f 5137/5439/169 5046/5348/169 5119/5421/169 5135/5437/169
f 5138/5440/169 5137/5439/169 5135/5437/169 5136/5438/169
f 4928/5230/169 5139/5441/169 5122/5424/211 4930/5232/256
f 5139/5441/169 424/424/169 418/418/169 5122/5424/211
f 5140/5442/169 427/427/169 424/424/169 5139/5441/169
f 4922/5224/169 5140/5442/169 5139/5441/169 4928/5230/169
f 5131/5433/244 5141/5443/4070 5128/5430/4081 5125/5427/283
f 5141/5443/4070 432/432/275 433/433/276 5128/5430/4081
f 5142/5444/4082 431/431/274 432/432/275 5141/5443/4070
f 5132/5434/285 5142/5444/4082 5141/5443/4070 5131/5433/244
f 5144/5446/4084 5143/5445/4083 428/428/271 431/431/274
f 5143/5445/4083 4932/5234/4041 317/317/230 428/428/271
f 5145/5447/4085 4925/5227/305 4932/5234/4041 5143/5445/4083
f 444/444/280 5145/5447/4085 5143/5445/4083 5144/5446/4084
f 4920/5222/169 5146/5448/169 5140/5442/169 4922/5224/169
f 5146/5448/169 435/435/169 427/427/169 5140/5442/169
f 5147/5449/169 434/434/169 435/435/169 5146/5448/169
f 4914/5216/169 5147/5449/169 5146/5448/169 4920/5222/169
f 442/442/281 443/443/282 5149/5451/4087 5148/5450/4086
f 5148/5450/4086 5149/5451/4087 5142/5444/4082 5132/5434/285
f 5149/5451/4087 5144/5446/4084 431/431/274 5142/5444/4082
f 443/443/282 444/444/280 5144/5446/4084 5149/5451/4087
f 5151/5453/169 5150/5452/169 5130/5432/169 5046/5348/169
f 5150/5452/169 5148/5450/4086 5132/5434/285 5130/5432/169
f 5150/5452/169 458/458/248 442/442/281 5148/5450/4086
f 5151/5453/169 457/457/285 458/458/248 5150/5452/169
f 441/441/280 5152/5454/4083 5145/5447/4085 444/444/280
f 5152/5454/4083 4924/5226/4037 4925/5227/305 5145/5447/4085
f 5153/5455/4088 4917/5219/4037 4924/5226/4037 5152/5454/4083
f 438/438/277 5153/5455/4088 5152/5454/4083 441/441/280
f 5155/5457/336 5154/5456/4089 5153/5455/4088 438/438/277
f 5154/5456/4089 4916/5218/4036 4917/5219/4037 5153/5455/4088
f 5156/5458/308 4909/5211/4034 4916/5218/4036 5154/5456/4089
f 469/469/277 5156/5458/308 5154/5456/4089 5155/5457/336
f 445/445/169 5157/5459/169 437/437/169 434/434/169
f 5157/5459/169 5136/5438/169 425/425/169 437/437/169
f 5158/5460/169 5138/5440/169 5136/5438/169 5157/5459/169
f 448/448/169 5158/5460/169 5157/5459/169 445/445/169
f 5159/5461/169 5147/5449/169 4914/5216/169 4912/5214/169
f 447/447/169 434/434/169 5147/5449/169 5159/5461/169
f 450/450/169 447/447/169 5159/5461/169 5160/5462/169
f 5160/5462/169 5159/5461/169 4912/5214/169 4906/5208/169
f 461/461/169 5161/5463/169 5158/5460/169 448/448/169
f 5161/5463/169 5137/5439/169 5138/5440/169 5158/5460/169
f 5162/5464/169 5046/5348/169 5137/5439/169 5161/5463/169
f 462/462/169 5162/5464/169 5161/5463/169 461/461/169
f 5163/5465/169 5160/5462/169 4906/5208/169 4904/5206/169
f 452/452/169 450/450/169 5160/5462/169 5163/5465/169
f 451/451/169 452/452/169 5163/5465/169 5164/5466/169
f 5164/5466/169 5163/5465/169 4904/5206/169 4898/5200/169
f 466/466/288 5165/5467/4090 5156/5458/308 469/469/277
f 4908/5210/4033 4909/5211/4034 5156/5458/308 5165/5467/4090
f 4901/5203/4030 4908/5210/4033 5165/5467/4090 5166/5468/276
f 463/463/286 5166/5468/276 5165/5467/4090 466/466/288
f 468/468/289 5168/5470/4087 5167/5469/4086 467/467/283
f 5168/5470/4087 455/455/283 457/457/285 5167/5469/4086
f 5155/5457/336 438/438/277 455/455/283 5168/5470/4087
f 469/469/277 5155/5457/336 5168/5470/4087 468/468/289
f 5170/5472/211 5169/5471/169 5151/5453/169 5046/5348/169
f 5167/5469/4086 457/457/285 5151/5453/169 5169/5471/169
f 5169/5471/169 473/473/241 467/467/283 5167/5469/4086
f 5170/5472/211 472/472/285 473/473/241 5169/5471/169
f 5174/5476/169 5173/5475/169 5172/5474/169 5171/5473/169
f 5173/5475/169 5162/5464/169 462/462/169 5172/5474/169
f 5175/5477/169 5046/5348/169 5162/5464/169 5173/5475/169
f 5176/5478/169 5175/5477/169 5173/5475/169 5174/5476/169
f 5177/5479/169 460/460/169 451/451/169 5178/5480/169
f 5172/5474/169 462/462/169 460/460/169 5177/5479/169
f 5171/5473/169 5172/5474/169 5177/5479/169 5179/5481/169
f 5179/5481/169 5177/5479/169 5178/5480/169 5180/5482/169
f 5181/5483/169 5164/5466/169 4898/5200/169 4896/5198/169
f 5178/5480/169 451/451/169 5164/5466/169 5181/5483/169
f 5180/5482/169 5178/5480/169 5181/5483/169 5182/5484/169
f 5182/5484/169 5181/5483/169 4896/5198/169 4890/5192/169
f 5183/5485/4091 5166/5468/276 463/463/286 5184/5486/4092
f 4900/5202/4029 4901/5203/4030 5166/5468/276 5183/5485/4091
f 4893/5195/4026 4900/5202/4029 5183/5485/4091 5185/5487/4093
f 5185/5487/4093 5183/5485/4091 5184/5486/4092 5186/5488/4094
f 5187/5489/169 5182/5484/169 4890/5192/169 4888/5190/169
f 5188/5490/169 5180/5482/169 5182/5484/169 5187/5489/169
f 478/478/169 5188/5490/169 5187/5489/169 475/475/169
f 475/475/169 5187/5489/169 4888/5190/169 474/474/169
f 5190/5492/169 5189/5491/169 5188/5490/169 478/478/169
f 5189/5491/169 5179/5481/169 5180/5482/169 5188/5490/169
f 5189/5491/169 5174/5476/169 5171/5473/169 5179/5481/169
f 5190/5492/169 5176/5478/169 5174/5476/169 5189/5491/169
f 5194/5496/4095 5193/5495/4082 5192/5494/3955 5191/5493/244
f 5193/5495/4082 470/470/247 472/472/285 5192/5494/3955
f 5184/5486/4092 463/463/286 470/470/247 5193/5495/4082
f 5186/5488/4094 5184/5486/4092 5193/5495/4082 5194/5496/4095
f 5196/5498/241 5195/5497/240 5170/5472/211 5046/5348/169
f 5192/5494/3955 472/472/285 5170/5472/211 5195/5497/240
f 5197/5499/4096 5191/5493/244 5192/5494/3955 5195/5497/240
f 5198/5500/4059 5197/5499/4096 5195/5497/240 5196/5498/241
f 5200/5502/4098 5199/5501/4097 5185/5487/4093 5186/5488/4094
f 5185/5487/4093 5199/5501/4097 4892/5194/4025 4893/5195/4026
f 5199/5501/4097 5201/5503/4099 4885/5187/4022 4892/5194/4025
f 5202/5504/4100 5201/5503/4099 5199/5501/4097 5200/5502/4098
f 5197/5499/4096 5203/5505/4101 5194/5496/4095 5191/5493/244
f 5203/5505/4101 5200/5502/4098 5186/5488/4094 5194/5496/4095
f 5204/5506/4102 5202/5504/4100 5200/5502/4098 5203/5505/4101
f 5198/5500/4059 5204/5506/4102 5203/5505/4101 5197/5499/4096
f 5205/5507/4103 5201/5503/4099 5202/5504/4100 5206/5508/4104
f 4884/5186/4021 4885/5187/4022 5201/5503/4099 5205/5507/4103
f 4878/5180/4018 4884/5186/4021 5205/5507/4103 5207/5509/4105
f 5207/5509/4105 5205/5507/4103 5206/5508/4104 5208/5510/4106
f 5209/5511/211 477/477/169 474/474/169 4881/5183/169
f 482/482/211 480/480/211 477/477/169 5209/5511/211
f 481/481/256 482/482/211 5209/5511/211 5210/5512/256
f 5210/5512/256 5209/5511/211 4881/5183/169 4875/5177/256
f 5211/5513/169 5190/5492/169 478/478/169 479/479/169
f 5212/5514/169 5176/5478/169 5190/5492/169 5211/5513/169
f 486/486/169 5212/5514/169 5211/5513/169 485/485/211
f 485/485/211 5211/5513/169 479/479/169 480/480/211
f 5214/5516/169 5213/5515/169 5212/5514/169 486/486/169
f 5213/5515/169 5175/5477/169 5176/5478/169 5212/5514/169
f 5215/5517/256 5046/5348/169 5175/5477/169 5213/5515/169
f 5216/5518/256 5215/5517/256 5213/5515/169 5214/5516/169
f 5217/5519/226 5210/5512/256 4875/5177/256 4873/5175/226
f 489/489/226 481/481/256 5210/5512/256 5217/5519/226
f 492/492/224 489/489/226 5217/5519/226 5218/5520/226
f 5218/5520/226 5217/5519/226 4873/5175/226 310/310/226
f 5220/5522/4108 5219/5521/4107 5207/5509/4105 5208/5510/4106
f 5219/5521/4107 4877/5179/4017 4878/5180/4018 5207/5509/4105
f 5221/5523/4109 4870/5172/4014 4877/5179/4017 5219/5521/4107
f 5222/5524/4110 5221/5523/4109 5219/5521/4107 5220/5522/4108
f 5226/5528/4112 5225/5527/4111 5224/5526/283 5223/5525/4077
f 5225/5527/4111 5204/5506/4102 5198/5500/4059 5224/5526/283
f 5206/5508/4104 5202/5504/4100 5204/5506/4102 5225/5527/4111
f 5208/5510/4106 5206/5508/4104 5225/5527/4111 5226/5528/4112
f 5228/5530/4059 5227/5529/4059 5196/5498/241 5046/5348/169
f 5224/5526/283 5198/5500/4059 5196/5498/241 5227/5529/4059
f 5229/5531/4113 5223/5525/4077 5224/5526/283 5227/5529/4059
f 5230/5532/4070 5229/5531/4113 5227/5529/4059 5228/5530/4059
f 487/487/256 5231/5533/256 484/484/256 481/481/256
f 5231/5533/256 5214/5516/169 486/486/169 484/484/256
f 5232/5534/256 5216/5518/256 5214/5516/169 5231/5533/256
f 490/490/226 5232/5534/256 5231/5533/256 487/487/256
f 5234/5536/224 5233/5535/226 5232/5534/256 490/490/226
f 5233/5535/226 5215/5517/256 5216/5518/256 5232/5534/256
f 5046/5348/169 5215/5517/256 5233/5535/226 5235/5537/4114
f 5236/5538/4114 5235/5537/4114 5233/5535/226 5234/5536/224
f 5237/5539/224 5218/5520/226 310/310/226 311/311/224
f 494/494/224 492/492/224 5218/5520/226 5237/5539/224
f 493/493/290 494/494/224 5237/5539/224 5238/5540/290
f 5238/5540/290 5237/5539/224 311/311/224 312/312/225
f 5229/5531/4113 5239/5541/4115 5226/5528/4112 5223/5525/4077
f 5226/5528/4112 5239/5541/4115 5220/5522/4108 5208/5510/4106
f 5239/5541/4115 5240/5542/4094 5222/5524/4110 5220/5522/4108
f 5230/5532/4070 5240/5542/4094 5239/5541/4115 5229/5531/4113
f 5241/5543/4116 5221/5523/4109 5222/5524/4110 5242/5544/4117
f 4869/5171/4013 4870/5172/4014 5221/5523/4109 5241/5543/4116
f 4864/5166/4010 4869/5171/4013 5241/5543/4116 5243/5545/4118
f 5243/5545/4118 5241/5543/4116 5242/5544/4117 5244/5546/234
f 5245/5547/225 5238/5540/290 312/312/225 4866/5168/225
f 499/499/290 493/493/290 5238/5540/290 5245/5547/225
f 502/502/291 499/499/290 5245/5547/225 5246/5548/4007
f 5246/5548/4007 5245/5547/225 4866/5168/225 4858/5160/4007
f 5250/5552/250 5249/5551/4121 5248/5550/4120 5247/5549/4119
f 5249/5551/4121 5240/5542/4094 5230/5532/4070 5248/5550/4120
f 5242/5544/4117 5222/5524/4110 5240/5542/4094 5249/5551/4121
f 5244/5546/234 5242/5544/4117 5249/5551/4121 5250/5552/250
f 5252/5554/240 5251/5553/4059 5228/5530/4059 5046/5348/169
f 5248/5550/4120 5230/5532/4070 5228/5530/4059 5251/5553/4059
f 5253/5555/4122 5247/5549/4119 5248/5550/4120 5251/5553/4059
f 5254/5556/4123 5253/5555/4122 5251/5553/4059 5252/5554/240
f 5256/5558/4125 5255/5557/4124 5243/5545/4118 5244/5546/234
f 5255/5557/4124 4863/5165/4009 4864/5166/4010 5243/5545/4118
f 5257/5559/4126 4856/5158/4005 4863/5165/4009 5255/5557/4124
f 5258/5560/4127 5257/5559/4126 5255/5557/4124 5256/5558/4125
f 5253/5555/4122 5259/5561/4128 5250/5552/250 5247/5549/4119
f 5250/5552/250 5259/5561/4128 5256/5558/4125 5244/5546/234
f 5259/5561/4128 5260/5562/257 5258/5560/4127 5256/5558/4125
f 5254/5556/4123 5260/5562/257 5259/5561/4128 5253/5555/4122
f 5262/5564/4130 5261/5563/4129 5257/5559/4126 5258/5560/4127
f 5261/5563/4129 4855/5157/4004 4856/5158/4005 5257/5559/4126
f 511/511/299 512/512/300 4855/5157/4004 5261/5563/4129
f 510/510/298 511/511/299 5261/5563/4129 5262/5564/4130
f 5263/5565/290 496/496/290 493/493/290 497/497/290
f 5263/5565/290 5234/5536/224 490/490/226 496/496/290
f 5264/5566/4114 5236/5538/4114 5234/5536/224 5263/5565/290
f 500/500/292 5264/5566/4114 5263/5565/290 497/497/290
f 5265/5567/4007 5246/5548/4007 4858/5160/4007 4859/5161/4008
f 504/504/293 502/502/291 5246/5548/4007 5265/5567/4007
f 503/503/291 504/504/293 5265/5567/4007 5266/5568/4131
f 5266/5568/4131 5265/5567/4007 4859/5161/4008 4850/5152/4000
f 5268/5570/292 5267/5569/292 5264/5566/4114 500/500/292
f 5267/5569/292 5235/5537/4114 5236/5538/4114 5264/5566/4114
f 5046/5348/169 5235/5537/4114 5267/5569/292 5269/5571/292
f 5270/5572/292 5269/5571/292 5267/5569/292 5268/5570/292
f 5271/5573/4131 5266/5568/4131 4850/5152/4000 4851/5153/314
f 515/515/293 503/503/291 5266/5568/4131 5271/5573/4131
f 518/518/301 515/515/293 5271/5573/4131 5272/5574/314
f 5272/5574/314 5271/5573/4131 4851/5153/314 4844/5146/3994
f 5276/5578/4133 5275/5577/4132 5274/5576/308 5273/5575/4121
f 5275/5577/4132 5260/5562/257 5254/5556/4123 5274/5576/308
f 5262/5564/4130 5258/5560/4127 5260/5562/257 5275/5577/4132
f 510/510/298 5262/5564/4130 5275/5577/4132 5276/5578/4133
f 5278/5580/3955 5277/5579/285 5252/5554/240 5046/5348/169
f 5274/5576/308 5254/5556/4123 5252/5554/240 5277/5579/285
f 5279/5581/4134 5273/5575/4121 5274/5576/308 5277/5579/285
f 529/529/309 5279/5581/4134 5277/5579/285 5278/5580/3955
f 5280/5582/291 506/506/291 503/503/291 513/513/291
f 5268/5570/292 500/500/292 506/506/291 5280/5582/291
f 5270/5572/292 5268/5570/292 5280/5582/291 5281/5583/4114
f 516/516/291 5281/5583/4114 5280/5582/291 513/513/291
f 5283/5585/291 5282/5584/4114 5281/5583/4114 516/516/291
f 5282/5584/4114 5269/5571/292 5270/5572/292 5281/5583/4114
f 5284/5586/4114 5046/5348/169 5269/5571/292 5282/5584/4114
f 5285/5587/292 5284/5586/4114 5282/5584/4114 5283/5585/291
f 4844/5146/3994 4845/5147/3995 5286/5588/315 5272/5574/314
f 5286/5588/315 520/520/302 518/518/301 5272/5574/314
f 5286/5588/315 5287/5589/3995 519/519/302 520/520/302
f 4840/5142/3991 5287/5589/3995 5286/5588/315 4845/5147/3995
f 523/523/303 5290/5592/4137 5289/5591/4136 5288/5590/4135
f 5288/5590/4135 5289/5591/4136 507/507/295 510/510/298
f 5289/5591/4136 4839/5141/3990 304/304/221 507/507/295
f 5290/5592/4137 4832/5134/3984 4839/5141/3990 5289/5591/4136
f 5279/5581/4134 5291/5593/254 5276/5578/4133 5273/5575/4121
f 5291/5593/254 5288/5590/4135 510/510/298 5276/5578/4133
f 526/526/306 523/523/303 5288/5590/4135 5291/5593/254
f 529/529/309 526/526/306 5291/5593/254 5279/5581/4134
f 4841/5143/3992 5292/5594/3995 5287/5589/3995 4840/5142/3991
f 5292/5594/3995 540/540/314 519/519/302 5287/5589/3995
f 5293/5595/3991 543/543/315 540/540/314 5292/5594/3995
f 4834/5136/3986 5293/5595/3991 5292/5594/3995 4841/5143/3992
f 5295/5597/282 5294/5596/342 5278/5580/3955 5046/5348/169
f 528/528/308 529/529/309 5278/5580/3955 5294/5596/342
f 5296/5598/279 527/527/307 528/528/308 5294/5596/342
f 5297/5599/282 5296/5598/279 5294/5596/342 5295/5597/282
f 532/532/311 5299/5601/4139 5298/5600/4138 530/530/310
f 530/530/310 5298/5600/4138 5290/5592/4137 523/523/303
f 5298/5600/4138 4831/5133/3983 4832/5134/3984 5290/5592/4137
f 5299/5601/4139 4824/5126/3976 4831/5133/3983 5298/5600/4138
f 534/534/305 5301/5603/4141 5300/5602/4140 537/537/313
f 537/537/313 5300/5602/4140 5299/5601/4139 532/532/311
f 5300/5602/4140 4823/5125/3975 4824/5126/3976 5299/5601/4139
f 5301/5603/4141 4816/5118/3968 4823/5125/3975 5300/5602/4140
f 538/538/293 5302/5604/291 522/522/293 519/519/302
f 5283/5585/291 516/516/291 522/522/293 5302/5604/291
f 5303/5605/291 5285/5587/292 5283/5585/291 5302/5604/291
f 541/541/293 5303/5605/291 5302/5604/291 538/538/293
f 4835/5137/3987 5304/5606/4142 5293/5595/3991 4834/5136/3986
f 5293/5595/3991 5304/5606/4142 545/545/317 543/543/315
f 5304/5606/4142 5305/5607/4143 544/544/316 545/545/317
f 4826/5128/3978 5305/5607/4143 5304/5606/4142 4835/5137/3987
f 5307/5609/291 5306/5608/292 5303/5605/291 541/541/293
f 5306/5608/292 5284/5586/4114 5285/5587/292 5303/5605/291
f 5308/5610/290 5046/5348/169 5284/5586/4114 5306/5608/292
f 5308/5610/290 5306/5608/292 5307/5609/291 5309/5611/290
f 4827/5129/3979 5310/5612/4144 5305/5607/4143 4826/5128/3978
f 5310/5612/4144 556/556/325 544/544/316 5305/5607/4143
f 5311/5613/4145 559/559/328 556/556/325 5310/5612/4144
f 4818/5120/3970 5311/5613/4145 5310/5612/4144 4827/5129/3979
f 5313/5615/3956 5312/5614/288 5296/5598/279 5297/5599/282
f 5312/5614/288 535/535/312 527/527/307 5296/5598/279
f 550/550/320 534/534/305 535/535/312 5312/5614/288
f 550/550/320 5312/5614/288 5313/5615/3956 553/553/323
f 551/551/321 563/563/332 5314/5616/4146 548/548/318
f 548/548/318 5314/5616/4146 5301/5603/4141 534/534/305
f 5314/5616/4146 4815/5117/3967 4816/5118/3968 5301/5603/4141
f 563/563/332 560/560/329 4815/5117/3967 5314/5616/4146
f 5316/5618/342 5315/5617/282 5295/5597/282 5046/5348/169
f 5313/5615/3956 5297/5599/282 5295/5597/282 5315/5617/282
f 553/553/323 5313/5615/3956 5315/5617/282 5317/5619/342
f 5318/5620/342 5317/5619/342 5315/5617/282 5316/5618/342
f 554/554/324 5319/5621/4007 547/547/293 544/544/316
f 5307/5609/291 541/541/293 547/547/293 5319/5621/4007
f 5320/5622/4147 5309/5611/290 5307/5609/291 5319/5621/4007
f 557/557/326 5320/5622/4147 5319/5621/4007 554/554/324
f 594/594/290 5321/5623/224 5320/5622/4147 557/557/326
f 5321/5623/224 5308/5610/290 5309/5611/290 5320/5622/4147
f 5322/5624/4148 5046/5348/169 5308/5610/290 5321/5623/224
f 5322/5624/4148 5321/5623/224 594/594/290 595/595/344
f 4819/5121/3971 5323/5625/4149 5311/5613/4145 4818/5120/3970
f 5311/5613/4145 5323/5625/4149 573/573/338 559/559/328
f 5324/5626/4150 572/572/337 573/573/338 5323/5625/4149
f 4810/5112/3962 5324/5626/4150 5323/5625/4149 4819/5121/3971
f 5326/5628/3955 5325/5627/281 5317/5619/342 5318/5620/342
f 5325/5627/281 566/566/335 553/553/323 5317/5619/342
f 578/578/282 564/564/333 566/566/335 5325/5627/281
f 578/578/282 5325/5627/281 5326/5628/3955 581/581/281
f 4811/5113/3963 5327/5629/4151 5324/5626/4150 4810/5112/3962
f 5327/5629/4151 5328/5630/349 572/572/337 5324/5626/4150
f 5329/5631/4152 600/600/349 5328/5630/349 5327/5629/4151
f 4804/5106/3957 5329/5631/4152 5327/5629/4151 4811/5113/3963
f 5331/5633/169 5330/5632/211 5316/5618/342 5046/5348/169
f 5326/5628/3955 5318/5620/342 5316/5618/342 5330/5632/211
f 5332/5634/169 581/581/281 5326/5628/3955 5330/5632/211
f 608/608/169 5332/5634/169 5330/5632/211 5331/5633/169
f 579/579/289 585/585/281 5333/5635/282 576/576/340
f 576/576/340 5333/5635/282 569/569/333 564/564/333
f 5333/5635/282 4802/5104/281 568/568/336 569/569/333
f 585/585/281 582/582/285 4802/5104/281 5333/5635/282
f 5334/5636/169 580/580/342 581/581/281 5332/5634/169
f 5334/5636/169 587/587/211 579/579/289 580/580/342
f 605/605/169 586/586/169 587/587/211 5334/5636/169
f 605/605/169 5334/5636/169 5332/5634/169 608/608/169
f 4805/5107/3958 5335/5637/4153 5329/5631/4152 4804/5106/3957
f 5335/5637/4153 597/597/346 600/600/349 5329/5631/4152
f 5336/5638/4154 596/596/345 597/597/346 5335/5637/4153
f 4797/5099/3952 5336/5638/4154 5335/5637/4153 4805/5107/3958
f 593/593/343 572/572/337 5328/5630/349 5337/5639/347
f 5338/5640/348 595/595/344 593/593/343 5337/5639/347
f 602/602/348 5338/5640/348 5337/5639/347 601/601/347
f 5337/5639/347 5328/5630/349 600/600/349 601/601/347
f 615/615/352 5339/5641/352 5338/5640/348 602/602/348
f 5339/5641/352 5322/5624/4148 595/595/344 5338/5640/348
f 5340/5642/4155 5046/5348/169 5322/5624/4148 5339/5641/352
f 5340/5642/4155 5339/5641/352 615/615/352 616/616/353
f 4798/5100/3948 5341/5643/4156 5336/5638/4154 4797/5099/3952
f 5341/5643/4156 5342/5644/4157 596/596/345 5336/5638/4154
f 5343/5645/3942 631/631/357 5342/5644/4157 5341/5643/4156
f 4791/5093/3948 5343/5645/3942 5341/5643/4156 4798/5100/3948
f 611/611/169 620/620/169 5344/5646/169 609/609/169
f 609/609/169 5344/5646/169 589/589/169 586/586/169
f 5344/5646/169 4789/5091/169 588/588/169 589/589/169
f 620/620/169 617/617/169 4789/5091/169 5344/5646/169
f 5346/5648/169 5345/5647/169 5331/5633/169 5046/5348/169
f 607/607/169 608/608/169 5331/5633/169 5345/5647/169
f 5347/5649/169 606/606/169 607/607/169 5345/5647/169
f 639/639/169 5347/5649/169 5345/5647/169 5346/5648/169
f 650/650/360 5349/5651/359 5348/5650/213 633/633/213
f 5349/5651/359 5340/5642/4155 616/616/353 5348/5650/213
f 5350/5652/360 5046/5348/169 5340/5642/4155 5349/5651/359
f 5350/5652/360 5349/5651/359 650/650/360 651/651/214
f 614/614/351 596/596/345 5342/5644/4157 5351/5653/358
f 5348/5650/213 616/616/353 614/614/351 5351/5653/358
f 633/633/213 5348/5650/213 5351/5653/358 632/632/358
f 5351/5653/358 5342/5644/4157 631/631/357 632/632/358
f 4792/5094/3949 5352/5654/4158 5343/5645/3942 4791/5093/3948
f 5352/5654/4158 628/628/355 631/631/357 5343/5645/3942
f 5353/5655/4159 627/627/354 628/628/355 5352/5654/4158
f 4784/5086/3944 5353/5655/4159 5352/5654/4158 4792/5094/3949
f 5354/5656/169 612/612/169 606/606/169 5347/5649/169
f 622/622/169 611/611/169 612/612/169 5354/5656/169
f 621/621/169 622/622/169 5354/5656/169 636/636/169
f 636/636/169 5354/5656/169 5347/5649/169 639/639/169
f 4785/5087/3945 5355/5657/4160 5353/5655/4159 4784/5086/3944
f 5355/5657/4160 5356/5658/354 627/627/354 5353/5655/4159
f 653/653/362 656/656/363 5356/5658/354 5355/5657/4160
f 652/652/361 653/653/362 5355/5657/4160 4785/5087/3945
f 5357/5659/169 5346/5648/169 5046/5348/169 5358/5660/169
f 638/638/169 639/639/169 5346/5648/169 5357/5659/169
f 637/637/169 638/638/169 5357/5659/169 5359/5661/169
f 5360/5662/169 5359/5661/169 5357/5659/169 5358/5660/169
f 5361/5663/169 640/640/169 642/642/169 5362/5664/169
f 624/624/169 621/621/169 640/640/169 5361/5663/169
f 4778/5080/169 623/623/169 624/624/169 5361/5663/169
f 4772/5074/169 4778/5080/169 5361/5663/169 5362/5664/169
f 5364/5666/169 5363/5665/169 647/647/169 644/644/169
f 5363/5665/169 5362/5664/169 642/642/169 647/647/169
f 4771/5073/169 4772/5074/169 5362/5664/169 5363/5665/169
f 4768/5070/169 4771/5073/169 5363/5665/169 5364/5666/169
f 5356/5658/354 5365/5667/4161 649/649/214 627/627/354
f 651/651/214 649/649/214 5365/5667/4161 5366/5668/214
f 5366/5668/214 5365/5667/4161 5368/5670/214 5367/5669/360
f 656/656/363 5368/5670/214 5365/5667/4161 5356/5658/354
f 5370/5672/360 5369/5671/360 5366/5668/214 5367/5669/360
f 5369/5671/360 5350/5652/360 651/651/214 5366/5668/214
f 5371/5673/217 5046/5348/169 5350/5652/360 5369/5671/360
f 5371/5673/217 5369/5671/360 5370/5672/360 5372/5674/217
f 4774/5076/3940 5373/5675/359 657/657/363 658/658/364
f 657/657/363 5373/5675/359 5374/5676/359 656/656/363
f 5376/5678/217 5375/5677/217 5374/5676/359 5373/5675/359
f 299/299/216 5376/5678/217 5373/5675/359 4774/5076/3940
f 5375/5677/217 5378/5680/217 5377/5679/359 5374/5676/359
f 5374/5676/359 5377/5679/359 5368/5670/214 656/656/363
f 5370/5672/360 5367/5669/360 5368/5670/214 5377/5679/359
f 5372/5674/217 5370/5672/360 5377/5679/359 5378/5680/217
f 5379/5681/169 5359/5661/169 5360/5662/169 5380/5682/169
f 5379/5681/169 645/645/169 637/637/169 5359/5661/169
f 644/644/169 645/645/169 5379/5681/169 661/661/169
f 661/661/169 5379/5681/169 5380/5682/169 664/664/169
f 5381/5683/169 659/659/169 662/662/169 5382/5684/169
f 5364/5666/169 644/644/169 659/659/169 5381/5683/169
f 4767/5069/169 4768/5070/169 5364/5666/169 5381/5683/169
f 294/294/169 4767/5069/169 5381/5683/169 5382/5684/169
f 5383/5685/169 5358/5660/169 5046/5348/169 5384/5686/169
f 5380/5682/169 5360/5662/169 5358/5660/169 5383/5685/169
f 664/664/169 5380/5682/169 5383/5685/169 5385/5687/169
f 5386/5688/169 5385/5687/169 5383/5685/169 5384/5686/169
f 5389/5691/3939 5388/5690/4155 5387/5689/3939 5390/5692/3938
f 5371/5673/217 5372/5674/217 5388/5690/4155 5389/5691/3939
f 5391/5693/4162 5046/5348/169 5371/5673/217 5389/5691/3939
f 5391/5693/4162 5389/5691/3939 5390/5692/3938 5392/5694/4162
f 5394/5696/3939 5393/5695/4155 5378/5680/217 5375/5677/217
f 5393/5695/4155 5388/5690/4155 5372/5674/217 5378/5680/217
f 5395/5697/3938 5387/5689/3939 5388/5690/4155 5393/5695/4155
f 5396/5698/3938 5395/5697/3938 5393/5695/4155 5394/5696/3939
f 4765/5067/3939 5397/5699/3939 5376/5678/217 299/299/216
f 5397/5699/3939 5394/5696/3939 5375/5677/217 5376/5678/217
f 5398/5700/3938 5396/5698/3938 5394/5696/3939 5397/5699/3939
f 4761/5063/3937 5398/5700/3938 5397/5699/3939 4765/5067/3939
f 665/665/169 5400/5702/169 5399/5701/169 668/668/169
f 668/668/169 5399/5701/169 5382/5684/169 662/662/169
f 5399/5701/169 293/293/169 294/294/169 5382/5684/169
f 5399/5701/169 5400/5702/169 292/292/169 293/293/169
f 5402/5704/169 5401/5703/169 5385/5687/169 5386/5688/169
f 5401/5703/169 666/666/169 664/664/169 5385/5687/169
f 671/671/169 665/665/169 666/666/169 5401/5703/169
f 674/674/169 671/671/169 5401/5703/169 5402/5704/169
f 4759/5061/3936 5403/5705/3936 5398/5700/3938 4761/5063/3937
f 5403/5705/3936 5404/5706/4162 5396/5698/3938 5398/5700/3938
f 5406/5708/3936 5405/5707/3936 5404/5706/4162 5403/5705/3936
f 4754/5056/3935 5406/5708/3936 5403/5705/3936 4759/5061/3936
f 5405/5707/3936 5408/5710/3936 5407/5709/4162 5404/5706/4162
f 5404/5706/4162 5407/5709/4162 5395/5697/3938 5396/5698/3938
f 5390/5692/3938 5387/5689/3939 5395/5697/3938 5407/5709/4162
f 5392/5694/4162 5390/5692/3938 5407/5709/4162 5408/5710/3936
f 5410/5712/169 5409/5711/169 5384/5686/169 5046/5348/169
f 5402/5704/169 5386/5688/169 5384/5686/169 5409/5711/169
f 5411/5713/169 674/674/169 5402/5704/169 5409/5711/169
f 5412/5714/169 5411/5713/169 5409/5711/169 5410/5712/169
f 672/672/169 678/678/169 5413/5715/169 669/669/169
f 669/669/169 5413/5715/169 5400/5702/169 665/665/169
f 5413/5715/169 4763/5065/169 292/292/169 5400/5702/169
f 678/678/169 675/675/169 4763/5065/169 5413/5715/169
f 683/683/169 5414/5716/169 676/676/169 679/679/169
f 5414/5716/169 4756/5058/169 675/675/169 676/676/169
f 5415/5717/169 4749/5051/169 4756/5058/169 5414/5716/169
f 686/686/169 5415/5717/169 5414/5716/169 683/683/169
f 4752/5054/3935 5416/5718/3935 5406/5708/3936 4754/5056/3935
f 5416/5718/3935 5417/5719/3935 5405/5707/3936 5406/5708/3936
f 5419/5721/211 5418/5720/211 5417/5719/3935 5416/5718/3935
f 286/286/211 5419/5721/211 5416/5718/3935 4752/5054/3935
f 5417/5719/3935 5420/5722/3935 5408/5710/3936 5405/5707/3936
f 5420/5722/3935 5421/5723/3935 5392/5694/4162 5408/5710/3936
f 5423/5725/3935 5422/5724/3935 5421/5723/3935 5420/5722/3935
f 5418/5720/211 5423/5725/3935 5420/5722/3935 5417/5719/3935
f 5424/5726/3935 5421/5723/3935 5422/5724/3935 5425/5727/211
f 5391/5693/4162 5392/5694/4162 5421/5723/3935 5424/5726/3935
f 5426/5728/211 5046/5348/169 5391/5693/4162 5424/5726/3935
f 5427/5729/169 5426/5728/211 5424/5726/3935 5425/5727/211
f 286/286/211 287/287/169 5428/5730/169 5419/5721/211
f 5428/5730/169 5429/5731/169 5418/5720/211 5419/5721/211
f 689/689/169 692/692/169 5429/5731/169 5428/5730/169
f 287/287/169 288/288/169 689/689/169 5428/5730/169
f 5431/5733/169 5430/5732/169 5429/5731/169 692/692/169
f 5430/5732/169 5423/5725/3935 5418/5720/211 5429/5731/169
f 5425/5727/211 5422/5724/3935 5423/5725/3935 5430/5732/169
f 5427/5729/169 5425/5727/211 5430/5732/169 5431/5733/169
f 5433/5735/169 5432/5734/169 5411/5713/169 5412/5714/169
f 5432/5734/169 681/681/169 674/674/169 5411/5713/169
f 685/685/169 679/679/169 681/681/169 5432/5734/169
f 688/688/169 685/685/169 5432/5734/169 5433/5735/169
f 698/698/169 5434/5736/169 5415/5717/169 686/686/169
f 5434/5736/169 4748/5050/169 4749/5051/169 5415/5717/169
f 5435/5737/169 4743/5045/169 4748/5050/169 5434/5736/169
f 695/695/169 5435/5737/169 5434/5736/169 698/698/169
f 5437/5739/169 5436/5738/169 5410/5712/169 5046/5348/169
f 5433/5735/169 5412/5714/169 5410/5712/169 5436/5738/169
f 5438/5740/169 688/688/169 5433/5735/169 5436/5738/169
f 5439/5741/169 5438/5740/169 5436/5738/169 5437/5739/169
f 5442/5744/169 5441/5743/169 5440/5742/169 5443/5745/169
f 5426/5728/211 5427/5729/169 5441/5743/169 5442/5744/169
f 5444/5746/169 5046/5348/169 5426/5728/211 5442/5744/169
f 5445/5747/169 5444/5746/169 5442/5744/169 5443/5745/169
f 693/693/169 5446/5748/169 5431/5733/169 692/692/169
f 5446/5748/169 5441/5743/169 5427/5729/169 5431/5733/169
f 5447/5749/169 5440/5742/169 5441/5743/169 5446/5748/169
f 694/694/169 5447/5749/169 5446/5748/169 693/693/169
f 288/288/169 4745/5047/169 5448/5750/169 691/691/169
f 5448/5750/169 5449/5751/169 694/694/169 691/691/169
f 5451/5753/169 5450/5752/169 5449/5751/169 5448/5750/169
f 4745/5047/169 4737/5039/169 5451/5753/169 5448/5750/169
f 5453/5755/169 5452/5754/169 5438/5740/169 5439/5741/169
f 5452/5754/169 696/696/169 688/688/169 5438/5740/169
f 701/701/169 695/695/169 696/696/169 5452/5754/169
f 704/704/169 701/701/169 5452/5754/169 5453/5755/169
f 699/699/169 5454/5756/169 5435/5737/169 695/695/169
f 5454/5756/169 4742/5044/169 4743/5045/169 5435/5737/169
f 5455/5757/169 4735/5037/169 4742/5044/169 5454/5756/169
f 702/702/169 5455/5757/169 5454/5756/169 699/699/169
f 5450/5752/169 5457/5759/169 5456/5758/169 5449/5751/169
f 5449/5751/169 5456/5758/169 5447/5749/169 694/694/169
f 5456/5758/169 5443/5745/169 5440/5742/169 5447/5749/169
f 5457/5759/169 5445/5747/169 5443/5745/169 5456/5758/169
f 4738/5040/169 5458/5760/169 5451/5753/169 4737/5039/169
f 5458/5760/169 5459/5761/169 5450/5752/169 5451/5753/169
f 710/710/169 713/713/169 5459/5761/169 5458/5760/169
f 709/709/169 710/710/169 5458/5760/169 4738/5040/169
f 5461/5763/169 5460/5762/169 5437/5739/169 5046/5348/169
f 5460/5762/169 5453/5755/169 5439/5741/169 5437/5739/169
f 5462/5764/169 704/704/169 5453/5755/169 5460/5762/169
f 5463/5765/169 5462/5764/169 5460/5762/169 5461/5763/169
f 708/708/169 5464/5766/169 5455/5757/169 702/702/169
f 5464/5766/169 4734/5036/169 4735/5037/169 5455/5757/169
f 5465/5767/169 4729/5031/169 4734/5036/169 5464/5766/169
f 705/705/169 5465/5767/169 5464/5766/169 708/708/169
f 715/715/169 5466/5768/169 5465/5767/169 705/705/169
f 5466/5768/169 4728/5030/169 4729/5031/169 5465/5767/169
f 5467/5769/169 4725/5027/169 4728/5030/169 5466/5768/169
f 718/718/169 5467/5769/169 5466/5768/169 715/715/169
f 5459/5761/169 5468/5770/169 5457/5759/169 5450/5752/169
f 5468/5770/169 5469/5771/169 5445/5747/169 5457/5759/169
f 5471/5773/169 5470/5772/169 5469/5771/169 5468/5770/169
f 713/713/169 5471/5773/169 5468/5770/169 5459/5761/169
f 5470/5772/169 5473/5775/169 5472/5774/169 5469/5771/169
f 5469/5771/169 5472/5774/169 5444/5746/169 5445/5747/169
f 5472/5774/169 5474/5776/169 5046/5348/169 5444/5746/169
f 5473/5775/169 5475/5777/169 5474/5776/169 5472/5774/169
f 4722/5024/169 5476/5778/169 714/714/169 280/280/169
f 714/714/169 5476/5778/169 5477/5779/169 713/713/169
f 5476/5778/169 5479/5781/169 5478/5780/169 5477/5779/169
f 4722/5024/169 4716/5018/169 5479/5781/169 5476/5778/169
f 5477/5779/169 5478/5780/169 5481/5783/169 5480/5782/169
f 713/713/169 5477/5779/169 5480/5782/169 5471/5773/169
f 5471/5773/169 5480/5782/169 5473/5775/169 5470/5772/169
f 5480/5782/169 5481/5783/169 5475/5777/169 5473/5775/169
f 5483/5785/169 5482/5784/169 5462/5764/169 5463/5765/169
f 5482/5784/169 706/706/169 704/704/169 5462/5764/169
f 717/717/169 705/705/169 706/706/169 5482/5784/169
f 720/720/169 717/717/169 5482/5784/169 5483/5785/169
f 724/724/169 5484/5786/169 5467/5769/169 718/718/169
f 5484/5786/169 4724/5026/169 4725/5027/169 5467/5769/169
f 5485/5787/169 4719/5021/169 4724/5026/169 5484/5786/169
f 721/721/169 5485/5787/169 5484/5786/169 724/724/169
f 5487/5789/169 5486/5788/169 5461/5763/169 5046/5348/169
f 5486/5788/169 5483/5785/169 5463/5765/169 5461/5763/169
f 5488/5790/169 720/720/169 5483/5785/169 5486/5788/169
f 5489/5791/169 5488/5790/169 5486/5788/169 5487/5789/169
f 5490/5792/169 5493/5795/169 5492/5794/169 5491/5793/169
f 5475/5777/169 5491/5793/169 5492/5794/169 5474/5776/169
f 5474/5776/169 5492/5794/169 5494/5796/169 5046/5348/169
f 5493/5795/169 5495/5797/169 5494/5796/169 5492/5794/169
f 5478/5780/169 5497/5799/169 5496/5798/169 5481/5783/169
f 5481/5783/169 5496/5798/169 5491/5793/169 5475/5777/169
f 5496/5798/169 5498/5800/169 5490/5792/169 5491/5793/169
f 5497/5799/169 5499/5801/169 5498/5800/169 5496/5798/169
f 4716/5018/169 4714/5016/169 5500/5802/169 5479/5781/169
f 5479/5781/169 5500/5802/169 5497/5799/169 5478/5780/169
f 5500/5802/169 5501/5803/169 5499/5801/169 5497/5799/169
f 4714/5016/169 4708/5010/169 5501/5803/169 5500/5802/169
f 5503/5805/169 5502/5804/169 5488/5790/169 5489/5791/169
f 5502/5804/169 722/722/169 720/720/169 5488/5790/169
f 727/727/169 721/721/169 722/722/169 5502/5804/169
f 730/730/169 727/727/169 5502/5804/169 5503/5805/169
f 725/725/169 5504/5806/169 5485/5787/169 721/721/169
f 5504/5806/169 4718/5020/169 4719/5021/169 5485/5787/169
f 5505/5807/169 4711/5013/169 4718/5020/169 5504/5806/169
f 728/728/169 5505/5807/169 5504/5806/169 725/725/169
f 4708/5010/169 4706/5008/169 5506/5808/169 5501/5803/169
f 5501/5803/169 5506/5808/169 5507/5809/169 5499/5801/169
f 5506/5808/169 5509/5811/169 5508/5810/169 5507/5809/169
f 4706/5008/169 4700/5002/169 5509/5811/169 5506/5808/169
f 5507/5809/169 5508/5810/169 5511/5813/169 5510/5812/169
f 5499/5801/169 5507/5809/169 5510/5812/169 5498/5800/169
f 5498/5800/169 5510/5812/169 5493/5795/169 5490/5792/169
f 5510/5812/169 5511/5813/169 5495/5797/169 5493/5795/169
f 5513/5815/169 5512/5814/169 5487/5789/169 5046/5348/169
f 5512/5814/169 5503/5805/169 5489/5791/169 5487/5789/169
f 5514/5816/169 730/730/169 5503/5805/169 5512/5814/169
f 5515/5817/169 5514/5816/169 5512/5814/169 5513/5815/169
f 5516/5818/169 5505/5807/169 728/728/169 734/734/169
f 4710/5012/169 4711/5013/169 5505/5807/169 5516/5818/169
f 4703/5005/169 4710/5012/169 5516/5818/169 5517/5819/169
f 5517/5819/169 5516/5818/169 734/734/169 731/731/169
f 742/742/169 5518/5820/169 5517/5819/169 731/731/169
f 5518/5820/169 4702/5004/169 4703/5005/169 5517/5819/169
f 5519/5821/169 4695/4997/169 4702/5004/169 5518/5820/169
f 745/745/169 5519/5821/169 5518/5820/169 742/742/169
f 4700/5002/169 4698/5000/169 5520/5822/169 5509/5811/169
f 5509/5811/169 5520/5822/169 5521/5823/169 5508/5810/169
f 5522/5824/169 739/739/169 5521/5823/169 5520/5822/169
f 4698/5000/169 4692/4994/169 5522/5824/169 5520/5822/169
f 5508/5810/169 5521/5823/169 5523/5825/169 5511/5813/169
f 5511/5813/169 5523/5825/169 5524/5826/169 5495/5797/169
f 5523/5825/169 740/740/169 741/741/169 5524/5826/169
f 5521/5823/169 739/739/169 740/740/169 5523/5825/169
f 5524/5826/169 741/741/169 750/750/169 5525/5827/169
f 5495/5797/169 5524/5826/169 5525/5827/169 5494/5796/169
f 5494/5796/169 5525/5827/169 5526/5828/169 5046/5348/169
f 5525/5827/169 750/750/169 751/751/169 5526/5828/169
f 4692/4994/169 4690/4992/169 5527/5829/169 5522/5824/169
f 5522/5824/169 5527/5829/169 736/736/169 739/739/169
f 5527/5829/169 5528/5830/169 735/735/169 736/736/169
f 4690/4992/169 4684/4986/169 5528/5830/169 5527/5829/169
f 5530/5832/169 5529/5831/169 5514/5816/169 5515/5817/169
f 5529/5831/169 732/732/169 730/730/169 5514/5816/169
f 744/744/169 731/731/169 732/732/169 5529/5831/169
f 747/747/169 744/744/169 5529/5831/169 5530/5832/169
f 5531/5833/169 5519/5821/169 745/745/169 755/755/169
f 4694/4996/169 4695/4997/169 5519/5821/169 5531/5833/169
f 4687/4989/169 4694/4996/169 5531/5833/169 5532/5834/169
f 5532/5834/169 5531/5833/169 755/755/169 752/752/169
f 5534/5836/169 5533/5835/169 5513/5815/169 5046/5348/169
f 5533/5835/169 5530/5832/169 5515/5817/169 5513/5815/169
f 5535/5837/169 747/747/169 5530/5832/169 5533/5835/169
f 5536/5838/169 5535/5837/169 5533/5835/169 5534/5836/169
f 5537/5839/169 762/762/169 5539/5841/169 5538/5840/169
f 751/751/169 5537/5839/169 5538/5840/169 5526/5828/169
f 5526/5828/169 5538/5840/169 5540/5842/169 5046/5348/169
f 5538/5840/169 5539/5841/169 5541/5843/169 5540/5842/169
f 735/735/169 5543/5845/169 5542/5844/169 749/749/169
f 749/749/169 5542/5844/169 5537/5839/169 751/751/169
f 5542/5844/169 761/761/169 762/762/169 5537/5839/169
f 5543/5845/169 760/760/169 761/761/169 5542/5844/169
f 4684/4986/169 4682/4984/169 5544/5846/169 5528/5830/169
f 5528/5830/169 5544/5846/169 5543/5845/169 735/735/169
f 5544/5846/169 5545/5847/169 760/760/169 5543/5845/169
f 4682/4984/169 4676/4978/169 5545/5847/169 5544/5846/169
f 5547/5849/169 5546/5848/169 5535/5837/169 5536/5838/169
f 5546/5848/169 753/753/169 747/747/169 5535/5837/169
f 765/765/169 752/752/169 753/753/169 5546/5848/169
f 768/768/169 765/765/169 5546/5848/169 5547/5849/169
f 5548/5850/169 5532/5834/169 752/752/169 763/763/169
f 4686/4988/169 4687/4989/169 5532/5834/169 5548/5850/169
f 4679/4981/169 4686/4988/169 5548/5850/169 5549/5851/169
f 5549/5851/169 5548/5850/169 763/763/169 766/766/169
f 4676/4978/169 4674/4976/169 5550/5852/169 5545/5847/169
f 5545/5847/169 5550/5852/169 757/757/169 760/760/169
f 5550/5852/169 5551/5853/169 756/756/169 757/757/169
f 4674/4976/169 4660/4962/169 5551/5853/169 5550/5852/169
f 5553/5855/169 5552/5854/169 5534/5836/169 5046/5348/169
f 5552/5854/169 5547/5849/169 5536/5838/169 5534/5836/169
f 5554/5856/169 768/768/169 5547/5849/169 5552/5854/169
f 5555/5857/169 5554/5856/169 5552/5854/169 5553/5855/169
f 5556/5858/169 5549/5851/169 766/766/169 772/772/169
f 4678/4980/169 4679/4981/169 5549/5851/169 5556/5858/169
f 4669/4971/169 4678/4980/169 5556/5858/169 5557/5859/169
f 5557/5859/169 5556/5858/169 772/772/169 769/769/169
f 783/783/169 5558/5860/169 5557/5859/169 769/769/169
f 5558/5860/169 4672/4974/169 4669/4971/169 5557/5859/169
f 5559/5861/169 4665/4967/169 4672/4974/169 5558/5860/169
f 786/786/169 5559/5861/169 5558/5860/169 783/783/169
f 759/759/169 756/756/169 773/773/169 5560/5862/169
f 762/762/169 759/759/169 5560/5862/169 5539/5841/169
f 5539/5841/169 5560/5862/169 5561/5863/169 5541/5843/169
f 5560/5862/169 773/773/169 776/776/169 5561/5863/169
f 4660/4962/169 4658/4960/169 5562/5864/169 5551/5853/169
f 5551/5853/169 5562/5864/169 775/775/169 756/756/169
f 5562/5864/169 5563/5865/169 778/778/169 775/775/169
f 4658/4960/169 4655/4957/169 5563/5865/169 5562/5864/169
f 5561/5863/169 776/776/169 5565/5867/169 5564/5866/169
f 5541/5843/169 5561/5863/169 5564/5866/169 5540/5842/169
f 5540/5842/169 5564/5866/169 5566/5868/169 5046/5348/169
f 5564/5866/169 5565/5867/169 5567/5869/169 5566/5868/169
f 4655/4957/169 4664/4966/169 5568/5870/169 5563/5865/169
f 5563/5865/169 5568/5870/169 780/780/169 778/778/169
f 5568/5870/169 5569/5871/169 779/779/169 780/780/169
f 4664/4966/169 4661/4963/169 5569/5871/169 5568/5870/169
f 5570/5872/169 5559/5861/169 786/786/169 791/791/169
f 4668/4970/169 4665/4967/169 5559/5861/169 5570/5872/169
f 4661/4963/169 4668/4970/169 5570/5872/169 5569/5871/169
f 5569/5871/169 5570/5872/169 791/791/169 779/779/169
f 5572/5874/169 5571/5873/169 5554/5856/169 5555/5857/169
f 5571/5873/169 770/770/169 768/768/169 5554/5856/169
f 785/785/169 769/769/169 770/770/169 5571/5873/169
f 788/788/169 785/785/169 5571/5873/169 5572/5874/169
f 5566/5868/169 5573/5875/169 5553/5855/169 5046/5348/169
f 5573/5875/169 5572/5874/169 5555/5857/169 5553/5855/169
f 5574/5876/169 788/788/169 5572/5874/169 5573/5875/169
f 5567/5869/169 5574/5876/169 5573/5875/169 5566/5868/169
f 782/782/169 779/779/169 789/789/169 5575/5877/169
f 776/776/169 782/782/169 5575/5877/169 5565/5867/169
f 5565/5867/169 5575/5877/169 5574/5876/169 5567/5869/169
f 5575/5877/169 789/789/169 788/788/169 5574/5876/169

